Date,Year,Month,Temp_High,Temp_Low,DewPt_High,DewPt_Low,Humidity,Pressure,Precip.,Max Wind
1/1/2014,2014,1,28,14,17,13,72,1000.51,0.0,6.0
1/10/2014,2014,1,31,22,20,16,63,999.76,0.0,9.0
1/11/2014,2014,1,31,18,18,16,72,1001.05,0.0,6.0
1/12/2014,2014,1,31,17,18,15,70,1001.32,0.0,7.0
1/13/2014,2014,1,29,17,17,14,69,1000.62,0.0,9.0
1/14/2014,2014,1,28,17,16,13,67,1001.84,0.0,9.0
1/15/2014,2014,1,28,15,16,13,71,1002.67,0.0,4.0
1/16/2014,2014,1,27,14,14,9,62,1003.22,0.0,11.0
1/17/2014,2014,1,28,12,14,11,67,1003.1,0.0,9.0
1/18/2014,2014,1,27,13,14,12,68,1005.13,0.0,9.0
1/19/2014,2014,1,26,14,13,10,67,1005.97,0.0,7.0
1/2/2014,2014,1,30,16,19,14,71,998.94,0.0,9.0
1/20/2014,2014,1,27,12,13,9,67,1004.5,0.0,11.0
1/21/2014,2014,1,26,14,13,10,65,1005.13,0.0,9.0
1/22/2014,2014,1,25,12,13,8,67,1005.12,0.0,9.0
1/23/2014,2014,1,27,10,11,4,62,1003.47,0.0,13.0
1/24/2014,2014,1,28,9,12,7,63,1000.32,0.0,6.0
1/25/2014,2014,1,30,11,14,9,65,998.13,0.0,6.0
1/26/2014,2014,1,31,13,14,11,64,999.48,0.0,9.0
1/27/2014,2014,1,31,14,16,12,67,1000.07,0.0,17.0
1/28/2014,2014,1,32,15,17,12,66,999.29,0.0,13.0
1/29/2014,2014,1,32,15,17,13,66,999.65,0.0,9.0
1/3/2014,2014,1,32,17,20,16,73,997.99,0.0,7.0
1/30/2014,2014,1,32,16,18,14,66,1000.02,0.0,7.0
1/31/2014,2014,1,32,16,17,10,62,999.34,0.0,9.0
1/4/2014,2014,1,32,17,21,16,75,997.5,0.0,4.0
1/5/2014,2014,1,30,19,19,16,73,996.87,0.0,7.0
1/6/2014,2014,1,32,18,20,16,72,996.48,0.0,9.0
1/7/2014,2014,1,34,17,18,14,64,996.55,0.0,7.0
1/8/2014,2014,1,34,17,21,15,68,997.77,0.0,7.0
1/9/2014,2014,1,32,17,20,16,70,997.75,0.0,6.0
2/1/2014,2014,2,33,17,17,13,63,997.59,0.0,9.0
2/10/2014,2014,2,34,18,17,12,52,993.49,0.0,11.0
2/11/2014,2014,2,34,18,19,15,59,993.19,0.0,7.0
2/12/2014,2014,2,33,18,19,16,61,994.07,0.0,9.0
2/13/2014,2014,2,34,19,19,16,60,996.42,0.0,11.0
2/14/2014,2014,2,34,20,19,15,58,996.79,0.0,11.0
2/15/2014,2014,2,34,20,20,17,61,996.28,0.0,9.0
2/16/2014,2014,2,35,22,21,18,63,996.38,0.0,13.0
2/17/2014,2014,2,34,23,21,17,58,997.37,0.0,13.0
2/18/2014,2014,2,34,24,19,15,53,997.21,0.0,19.0
2/19/2014,2014,2,34,25,18,13,47,995.93,0.0,15.0
2/2/2014,2014,2,36,18,18,16,60,994.65,0.0,7.0
2/20/2014,2014,2,29,24,17,14,53,999.07,0.0,13.0
2/21/2014,2014,2,31,20,18,16,61,1000.56,0.0,9.0
2/22/2014,2014,2,34,20,20,18,64,999.08,0.0,6.0
2/23/2014,2014,2,36,20,19,15,56,998.18,0.0,11.0
2/24/2014,2014,2,36,21,19,15,54,997.83,0.0,9.0
2/25/2014,2014,2,37,23,18,16,47,997.59,0.0,9.0
2/26/2014,2014,2,37,21,19,13,48,996.41,0.0,7.0
2/27/2014,2014,2,37,23,17,12,45,996.74,0.0,9.0
2/28/2014,2014,2,37,22,19,16,51,996.24,0.0,13.0
2/3/2014,2014,2,36,21,19,10,52,992.45,0.0,11.0
2/4/2014,2014,2,34,19,17,4,49,991.82,0.0,17.0
2/5/2014,2014,2,34,17,15,8,50,992.36,0.0,13.0
2/6/2014,2014,2,34,16,16,6,49,992.8,0.0,15.0
2/7/2014,2014,2,34,16,12,10,46,992.88,0.0,15.0
2/8/2014,2014,2,33,18,14,10,45,992.48,0.0,19.0
2/9/2014,2014,2,34,18,15,11,42,992.73,0.0,9.0
3/1/2014,2014,3,37,24,19,17,51,995.67,0.0,9.0
3/10/2014,2014,3,36,22,18,14,44,996.39,0.0,6.0
3/11/2014,2014,3,37,23,19,15,46,997.21,0.0,13.0
3/12/2014,2014,3,38,24,20,14,44,995.84,0.0,11.0
3/13/2014,2014,3,38,24,19,12,40,995.32,0.0,15.0
3/14/2014,2014,3,38,23,21,16,48,996.16,0.0,6.0
3/15/2014,2014,3,37,24,22,17,53,997.1,0.0,9.0
3/16/2014,2014,3,37,24,22,18,53,998.07,0.0,6.0
3/17/2014,2014,3,37,26,21,17,54,997.52,0.0,9.0
3/18/2014,2014,3,38,25,21,18,51,996.81,0.0,9.0
3/19/2014,2014,3,39,28,19,12,37,994.47,0.0,19.0
3/2/2014,2014,3,37,24,18,16,43,994.67,0.0,15.0
3/20/2014,2014,3,39,28,16,8,31,994.27,0.0,15.0
3/21/2014,2014,3,38,23,20,12,44,993.23,0.0,15.0
3/22/2014,2014,3,31,23,22,19,70,995.16,0.0,15.0
3/23/2014,2014,3,32,23,22,21,73,998.12,0.0,9.0
3/24/2014,2014,3,36,23,21,18,61,997.26,0.0,11.0
3/25/2014,2014,3,35,23,21,18,58,996.21,0.0,13.0
3/26/2014,2014,3,38,23,21,9,51,994.65,0.0,9.0
3/27/2014,2014,3,40,25,17,13,38,993.48,0.0,7.0
3/28/2014,2014,3,39,26,19,11,34,993.3,0.0,17.0
3/29/2014,2014,3,40,28,22,12,37,993.01,0.0,11.0
3/3/2014,2014,3,37,26,18,14,41,994.9,0.0,9.0
3/30/2014,2014,3,39,27,20,16,44,992.8,0.0,6.0
3/31/2014,2014,3,39,27,15,10,29,992.44,0.0,19.0
3/4/2014,2014,3,37,24,14,11,31,996.35,0.0,17.0
3/5/2014,2014,3,36,22,12,5,32,996.36,0.0,19.0
3/6/2014,2014,3,36,20,12,4,32,995.49,0.0,26.0
3/7/2014,2014,3,37,18,18,11,44,996.49,0.0,9.0
3/8/2014,2014,3,36,22,17,6,38,996.87,0.0,15.0
3/9/2014,2014,3,36,23,16,7,36,996.42,0.0,19.0
4/1/2014,2014,4,40,28,18,9,32,991.74,0.0,15.0
4/10/2014,2014,4,38,28,22,18,51,994.33,0.0,15.0
4/11/2014,2014,4,38,28,21,18,49,993.79,0.0,19.0
4/12/2014,2014,4,37,27,22,18,52,993.94,0.0,15.0
4/13/2014,2014,4,37,25,22,19,62,995.06,0.0,7.0
4/14/2014,2014,4,37,24,23,20,63,995.7,22.0,9.0
4/15/2014,2014,4,35,24,23,21,70,995.89,0.0,9.0
4/16/2014,2014,4,36,24,24,19,65,994.11,0.0,6.0
4/17/2014,2014,4,38,27,24,20,59,993.3,0.0,9.0
4/18/2014,2014,4,37,27,24,21,61,994.09,0.0,19.0
4/19/2014,2014,4,38,27,23,21,60,993.09,0.0,6.0
4/2/2014,2014,4,40,28,23,13,47,991.69,0.0,9.0
4/20/2014,2014,4,38,29,23,22,57,992.69,0.0,9.0
4/21/2014,2014,4,38,29,24,22,59,993.74,0.0,11.0
4/22/2014,2014,4,39,29,23,20,51,994.61,0.0,15.0
4/23/2014,2014,4,38,29,23,20,51,993.56,0.0,19.0
4/24/2014,2014,4,38,30,23,20,51,992.18,0.0,15.0
4/25/2014,2014,4,39,29,22,19,51,993.14,0.0,13.0
4/26/2014,2014,4,39,28,25,22,63,993.19,0.0,13.0
4/27/2014,2014,4,37,27,24,21,64,993.88,0.0,11.0
4/28/2014,2014,4,37,28,23,20,51,994.29,0.0,11.0
4/29/2014,2014,4,36,26,24,21,63,994.45,0.0,11.0
4/3/2014,2014,4,39,27,23,18,56,992.98,0.0,17.0
4/30/2014,2014,4,38,25,23,17,57,993.77,0.0,15.0
4/4/2014,2014,4,34,24,23,16,68,995.72,2.0,6.0
4/5/2014,2014,4,36,23,21,19,72,996.53,0.0,7.0
4/6/2014,2014,4,37,22,22,18,63,996.36,0.0,11.0
4/7/2014,2014,4,37,28,19,15,41,995.76,0.0,19.0
4/8/2014,2014,4,37,28,21,17,48,994.99,0.0,15.0
4/9/2014,2014,4,39,28,22,18,50,994.59,0.0,17.0
5/1/2014,2014,5,37,25,23,19,65,993.56,0.0,19.0
5/10/2014,2014,5,37,28,22,19,55,992.99,0.0,15.0
5/11/2014,2014,5,37,29,22,20,54,993.53,0.0,19.0
5/12/2014,2014,5,38,29,23,21,53,992.93,0.0,15.0
5/13/2014,2014,5,37,29,22,21,55,992.35,0.0,24.0
5/14/2014,2014,5,38,28,21,18,49,991.25,0.0,19.0
5/15/2014,2014,5,37,29,22,19,51,990.22,0.0,28.0
5/16/2014,2014,5,37,29,22,19,50,990.99,0.0,15.0
5/17/2014,2014,5,38,29,23,18,49,991.93,0.0,17.0
5/18/2014,2014,5,37,24,23,21,61,993.09,0.0,17.0
5/19/2014,2014,5,34,25,25,22,76,994.65,0.0,9.0
5/2/2014,2014,5,36,26,24,20,68,994.59,0.0,11.0
5/20/2014,2014,5,36,28,22,21,56,993.26,0.0,15.0
5/21/2014,2014,5,35,28,21,19,54,992.21,0.0,19.0
5/22/2014,2014,5,36,27,22,21,59,991.0,0.0,13.0
5/23/2014,2014,5,35,28,24,19,57,992.24,0.1,13.0
5/24/2014,2014,5,38,29,22,20,51,993.55,0.0,19.0
5/25/2014,2014,5,38,28,23,21,51,994.31,0.0,13.0
5/26/2014,2014,5,36,27,23,20,56,995.1,0.0,15.0
5/27/2014,2014,5,37,29,23,20,57,993.75,0.0,20.0
5/28/2014,2014,5,35,27,24,22,70,994.09,0.0,17.0
5/29/2014,2014,5,36,27,24,20,64,992.91,0.0,24.0
5/3/2014,2014,5,34,25,24,22,73,995.36,0.0,9.0
5/30/2014,2014,5,36,27,23,22,63,991.21,0.0,17.0
5/31/2014,2014,5,36,29,24,21,58,991.08,0.0,15.0
5/4/2014,2014,5,36,25,24,19,70,994.79,0.0,9.0
5/5/2014,2014,5,36,27,24,21,66,994.44,0.0,6.0
5/6/2014,2014,5,35,26,23,22,65,995.89,0.0,9.0
5/7/2014,2014,5,35,25,23,22,69,996.37,0.0,9.0
5/8/2014,2014,5,37,25,23,18,59,994.25,0.0,22.0
5/9/2014,2014,5,36,27,23,19,55,993.4,0.0,15.0
6/1/2014,2014,6,34,27,24,22,70,992.71,0.0,13.0
6/10/2014,2014,6,32,27,25,22,75,989.71,0.0,9.0
6/11/2014,2014,6,32,26,24,22,76,988.55,0.0,13.0
6/12/2014,2014,6,32,26,25,22,80,986.56,0.0,7.0
6/13/2014,2014,6,29,26,25,24,85,986.49,0.0,6.0
6/14/2014,2014,6,30,25,25,23,83,989.05,0.0,9.0
6/15/2014,2014,6,29,26,26,23,88,990.31,9.6,4.0
6/16/2014,2014,6,31,26,25,23,82,988.93,0.0,6.0
6/17/2014,2014,6,32,26,26,23,83,989.4,0.0,4.0
6/18/2014,2014,6,31,26,26,22,79,990.38,0.0,13.0
6/19/2014,2014,6,33,26,24,22,69,991.45,0.0,9.0
6/2/2014,2014,6,36,27,24,21,62,992.15,0.0,15.0
6/20/2014,2014,6,32,27,25,22,74,991.95,0.0,13.0
6/21/2014,2014,6,32,26,24,22,71,993.35,0.0,15.0
6/22/2014,2014,6,31,27,24,22,68,993.1,0.0,19.0
6/23/2014,2014,6,33,27,23,21,65,990.99,0.0,17.0
6/24/2014,2014,6,32,26,24,21,71,989.23,0.0,13.0
6/25/2014,2014,6,30,26,25,23,81,991.0,0.0,7.0
6/26/2014,2014,6,31,26,26,22,79,994.13,0.0,9.0
6/27/2014,2014,6,33,27,24,22,66,994.56,0.0,20.0
6/28/2014,2014,6,32,28,22,21,62,992.6,0.0,22.0
6/29/2014,2014,6,34,27,22,20,60,990.83,0.0,19.0
6/3/2014,2014,6,37,29,22,19,52,989.98,0.0,22.0
6/30/2014,2014,6,30,28,22,21,65,991.85,0.0,15.0
6/4/2014,2014,6,38,29,22,21,53,988.81,0.0,17.0
6/5/2014,2014,6,36,29,23,21,57,988.66,0.0,22.0
6/6/2014,2014,6,37,26,24,21,68,988.93,0.0,19.0
6/7/2014,2014,6,32,26,25,22,84,989.55,14.0,6.0
6/8/2014,2014,6,31,26,25,24,84,989.85,0.0,11.0
6/9/2014,2014,6,31,26,25,23,81,989.93,9.0,9.0
7/1/2014,2014,7,31,26,23,21,67,993.88,0.0,13.0
7/10/2014,2014,7,32,26,23,22,69,989.96,0.0,15.0
7/11/2014,2014,7,32,26,24,22,75,990.76,0.0,11.0
7/12/2014,2014,7,34,26,24,23,70,989.94,0.0,9.0
7/13/2014,2014,7,34,26,25,23,80,990.49,0.0,4.0
7/14/2014,2014,7,30,25,25,23,84,992.15,1.0,9.0
7/15/2014,2014,7,31,24,24,23,82,993.36,0.0,11.0
7/16/2014,2014,7,32,24,24,21,78,993.45,0.8,13.0
7/17/2014,2014,7,33,27,22,21,65,990.68,0.0,15.0
7/18/2014,2014,7,29,26,23,22,74,990.03,0.0,19.0
7/19/2014,2014,7,29,25,24,20,74,990.81,0.0,20.0
7/2/2014,2014,7,33,27,22,21,62,993.19,0.0,17.0
7/20/2014,2014,7,29,24,24,20,82,992.69,0.0,15.0
7/21/2014,2014,7,27,24,24,22,87,992.95,0.0,9.0
7/22/2014,2014,7,30,24,23,21,74,992.26,0.0,15.0
7/23/2014,2014,7,29,27,22,21,68,991.49,0.0,15.0
7/24/2014,2014,7,33,26,24,21,66,990.83,0.0,22.0
7/25/2014,2014,7,33,25,24,21,74,991.53,0.0,9.0
7/26/2014,2014,7,30,25,26,23,86,993.19,0.4,6.0
7/27/2014,2014,7,32,24,24,22,83,994.01,0.0,6.0
7/28/2014,2014,7,28,24,24,22,82,993.24,2.0,11.0
7/29/2014,2014,7,32,27,22,21,67,991.91,0.0,24.0
7/3/2014,2014,7,33,27,22,20,62,991.26,0.0,22.0
7/30/2014,2014,7,32,27,23,21,67,992.25,0.0,15.0
7/31/2014,2014,7,32,27,23,21,66,992.23,0.0,22.0
7/4/2014,2014,7,35,27,22,21,59,990.01,0.0,15.0
7/5/2014,2014,7,35,28,22,21,58,990.58,0.0,15.0
7/6/2014,2014,7,34,28,23,21,61,991.4,0.0,22.0
7/7/2014,2014,7,32,28,22,22,63,990.28,0.0,20.0
7/8/2014,2014,7,33,28,22,21,60,988.1,0.0,19.0
7/9/2014,2014,7,32,27,22,19,62,988.33,0.0,24.0
8/1/2014,2014,8,33,27,22,21,64,990.93,0.0,15.0
8/10/2014,2014,8,31,25,24,21,75,994.54,0.0,9.0
8/11/2014,2014,8,31,27,22,21,66,993.51,0.0,19.0
8/12/2014,2014,8,31,26,22,21,68,992.21,0.0,20.0
8/14/2014,2014,8,32,27,22,21,66,993.91,0.0,13.0
8/15/2014,2014,8,33,26,24,21,71,995.01,0.0,11.0
8/16/2014,2014,8,28,24,24,21,79,995.53,0.0,13.0
8/17/2014,2014,8,35,24,23,21,68,993.79,0.0,15.0
8/18/2014,2014,8,34,27,22,21,61,994.46,0.0,15.0
8/19/2014,2014,8,33,28,23,22,64,994.61,0.0,17.0
8/2/2014,2014,8,30,27,22,20,68,991.01,0.0,19.0
8/20/2014,2014,8,32,26,22,21,65,993.95,0.0,15.0
8/21/2014,2014,8,31,24,23,22,80,994.39,0.0,7.0
8/22/2014,2014,8,31,24,24,23,80,995.75,0.0,9.0
8/23/2014,2014,8,35,26,24,22,72,995.23,0.0,6.0
8/24/2014,2014,8,34,28,23,22,64,994.03,0.0,19.0
8/25/2014,2014,8,34,28,26,22,66,993.66,8.0,22.0
8/26/2014,2014,8,33,26,24,22,77,993.01,0.0,15.0
8/27/2014,2014,8,32,24,24,22,82,992.4,0.0,6.0
8/28/2014,2014,8,31,24,25,21,81,992.91,30.0,13.0
8/29/2014,2014,8,32,25,24,20,77,992.45,0.0,15.0
8/3/2014,2014,8,30,25,24,21,77,991.46,2.0,9.0
8/30/2014,2014,8,31,24,24,22,79,994.48,0.0,9.0
8/31/2014,2014,8,32,24,24,22,80,993.59,0.7,7.0
8/4/2014,2014,8,30,26,23,22,73,990.78,0.0,15.0
8/5/2014,2014,8,30,24,23,21,73,991.11,0.0,15.0
8/6/2014,2014,8,31,26,23,19,67,990.74,0.0,15.0
8/7/2014,2014,8,31,25,24,21,77,991.36,0.0,9.0
8/8/2014,2014,8,32,25,25,23,82,992.5,0.0,7.0
8/9/2014,2014,8,31,25,24,21,75,994.19,0.0,19.0
9/1/2014,2014,9,34,26,23,21,65,992.52,0.0,17.0
9/10/2014,2014,9,34,26,24,21,66,992.59,0.0,13.0
9/11/2014,2014,9,34,27,25,21,70,993.84,0.0,13.0
9/12/2014,2014,9,33,26,23,22,66,993.2,0.0,19.0
9/13/2014,2014,9,34,27,22,21,62,992.1,0.0,17.0
9/14/2014,2014,9,34,27,23,21,62,991.72,0.0,17.0
9/15/2014,2014,9,34,27,23,21,64,990.44,0.0,15.0
9/16/2014,2014,9,33,27,22,21,63,988.09,0.0,22.0
9/17/2014,2014,9,32,27,22,21,65,988.31,0.0,19.0
9/18/2014,2014,9,28,25,24,21,78,994.38,0.2,15.0
9/19/2014,2014,9,33,25,24,21,68,995.9,0.0,13.0
9/2/2014,2014,9,31,25,24,21,77,992.75,0.4,15.0
9/20/2014,2014,9,34,27,22,21,61,993.96,0.0,15.0
9/21/2014,2014,9,34,27,23,21,63,994.46,1.0,20.0
9/22/2014,2014,9,32,27,22,20,64,994.99,0.0,17.0
9/23/2014,2014,9,33,27,22,21,62,993.69,0.0,24.0
9/24/2014,2014,9,34,25,24,21,68,994.58,0.0,17.0
9/25/2014,2014,9,29,24,24,23,86,997.01,0.0,4.0
9/26/2014,2014,9,31,25,24,24,86,997.44,0.0,11.0
9/27/2014,2014,9,28,27,26,25,87,996.5,0.0,
9/28/2014,2014,9,34,27,24,23,71,995.05,0.0,13.0
9/29/2014,2014,9,34,24,27,23,83,995.54,1.0,6.0
9/3/2014,2014,9,28,24,24,23,91,994.41,0.2,
9/30/2014,2014,9,32,24,25,23,81,996.68,0.0,4.0
9/4/2014,2014,9,32,24,24,22,80,994.19,0.0,15.0
9/5/2014,2014,9,32,25,23,21,70,992.84,0.0,9.0
9/6/2014,2014,9,33,25,23,22,68,992.28,0.0,13.0
9/7/2014,2014,9,33,26,23,21,67,994.14,0.0,15.0
9/8/2014,2014,9,33,26,23,21,65,993.39,0.0,17.0
9/9/2014,2014,9,33,27,24,21,65,992.54,0.0,15.0
10/1/2014,2014,10,31,25,25,23,87,996.59,0.0,9.0
10/10/2014,2014,10,31,24,26,23,85,995.6,4.0,6.0
10/11/2014,2014,10,34,25,23,22,71,995.14,0.0,15.0
10/12/2014,2014,10,30,24,24,23,81,997.36,3.0,9.0
10/13/2014,2014,10,31,24,24,22,79,999.43,0.0,6.0
10/14/2014,2014,10,32,24,23,21,77,999.93,0.0,6.0
10/15/2014,2014,10,31,23,23,21,80,999.46,0.0,11.0
10/16/2014,2014,10,31,22,23,21,80,998.9,0.0,7.0
10/17/2014,2014,10,32,21,23,20,79,998.44,0.0,7.0
10/18/2014,2014,10,31,23,24,21,76,997.49,0.0,6.0
10/19/2014,2014,10,31,23,24,22,82,997.11,0.0,6.0
10/2/2014,2014,10,32,23,25,22,82,996.29,0.0,7.0
10/20/2014,2014,10,27,24,24,23,88,997.91,0.2,9.0
10/21/2014,2014,10,31,23,24,22,83,999.54,3.0,9.0
10/22/2014,2014,10,31,24,24,23,89,999.33,0.0,6.0
10/23/2014,2014,10,30,22,24,22,87,998.49,0.0,9.0
10/24/2014,2014,10,29,24,24,23,90,997.58,31.0,11.0
10/25/2014,2014,10,31,23,24,22,85,998.01,0.0,6.0
10/26/2014,2014,10,32,24,25,22,81,998.66,0.0,4.0
10/27/2014,2014,10,33,24,25,22,80,997.6,0.0,6.0
10/28/2014,2014,10,34,24,24,21,78,996.46,0.0,6.0
10/29/2014,2014,10,29,25,24,23,84,996.89,0.0,7.0
10/3/2014,2014,10,33,25,24,23,79,994.89,0.0,9.0
10/30/2014,2014,10,31,24,25,23,83,996.68,0.0,11.0
10/31/2014,2014,10,33,24,25,23,81,996.0,0.0,6.0
10/4/2014,2014,10,33,24,24,23,76,994.74,0.0,7.0
10/5/2014,2014,10,34,23,23,21,76,995.24,0.0,9.0
10/6/2014,2014,10,29,23,24,22,86,997.3,1.0,11.0
10/7/2014,2014,10,30,24,23,19,78,996.71,0.0,6.0
10/8/2014,2014,10,32,24,23,21,77,996.48,0.0,7.0
10/9/2014,2014,10,30,25,24,22,83,996.96,0.0,11.0
11/1/2014,2014,11,33,24,25,23,80,995.65,0.0,7.0
11/10/2014,2014,11,32,24,26,23,84,997.99,0.0,4.0
11/11/2014,2014,11,33,23,24,22,78,997.58,0.0,4.0
11/12/2014,2014,11,33,23,25,22,80,998.01,0.0,6.0
11/13/2014,2014,11,32,23,24,22,80,998.95,0.0,4.0
11/14/2014,2014,11,31,24,24,23,82,999.63,0.0,9.0
11/15/2014,2014,11,31,23,23,21,79,999.59,0.0,9.0
11/16/2014,2014,11,32,22,23,21,80,998.65,0.0,9.0
11/17/2014,2014,11,31,23,23,20,78,999.51,0.0,9.0
11/18/2014,2014,11,31,22,22,20,78,1000.79,0.0,6.0
11/19/2014,2014,11,30,22,22,18,75,1000.7,0.0,9.0
11/2/2014,2014,11,31,25,26,23,86,996.47,0.0,
11/20/2014,2014,11,29,20,21,19,78,999.6,0.0,7.0
11/21/2014,2014,11,30,19,21,18,78,998.3,0.0,4.0
11/22/2014,2014,11,31,19,22,18,79,998.08,0.0,4.0
11/23/2014,2014,11,31,19,22,18,77,998.26,0.0,9.0
11/24/2014,2014,11,31,18,22,18,78,998.05,0.0,7.0
11/25/2014,2014,11,32,18,20,17,76,996.79,0.0,9.0
11/26/2014,2014,11,33,19,22,18,74,995.19,0.0,9.0
11/27/2014,2014,11,33,21,23,19,75,995.91,0.0,4.0
11/28/2014,2014,11,34,22,23,20,74,996.16,0.0,9.0
11/29/2014,2014,11,34,21,23,19,72,995.73,0.0,6.0
11/3/2014,2014,11,32,25,24,22,79,997.61,0.0,9.0
11/30/2014,2014,11,32,21,19,17,67,995.08,0.0,11.0
11/4/2014,2014,11,30,22,23,21,80,998.18,0.0,4.0
11/5/2014,2014,11,27,24,24,23,92,998.69,2.6,6.0
11/6/2014,2014,11,28,24,24,23,91,997.72,3.4,6.0
11/7/2014,2014,11,31,24,25,23,85,997.6,0.0,6.0
11/8/2014,2014,11,31,24,25,23,82,998.03,0.0,6.0
11/9/2014,2014,11,31,24,24,23,85,998.8,4.0,6.0
12/1/2014,2014,12,32,19,19,16,68,996.29,0.0,9.0
12/10/2014,2014,12,31,20,21,19,75,999.44,0.0,9.0
12/11/2014,2014,12,32,19,21,18,75,999.56,0.0,7.0
12/12/2014,2014,12,31,18,20,18,75,1000.65,0.0,6.0
12/13/2014,2014,12,29,18,19,15,72,1003.15,0.0,9.0
12/14/2014,2014,12,30,18,19,17,72,1002.14,0.0,9.0
12/15/2014,2014,12,32,18,20,17,70,1000.24,0.0,6.0
12/16/2014,2014,12,29,18,19,16,73,1000.84,0.0,9.0
12/17/2014,2014,12,27,21,19,13,66,1002.54,0.0,9.0
12/18/2014,2014,12,28,18,17,13,65,1003.36,0.0,6.0
12/19/2014,2014,12,29,16,17,13,69,1003.3,0.0,6.0
12/2/2014,2014,12,32,20,21,16,64,996.71,0.0,15.0
12/20/2014,2014,12,29,17,17,14,68,1000.56,0.0,9.0
12/21/2014,2014,12,29,19,18,16,69,999.6,0.0,6.0
12/22/2014,2014,12,26,18,17,11,64,1001.39,0.0,13.0
12/23/2014,2014,12,27,13,15,11,67,1001.35,0.0,6.0
12/24/2014,2014,12,29,14,16,12,70,1001.55,0.0,9.0
12/25/2014,2014,12,30,16,20,13,67,1000.16,0.0,9.0
12/26/2014,2014,12,33,18,21,16,68,997.7,0.0,13.0
12/27/2014,2014,12,33,20,22,18,73,997.99,0.0,6.0
12/28/2014,2014,12,32,22,21,20,71,999.43,0.0,6.0
12/29/2014,2014,12,29,20,20,16,69,999.82,0.0,11.0
12/3/2014,2014,12,30,24,23,19,75,996.69,0.0,6.0
12/30/2014,2014,12,31,18,18,15,69,998.94,0.0,9.0
12/31/2014,2014,12,29,17,17,14,70,999.79,0.0,9.0
12/4/2014,2014,12,32,22,23,21,81,998.33,0.0,6.0
12/5/2014,2014,12,28,24,23,22,85,999.6,1.0,6.0
12/6/2014,2014,12,32,23,23,21,79,998.54,0.0,7.0
12/7/2014,2014,12,33,22,24,22,77,997.28,0.0,6.0
12/8/2014,2014,12,32,23,23,21,77,997.99,0.0,11.0
12/9/2014,2014,12,31,21,22,19,75,999.94,0.0,7.0
1/1/2015,2015,1,28,18,17,13,65,1002.2,0.0,9.0
1/10/2015,2015,1,21,19,20,18,94,1000.4,0.0,6.0
1/11/2015,2015,1,21,18,18,17,89,1001.53,1.0,9.0
1/12/2015,2015,1,27,19,18,13,76,1002.06,0.0,6.0
1/13/2015,2015,1,26,17,17,12,69,1002.75,0.0,9.0
1/14/2015,2015,1,27,15,15,11,67,1002.75,0.0,6.0
1/15/2015,2015,1,29,15,16,12,69,1002.43,0.0,11.0
1/16/2015,2015,1,30,15,18,13,69,1001.34,0.0,6.0
1/17/2015,2015,1,26,17,17,12,67,1001.85,0.0,9.0
1/18/2015,2015,1,28,15,16,12,69,1001.95,0.0,6.0
1/19/2015,2015,1,28,15,17,13,70,1002.13,0.0,9.0
1/2/2015,2015,1,28,14,15,9,65,1003.21,0.0,6.0
1/20/2015,2015,1,29,16,17,14,71,1002.14,0.0,9.0
1/21/2015,2015,1,31,16,18,14,71,1003.39,0.0,9.0
1/22/2015,2015,1,32,17,19,15,71,1002.56,0.0,7.0
1/23/2015,2015,1,32,17,18,14,67,999.56,0.0,6.0
1/24/2015,2015,1,32,17,16,14,62,999.44,0.0,6.0
1/25/2015,2015,1,32,17,17,12,64,1000.21,0.0,6.0
1/26/2015,2015,1,33,17,18,14,65,999.99,0.0,6.0
1/27/2015,2015,1,33,17,18,14,65,998.43,0.0,9.0
1/28/2015,2015,1,33,17,17,14,62,997.4,0.0,4.0
1/29/2015,2015,1,33,16,17,11,62,998.24,0.0,9.0
1/3/2015,2015,1,28,13,14,11,66,1001.99,0.0,7.0
1/30/2015,2015,1,34,16,18,13,64,998.94,0.0,6.0
1/31/2015,2015,1,31,21,21,18,69,999.69,0.0,6.0
1/4/2015,2015,1,32,14,16,13,65,998.14,0.0,4.0
1/5/2015,2015,1,33,17,18,13,61,996.08,0.0,11.0
1/6/2015,2015,1,34,20,19,17,62,995.79,0.0,7.0
1/7/2015,2015,1,34,19,20,18,68,996.48,0.0,7.0
1/8/2015,2015,1,25,22,22,19,81,999.3,0.8,6.0
1/9/2015,2015,1,24,21,21,18,88,1000.14,0.0,9.0
2/1/2015,2015,2,31,20,19,14,65,1000.75,0.0,9.0
2/10/2015,2015,2,33,17,18,14,63,1000.38,0.0,6.0
2/11/2015,2015,2,32,19,18,16,59,997.79,0.0,7.0
2/12/2015,2015,2,32,22,18,14,57,996.94,0.0,9.0
2/13/2015,2015,2,34,24,17,8,46,995.59,0.0,17.0
2/14/2015,2015,2,32,20,16,6,40,996.14,0.0,15.0
2/15/2015,2015,2,33,16,17,9,49,996.91,0.0,6.0
2/16/2015,2015,2,34,18,15,10,53,997.58,0.0,9.0
2/17/2015,2015,2,33,18,19,12,54,996.45,0.0,7.0
2/18/2015,2015,2,33,20,19,15,58,997.16,0.0,6.0
2/19/2015,2015,2,35,19,19,14,56,997.7,0.0,9.0
2/2/2015,2015,2,31,17,18,15,66,1002.64,0.0,9.0
2/20/2015,2015,2,33,22,21,18,66,997.69,0.0,9.0
2/21/2015,2015,2,35,20,20,17,64,996.5,0.0,6.0
2/22/2015,2015,2,34,20,20,16,61,997.26,0.0,15.0
2/23/2015,2015,2,34,22,19,16,58,997.4,0.0,9.0
2/24/2015,2015,2,35,21,18,13,53,996.2,0.0,13.0
2/25/2015,2015,2,37,21,17,14,48,995.01,0.0,9.0
2/26/2015,2015,2,37,22,18,13,43,994.93,0.0,9.0
2/27/2015,2015,2,36,21,17,13,47,995.49,0.0,11.0
2/28/2015,2015,2,38,21,18,14,46,996.15,0.0,4.0
2/3/2015,2015,2,33,18,18,15,66,1003.16,0.0,9.0
2/4/2015,2015,2,33,18,18,14,65,1001.22,0.0,6.0
2/5/2015,2015,2,32,17,17,13,63,1000.65,0.0,11.0
2/6/2015,2015,2,31,17,17,14,63,1000.96,0.0,11.0
2/7/2015,2015,2,32,17,18,14,66,999.95,0.0,7.0
2/8/2015,2015,2,31,18,17,14,65,1000.29,0.0,9.0
2/9/2015,2015,2,31,17,17,14,64,1001.26,0.0,11.0
3/1/2015,2015,3,37,22,22,16,54,996.83,0.0,6.0
3/10/2015,2015,3,37,24,22,15,46,997.04,0.0,9.0
3/11/2015,2015,3,38,28,20,16,43,997.6,0.0,9.0
3/12/2015,2015,3,38,26,20,16,46,997.22,0.0,9.0
3/13/2015,2015,3,38,26,17,11,35,996.59,0.0,15.0
3/14/2015,2015,3,37,28,16,8,29,998.1,0.0,20.0
3/15/2015,2015,3,39,23,16,3,30,997.7,0.0,15.0
3/16/2015,2015,3,38,24,18,14,41,996.94,0.0,6.0
3/17/2015,2015,3,37,24,19,16,48,996.16,0.0,6.0
3/19/2015,2015,3,40,25,21,17,47,994.2,0.0,6.0
3/2/2015,2015,3,37,23,23,17,59,995.96,0.0,4.0
3/20/2015,2015,3,40,25,22,17,53,994.31,0.0,7.0
3/21/2015,2015,3,39,23,24,21,61,995.34,0.0,9.0
3/22/2015,2015,3,36,19,23,16,67,996.8,0.0,9.0
3/23/2015,2015,3,34,26,24,20,67,995.94,0.0,13.0
3/24/2015,2015,3,32,23,22,21,74,999.0,0.0,9.0
3/25/2015,2015,3,28,22,22,20,78,1001.38,1.0,15.0
3/26/2015,2015,3,28,24,22,18,71,1002.45,0.0,15.0
3/27/2015,2015,3,34,22,21,18,64,1001.38,0.0,6.0
3/28/2015,2015,3,34,24,21,19,60,998.36,0.0,6.0
3/29/2015,2015,3,37,23,21,18,60,996.69,0.0,7.0
3/3/2015,2015,3,38,24,20,14,42,994.04,0.0,11.0
3/30/2015,2015,3,37,24,21,18,58,995.8,0.0,9.0
3/31/2015,2015,3,38,26,21,14,46,995.39,0.0,19.0
3/4/2015,2015,3,38,28,21,14,44,994.01,0.0,15.0
3/5/2015,2015,3,39,27,20,8,40,995.28,0.0,13.0
3/6/2015,2015,3,39,25,19,9,44,995.1,0.0,15.0
3/7/2015,2015,3,37,23,21,12,47,995.21,0.0,11.0
3/8/2015,2015,3,39,23,18,12,44,996.44,0.0,6.0
3/9/2015,2015,3,39,24,20,14,43,997.49,0.0,9.0
4/1/2015,2015,4,37,28,18,12,37,994.99,0.0,19.0
4/10/2015,2015,4,36,26,22,21,60,995.63,0.0,13.0
4/11/2015,2015,4,37,28,23,18,53,996.2,0.0,13.0
4/12/2015,2015,4,34,23,23,20,71,999.85,0.5,15.0
4/13/2015,2015,4,31,24,23,21,77,1000.94,0.0,6.0
4/14/2015,2015,4,34,24,23,14,62,998.44,0.0,11.0
4/15/2015,2015,4,36,19,19,14,59,997.44,0.0,4.0
4/16/2015,2015,4,38,23,22,18,56,996.53,0.0,6.0
4/17/2015,2015,4,38,28,21,16,46,993.99,0.0,15.0
4/18/2015,2015,4,38,29,21,16,44,993.34,0.0,19.0
4/19/2015,2015,4,38,28,21,16,43,993.79,0.0,15.0
4/2/2015,2015,4,37,28,18,13,38,992.9,0.0,19.0
4/20/2015,2015,4,38,28,22,17,46,993.66,0.0,19.0
4/21/2015,2015,4,38,29,22,17,47,992.94,0.0,20.0
4/22/2015,2015,4,38,27,22,16,51,993.95,0.0,19.0
4/23/2015,2015,4,34,24,22,20,67,998.06,0.0,9.0
4/24/2015,2015,4,34,26,22,20,63,997.65,0.0,6.0
4/25/2015,2015,4,34,24,22,20,65,997.79,0.0,9.0
4/26/2015,2015,4,31,26,24,21,78,997.81,0.0,6.0
4/27/2015,2015,4,35,25,24,21,69,996.86,0.0,9.0
4/28/2015,2015,4,36,24,26,21,69,995.5,0.0,11.0
4/29/2015,2015,4,37,26,22,19,57,995.01,0.0,11.0
4/3/2015,2015,4,38,27,20,14,44,991.21,0.0,19.0
4/30/2015,2015,4,38,29,21,18,48,994.85,0.0,15.0
4/4/2015,2015,4,39,27,22,16,46,990.64,0.0,15.0
4/5/2015,2015,4,40,28,22,17,46,992.03,0.0,17.0
4/6/2015,2015,4,39,28,21,18,46,992.96,0.0,15.0
4/7/2015,2015,4,41,27,20,6,42,992.96,0.0,11.0
4/8/2015,2015,4,35,28,24,19,57,995.28,0.0,9.0
4/9/2015,2015,4,37,26,22,21,65,996.05,0.0,9.0
5/1/2015,2015,5,38,28,21,16,47,993.66,0.0,19.0
5/10/2015,2015,5,40,27,23,20,56,992.26,0.0,11.0
5/11/2015,2015,5,41,28,22,18,48,992.69,0.0,13.0
5/12/2015,2015,5,39,30,23,21,52,992.88,0.0,15.0
5/13/2015,2015,5,39,30,22,21,53,993.25,0.0,15.0
5/14/2015,2015,5,39,27,24,21,61,994.51,0.0,13.0
5/15/2015,2015,5,38,28,24,22,58,995.11,0.0,11.0
5/16/2015,2015,5,38,29,24,22,60,993.52,0.0,13.0
5/17/2015,2015,5,36,28,22,21,56,992.54,0.0,19.0
5/18/2015,2015,5,35,28,25,21,60,993.2,0.0,22.0
5/19/2015,2015,5,36,26,26,22,70,993.34,4.0,15.0
5/2/2015,2015,5,39,29,21,16,43,993.04,0.0,19.0
5/20/2015,2015,5,33,26,24,22,73,993.15,0.0,17.0
5/21/2015,2015,5,34,26,24,22,75,992.68,0.6,11.0
5/22/2015,2015,5,34,27,24,22,70,992.4,0.0,28.0
5/23/2015,2015,5,32,26,24,22,71,992.61,0.0,20.0
5/24/2015,2015,5,35,27,23,22,63,992.11,0.0,15.0
5/25/2015,2015,5,37,28,23,22,60,991.63,0.0,15.0
5/26/2015,2015,5,37,29,22,21,54,992.75,0.0,22.0
5/27/2015,2015,5,37,29,23,21,55,992.76,0.0,20.0
5/28/2015,2015,5,37,29,22,21,56,992.02,0.0,19.0
5/29/2015,2015,5,38,28,22,21,56,991.93,0.0,13.0
5/3/2015,2015,5,38,29,22,18,46,993.37,0.0,15.0
5/30/2015,2015,5,38,29,24,22,60,992.95,0.6,17.0
5/31/2015,2015,5,36,28,22,22,57,992.94,0.0,19.0
5/4/2015,2015,5,40,30,22,19,45,993.46,0.0,15.0
5/5/2015,2015,5,38,30,22,19,46,992.2,0.0,17.0
5/6/2015,2015,5,38,28,23,19,50,992.15,0.0,15.0
5/7/2015,2015,5,39,29,23,19,46,992.38,0.0,15.0
5/8/2015,2015,5,39,30,23,18,48,991.5,0.0,17.0
5/9/2015,2015,5,39,30,22,19,45,990.82,0.0,15.0
6/1/2015,2015,6,37,29,22,21,57,992.2,0.0,26.0
6/10/2015,2015,6,35,26,22,21,60,992.75,0.0,22.0
6/11/2015,2015,6,38,28,26,21,58,992.69,2.0,17.0
6/12/2015,2015,6,38,28,23,22,56,992.55,0.0,15.0
6/13/2015,2015,6,38,29,23,22,56,992.55,0.0,17.0
6/14/2015,2015,6,37,29,24,22,59,991.62,0.0,17.0
6/15/2015,2015,6,36,26,26,22,71,991.9,17.0,22.0
6/16/2015,2015,6,34,26,25,24,76,991.81,0.0,9.0
6/17/2015,2015,6,35,26,24,22,70,990.53,0.0,15.0
6/18/2015,2015,6,32,27,24,22,70,990.78,0.2,11.0
6/19/2015,2015,6,36,28,27,21,64,991.56,0.0,24.0
6/2/2015,2015,6,38,29,22,21,56,992.4,0.0,22.0
6/20/2015,2015,6,35,28,22,21,60,992.3,0.0,22.0
6/21/2015,2015,6,34,28,23,21,63,992.48,0.0,19.0
6/22/2015,2015,6,30,28,22,21,66,992.0,0.0,24.0
6/23/2015,2015,6,32,28,23,22,66,991.16,0.0,19.0
6/24/2015,2015,6,30,27,23,22,68,991.15,0.0,22.0
6/25/2015,2015,6,28,26,23,21,75,991.3,3.2,17.0
6/26/2015,2015,6,30,24,24,22,81,991.44,0.0,22.0
6/27/2015,2015,6,32,25,25,22,82,993.78,0.0,19.0
6/28/2015,2015,6,33,24,24,22,78,996.58,0.0,9.0
6/29/2015,2015,6,33,27,22,21,63,996.73,0.0,19.0
6/3/2015,2015,6,37,27,24,21,64,993.49,0.0,15.0
6/30/2015,2015,6,32,26,22,21,65,995.69,0.0,24.0
6/4/2015,2015,6,37,27,23,22,64,993.54,0.0,13.0
6/5/2015,2015,6,38,29,23,21,56,992.8,0.0,19.0
6/6/2015,2015,6,38,29,23,21,54,992.16,0.0,19.0
6/7/2015,2015,6,37,29,23,22,56,992.26,0.0,22.0
6/8/2015,2015,6,36,29,22,20,55,992.73,0.0,20.0
6/9/2015,2015,6,37,27,22,21,58,992.92,0.0,28.0
7/1/2015,2015,7,34,27,24,21,62,994.56,0.0,19.0
7/10/2015,2015,7,33,28,22,20,60,990.7,0.0,19.0
7/11/2015,2015,7,35,28,22,21,58,990.2,0.0,19.0
7/12/2015,2015,7,35,28,23,21,58,988.6,0.0,22.0
7/13/2015,2015,7,35,29,23,22,59,987.96,0.0,19.0
7/14/2015,2015,7,34,28,23,22,64,988.28,0.0,24.0
7/15/2015,2015,7,33,28,24,22,69,988.8,6.0,15.0
7/16/2015,2015,7,31,27,24,22,72,989.33,0.0,22.0
7/17/2015,2015,7,32,25,25,23,83,990.76,2.4,4.0
7/18/2015,2015,7,33,26,25,22,78,991.25,0.4,9.0
7/19/2015,2015,7,31,26,23,22,72,990.86,0.0,13.0
7/2/2015,2015,7,34,28,23,22,63,993.34,0.0,17.0
7/20/2015,2015,7,32,27,24,22,70,990.81,0.0,9.0
7/21/2015,2015,7,32,25,24,24,85,993.49,0.8,9.0
7/22/2015,2015,7,30,25,24,21,79,996.43,0.4,20.0
7/23/2015,2015,7,31,26,22,21,72,996.96,0.0,17.0
7/24/2015,2015,7,29,25,23,21,74,996.34,0.0,11.0
7/25/2015,2015,7,30,24,24,21,76,994.46,0.8,17.0
7/26/2015,2015,7,28,24,24,21,86,994.65,1.8,
7/27/2015,2015,7,29,23,24,22,83,995.46,0.0,7.0
7/28/2015,2015,7,30,24,25,20,81,995.15,1.0,9.0
7/29/2015,2015,7,30,24,24,22,86,995.01,10.0,6.0
7/3/2015,2015,7,33,28,23,22,64,992.1,0.0,24.0
7/30/2015,2015,7,32,24,24,21,78,994.99,0.0,15.0
7/31/2015,2015,7,32,25,24,23,83,995.08,0.0,9.0
7/4/2015,2015,7,34,27,23,22,65,991.3,0.0,24.0
7/5/2015,2015,7,33,28,23,22,65,989.56,0.0,17.0
7/6/2015,2015,7,32,28,23,22,68,989.8,0.0,13.0
7/7/2015,2015,7,35,27,23,22,64,989.6,0.0,19.0
7/8/2015,2015,7,32,28,23,22,64,990.74,0.0,15.0
7/9/2015,2015,7,29,26,23,21,71,991.63,0.7,11.0
8/1/2015,2015,8,32,24,24,21,80,994.91,0.0,15.0
8/10/2015,2015,8,34,28,23,22,63,990.42,0.0,19.0
8/11/2015,2015,8,37,28,22,21,57,992.3,0.0,19.0
8/12/2015,2015,8,34,25,25,21,78,993.45,10.0,11.0
8/13/2015,2015,8,33,26,24,22,71,993.9,0.0,9.0
8/14/2015,2015,8,33,27,24,22,70,993.66,0.6,15.0
8/15/2015,2015,8,34,24,23,21,73,995.14,0.0,19.0
8/16/2015,2015,8,35,27,22,22,62,995.44,0.0,19.0
8/17/2015,2015,8,33,26,23,22,68,995.8,0.8,19.0
8/18/2015,2015,8,32,26,22,20,63,995.39,0.0,19.0
8/19/2015,2015,8,33,27,23,20,62,994.38,0.0,30.0
8/2/2015,2015,8,30,25,23,21,72,994.16,0.0,19.0
8/20/2015,2015,8,36,27,23,22,61,992.66,0.0,15.0
8/21/2015,2015,8,36,26,24,23,74,992.04,0.0,11.0
8/22/2015,2015,8,30,25,25,22,77,991.76,2.0,15.0
8/23/2015,2015,8,32,27,22,21,67,992.34,0.0,15.0
8/24/2015,2015,8,32,26,23,22,67,992.06,0.0,19.0
8/25/2015,2015,8,31,26,23,22,73,991.61,12.0,11.0
8/26/2015,2015,8,33,25,23,15,67,993.05,0.4,19.0
8/27/2015,2015,8,31,24,23,21,74,994.92,0.0,20.0
8/28/2015,2015,8,32,27,22,21,65,994.23,0.0,19.0
8/29/2015,2015,8,33,27,22,21,64,993.6,0.0,19.0
8/3/2015,2015,8,29,25,24,21,75,993.74,0.0,15.0
8/30/2015,2015,8,32,28,22,21,64,994.28,0.0,20.0
8/31/2015,2015,8,32,28,22,21,65,994.38,0.0,19.0
8/4/2015,2015,8,31,25,24,21,73,992.76,0.0,15.0
8/5/2015,2015,8,33,25,22,20,65,990.74,0.0,20.0
8/6/2015,2015,8,34,24,24,21,70,989.41,0.0,11.0
8/7/2015,2015,8,32,26,24,22,75,990.22,0.0,11.0
8/8/2015,2015,8,34,26,23,21,66,990.1,0.0,15.0
8/9/2015,2015,8,33,26,25,22,68,988.76,0.0,11.0
9/1/2015,2015,9,34,27,22,21,62,993.15,0.0,22.0
9/10/2015,2015,9,30,24,25,24,85,995.49,2.0,9.0
9/11/2015,2015,9,32,24,25,23,83,995.25,0.0,7.0
9/12/2015,2015,9,32,26,25,24,89,994.94,0.0,9.0
9/13/2015,2015,9,33,25,25,24,87,995.75,0.0,6.0
9/14/2015,2015,9,34,26,24,22,71,994.75,0.0,11.0
9/15/2015,2015,9,33,26,25,22,75,992.6,0.0,15.0
9/16/2015,2015,9,32,25,26,24,86,990.94,0.0,15.0
9/17/2015,2015,9,31,26,26,24,88,990.85,2.0,
9/18/2015,2015,9,29,24,26,23,92,994.6,3.0,7.0
9/19/2015,2015,9,32,25,25,23,83,998.13,0.0,9.0
9/2/2015,2015,9,31,27,22,21,63,993.79,0.0,22.0
9/20/2015,2015,9,34,24,24,22,72,996.33,0.0,11.0
9/21/2015,2015,9,34,27,23,22,64,994.18,0.0,19.0
9/22/2015,2015,9,34,28,24,22,64,993.21,0.0,19.0
9/23/2015,2015,9,32,28,24,22,67,993.33,0.0,19.0
9/24/2015,2015,9,33,27,23,22,68,992.84,0.0,19.0
9/25/2015,2015,9,33,27,23,21,65,991.89,0.0,15.0
9/26/2015,2015,9,35,27,23,20,60,991.99,0.0,15.0
9/27/2015,2015,9,36,26,24,22,65,992.63,0.0,9.0
9/28/2015,2015,9,35,26,25,22,71,993.22,0.0,6.0
9/29/2015,2015,9,35,26,26,23,73,994.05,0.0,9.0
9/3/2015,2015,9,33,27,22,21,64,995.12,0.4,15.0
9/30/2015,2015,9,36,26,26,24,75,995.71,0.0,7.0
9/4/2015,2015,9,33,26,25,22,78,996.39,3.0,15.0
9/5/2015,2015,9,31,27,24,22,73,996.43,0.0,13.0
9/6/2015,2015,9,33,25,24,22,76,996.4,0.0,11.0
9/7/2015,2015,9,31,25,23,22,72,995.7,0.0,15.0
9/8/2015,2015,9,32,26,22,21,67,994.38,0.0,22.0
9/9/2015,2015,9,35,27,24,21,64,993.28,0.0,15.0
10/1/2015,2015,10,30,26,26,23,84,997.74,0.0,9.0
10/10/2015,2015,10,29,25,25,22,85,995.84,0.0,9.0
10/11/2015,2015,10,27,22,24,21,91,998.28,0.2,15.0
10/12/2015,2015,10,24,21,22,21,93,1001.38,0.0,7.0
10/13/2015,2015,10,24,19,20,19,87,1002.19,0.0,9.0
10/14/2015,2015,10,31,22,23,19,76,1000.91,0.0,9.0
10/15/2015,2015,10,32,23,25,22,84,999.11,0.0,13.0
10/16/2015,2015,10,33,24,25,23,82,998.28,0.0,6.0
10/17/2015,2015,10,33,24,26,23,80,997.33,0.0,6.0
10/18/2015,2015,10,33,25,25,24,82,997.64,0.0,7.0
10/19/2015,2015,10,34,25,25,24,79,996.69,0.0,6.0
10/2/2015,2015,10,32,25,25,23,80,996.99,0.0,4.0
10/20/2015,2015,10,34,24,26,23,78,994.93,0.0,6.0
10/21/2015,2015,10,33,25,26,23,79,995.14,0.0,7.0
10/22/2015,2015,10,34,24,24,23,79,995.89,0.0,6.0
10/23/2015,2015,10,33,24,25,22,78,996.49,0.0,6.0
10/24/2015,2015,10,29,24,24,24,86,997.15,0.0,7.0
10/25/2015,2015,10,32,23,24,22,82,998.89,0.0,
10/26/2015,2015,10,32,23,23,21,79,998.93,0.0,
10/27/2015,2015,10,32,22,24,21,77,998.57,0.0,6.0
10/28/2015,2015,10,33,25,25,23,78,999.01,0.0,6.0
10/29/2015,2015,10,34,24,25,23,77,999.18,0.0,
10/3/2015,2015,10,27,24,24,23,92,996.54,0.0,9.0
10/30/2015,2015,10,32,24,25,23,81,998.94,0.0,7.0
10/31/2015,2015,10,32,24,25,23,82,999.5,0.0,
10/4/2015,2015,10,31,24,25,23,84,996.54,0.0,11.0
10/5/2015,2015,10,32,25,25,24,88,996.66,1.6,6.0
10/6/2015,2015,10,33,25,25,22,83,996.65,0.3,7.0
10/7/2015,2015,10,33,24,24,21,76,996.85,0.0,13.0
10/8/2015,2015,10,34,26,25,22,70,996.08,0.0,19.0
10/9/2015,2015,10,32,25,25,22,82,995.21,0.0,15.0
11/1/2015,2015,11,32,23,23,21,78,1000.44,0.0,6.0
11/10/2015,2015,11,31,24,25,23,86,997.33,0.0,4.0
11/11/2015,2015,11,32,24,25,22,82,997.39,0.0,7.0
11/12/2015,2015,11,33,23,25,23,82,997.61,0.0,6.0
11/13/2015,2015,11,33,24,25,23,79,997.71,0.0,6.0
11/14/2015,2015,11,34,24,25,23,78,996.46,0.0,7.0
11/15/2015,2015,11,34,24,25,23,78,996.15,0.0,6.0
11/16/2015,2015,11,34,24,26,23,76,995.85,0.0,6.0
11/17/2015,2015,11,34,23,24,22,75,996.33,0.0,4.0
11/18/2015,2015,11,33,23,25,22,79,997.81,0.0,4.0
11/19/2015,2015,11,32,24,24,22,80,998.55,0.0,4.0
11/2/2015,2015,11,31,23,23,22,80,1000.04,0.0,6.0
11/20/2015,2015,11,34,23,24,22,77,997.53,0.0,6.0
11/21/2015,2015,11,34,23,23,18,74,997.36,0.0,4.0
11/22/2015,2015,11,33,24,23,21,73,997.66,0.0,6.0
11/23/2015,2015,11,34,22,23,20,73,998.0,0.0,
11/24/2015,2015,11,33,21,23,19,71,997.55,0.0,9.0
11/25/2015,2015,11,33,22,23,21,75,997.45,0.0,7.0
11/26/2015,2015,11,32,23,23,21,75,997.64,0.0,11.0
11/27/2015,2015,11,31,22,22,18,73,998.86,0.0,9.0
11/28/2015,2015,11,32,21,21,19,73,1001.03,0.0,4.0
11/29/2015,2015,11,33,21,22,19,73,1001.45,0.0,6.0
11/3/2015,2015,11,32,23,23,22,77,999.63,0.0,7.0
11/30/2015,2015,11,33,22,26,18,72,1000.19,0.0,7.0
11/4/2015,2015,11,33,23,24,21,76,998.6,0.0,6.0
11/5/2015,2015,11,34,23,23,21,74,997.13,0.0,6.0
11/6/2015,2015,11,34,24,23,21,73,996.1,0.0,9.0
11/7/2015,2015,11,34,24,24,22,75,997.15,0.0,6.0
11/8/2015,2015,11,31,26,25,24,84,999.01,0.0,6.0
11/9/2015,2015,11,33,24,26,23,79,997.8,0.0,9.0
12/1/2015,2015,12,33,22,23,21,73,998.3,0.0,9.0
12/10/2015,2015,12,32,18,25,17,73,997.8,0.0,11.0
12/11/2015,2015,12,32,18,19,16,70,997.04,0.0,6.0
12/12/2015,2015,12,33,17,19,15,67,996.76,0.0,6.0
12/13/2015,2015,12,33,18,22,16,69,997.43,0.0,7.0
12/14/2015,2015,12,33,18,22,17,70,997.59,0.0,6.0
12/15/2015,2015,12,34,18,21,16,69,997.58,0.0,4.0
12/16/2015,2015,12,32,20,22,18,72,998.33,0.0,9.0
12/17/2015,2015,12,28,22,21,17,69,1000.2,0.0,9.0
12/18/2015,2015,12,28,20,17,14,61,1002.64,0.0,9.0
12/19/2015,2015,12,29,18,18,16,71,1003.6,0.0,9.0
12/2/2015,2015,12,34,23,23,21,72,998.13,0.0,7.0
12/20/2015,2015,12,30,17,19,16,72,1002.3,0.0,6.0
12/21/2015,2015,12,31,17,19,16,73,1001.14,0.0,6.0
12/22/2015,2015,12,31,18,19,17,71,1001.64,0.0,6.0
12/23/2015,2015,12,34,21,22,17,66,999.74,0.0,6.0
12/24/2015,2015,12,33,22,22,17,66,998.93,0.0,7.0
12/25/2015,2015,12,33,25,23,22,72,998.84,0.0,6.0
12/26/2015,2015,12,33,23,24,22,76,998.64,0.0,6.0
12/27/2015,2015,12,32,24,23,21,77,1001.21,0.0,9.0
12/28/2015,2015,12,32,22,22,21,75,1002.8,0.0,6.0
12/29/2015,2015,12,32,24,22,20,71,1001.8,0.0,9.0
12/3/2015,2015,12,32,23,24,22,78,998.31,0.0,7.0
12/30/2015,2015,12,32,20,23,16,72,1001.53,0.0,13.0
12/31/2015,2015,12,31,19,19,17,71,1002.83,0.0,4.0
12/4/2015,2015,12,28,24,24,20,83,998.65,0.4,
12/5/2015,2015,12,29,21,21,18,75,1000.19,0.0,9.0
12/6/2015,2015,12,28,21,21,17,71,1001.06,0.0,9.0
12/7/2015,2015,12,24,21,22,19,90,1002.04,0.0,9.0
12/8/2015,2015,12,29,20,22,19,84,1000.93,0.0,6.0
12/9/2015,2015,12,31,21,21,19,77,999.38,0.0,6.0
1/1/2016,2016,1,31,22,19,16,65,1004.09,0.0,9.0
1/10/2016,2016,1,31,18,17,14,61,998.86,0.0,11.0
1/11/2016,2016,1,31,14,17,8,60,999.36,0.0,9.0
1/12/2016,2016,1,32,14,16,12,62,999.04,0.0,6.0
1/13/2016,2016,1,33,17,19,14,64,997.72,0.0,6.0
1/14/2016,2016,1,33,20,19,17,63,997.19,0.0,13.0
1/15/2016,2016,1,33,23,19,16,55,995.88,0.0,15.0
1/16/2016,2016,1,34,20,18,13,55,994.86,0.0,15.0
1/17/2016,2016,1,33,17,16,12,52,995.38,0.0,9.0
1/18/2016,2016,1,33,17,19,10,51,995.76,0.0,7.0
1/19/2016,2016,1,33,17,18,12,56,996.65,0.0,6.0
1/2/2016,2016,1,31,18,18,15,70,1003.16,0.0,7.0
1/20/2016,2016,1,34,22,21,16,60,997.9,0.0,6.0
1/21/2016,2016,1,34,23,21,18,58,997.66,0.0,17.0
1/22/2016,2016,1,35,25,19,17,52,998.34,0.0,15.0
1/23/2016,2016,1,35,22,20,14,56,998.61,0.0,9.0
1/24/2016,2016,1,27,21,19,15,69,1002.05,0.0,13.0
1/25/2016,2016,1,19,14,14,11,82,1007.51,0.0,9.0
1/26/2016,2016,1,13,12,12,11,91,1006.81,0.3,6.0
1/27/2016,2016,1,18,12,14,11,87,1004.61,3.0,9.0
1/28/2016,2016,1,28,16,19,13,73,1001.16,0.0,7.0
1/29/2016,2016,1,33,17,18,16,70,999.63,0.0,11.0
1/3/2016,2016,1,32,16,18,14,68,1001.54,0.0,6.0
1/30/2016,2016,1,33,17,17,12,59,998.14,0.0,11.0
1/31/2016,2016,1,33,16,15,8,52,997.05,0.0,15.0
1/4/2016,2016,1,32,17,17,13,62,1000.58,0.0,15.0
1/5/2016,2016,1,33,17,24,11,69,999.74,0.0,7.0
1/6/2016,2016,1,34,16,18,14,63,1000.08,0.0,9.0
1/7/2016,2016,1,33,17,17,15,64,1000.46,0.0,6.0
1/8/2016,2016,1,33,16,24,12,64,999.53,0.0,13.0
1/9/2016,2016,1,32,19,17,13,59,998.2,0.0,15.0
2/1/2016,2016,2,34,16,17,11,56,998.58,0.0,6.0
2/10/2016,2016,2,31,11,13,5,57,999.14,0.0,7.0
2/11/2016,2016,2,33,13,16,11,60,997.64,0.0,
2/12/2016,2016,2,34,15,13,4,49,997.41,0.0,15.0
2/13/2016,2016,2,36,16,14,9,49,997.36,0.0,6.0
2/14/2016,2016,2,36,16,18,13,54,997.21,0.0,4.0
2/15/2016,2016,2,36,19,18,13,52,999.04,0.0,6.0
2/16/2016,2016,2,36,21,21,16,58,999.89,0.0,7.0
2/17/2016,2016,2,35,21,22,18,66,999.99,0.0,4.0
2/18/2016,2016,2,36,21,20,17,62,998.84,0.0,6.0
2/19/2016,2016,2,36,23,19,11,48,998.53,0.0,19.0
2/2/2016,2016,2,33,16,21,14,66,998.85,0.0,6.0
2/20/2016,2016,2,36,21,20,14,51,998.88,0.0,7.0
2/21/2016,2016,2,34,23,21,18,60,998.85,0.0,9.0
2/22/2016,2016,2,36,22,19,16,51,1000.05,0.0,13.0
2/23/2016,2016,2,36,23,21,18,55,999.0,0.0,6.0
2/24/2016,2016,2,35,24,21,19,59,998.98,0.0,9.0
2/25/2016,2016,2,31,24,20,15,55,1002.86,0.0,11.0
2/26/2016,2016,2,32,22,18,0,52,1004.06,0.0,6.0
2/27/2016,2016,2,32,20,18,15,57,1004.0,0.0,15.0
2/28/2016,2016,2,33,21,18,16,58,1003.59,0.0,7.0
2/29/2016,2016,2,34,22,18,16,56,1002.63,0.0,6.0
2/3/2016,2016,2,32,20,19,17,68,998.85,0.0,7.0
2/4/2016,2016,2,32,19,19,16,68,998.94,0.0,7.0
2/5/2016,2016,2,33,19,19,17,67,998.08,0.0,9.0
2/6/2016,2016,2,29,19,18,15,63,1000.08,0.0,9.0
2/7/2016,2016,2,27,19,15,11,55,1004.68,0.0,13.0
2/8/2016,2016,2,27,12,11,0,53,1003.99,0.0,11.0
2/9/2016,2016,2,29,9,9,4,55,1001.41,0.0,6.0
3/1/2016,2016,3,33,23,18,11,50,1001.4,0.0,6.0
3/10/2016,2016,3,40,28,18,14,36,995.38,0.0,11.0
3/11/2016,2016,3,38,26,21,18,49,996.03,0.0,9.0
3/12/2016,2016,3,37,25,22,18,54,995.31,0.0,15.0
3/13/2016,2016,3,38,27,20,16,47,996.14,0.0,19.0
3/14/2016,2016,3,40,26,20,17,47,995.81,0.0,9.0
3/15/2016,2016,3,38,29,19,13,42,994.66,0.0,15.0
3/16/2016,2016,3,37,28,18,12,38,994.85,0.0,19.0
3/17/2016,2016,3,39,27,21,13,46,994.75,0.0,15.0
3/18/2016,2016,3,39,28,21,9,43,993.89,0.0,22.0
3/19/2016,2016,3,38,27,19,12,40,993.76,0.0,22.0
3/2/2016,2016,3,34,18,16,7,49,1000.94,0.0,4.0
3/20/2016,2016,3,39,29,19,13,34,993.86,0.0,15.0
3/21/2016,2016,3,39,27,19,14,38,993.39,0.0,22.0
3/22/2016,2016,3,38,26,19,14,40,992.95,0.0,15.0
3/23/2016,2016,3,39,27,21,13,44,993.73,0.0,19.0
3/24/2016,2016,3,39,28,21,15,45,995.53,0.0,141.0
3/25/2016,2016,3,37,25,21,19,52,997.34,0.0,9.0
3/26/2016,2016,3,35,26,21,16,49,999.95,0.0,9.0
3/27/2016,2016,3,34,26,23,21,64,999.79,0.0,13.0
3/28/2016,2016,3,34,27,22,18,60,999.76,0.0,9.0
3/29/2016,2016,3,35,24,22,19,61,999.0,0.0,9.0
3/3/2016,2016,3,35,18,17,12,52,999.65,0.0,
3/30/2016,2016,3,37,26,21,17,50,998.11,0.0,9.0
3/31/2016,2016,3,38,29,21,17,45,996.14,0.0,15.0
3/4/2016,2016,3,35,21,19,15,52,997.41,0.0,6.0
3/5/2016,2016,3,36,24,21,17,55,996.35,0.0,7.0
3/6/2016,2016,3,37,22,19,17,52,996.51,0.0,
3/7/2016,2016,3,38,24,19,0,40,995.69,0.0,15.0
3/8/2016,2016,3,37,28,20,12,40,994.6,0.0,19.0
3/9/2016,2016,3,38,24,16,9,32,994.35,0.0,15.0
4/1/2016,2016,4,37,27,21,18,48,995.16,0.0,15.0
4/10/2016,2016,4,40,29,22,17,46,993.72,0.0,20.0
4/11/2016,2016,4,41,29,22,19,47,991.54,0.0,22.0
4/12/2016,2016,4,39,29,22,20,51,990.88,0.0,28.0
4/13/2016,2016,4,38,29,22,19,51,990.54,0.0,28.0
4/14/2016,2016,4,38,29,23,19,51,991.86,0.0,19.0
4/15/2016,2016,4,41,29,22,19,48,992.83,0.0,24.0
4/16/2016,2016,4,42,29,22,16,44,992.39,0.0,28.0
4/17/2016,2016,4,43,29,22,19,44,992.39,0.0,20.0
4/18/2016,2016,4,41,29,22,14,44,993.04,0.0,15.0
4/19/2016,2016,4,42,29,22,19,44,993.78,0.0,11.0
4/2/2016,2016,4,37,27,21,17,46,995.69,0.0,11.0
4/20/2016,2016,4,41,30,19,13,35,994.43,0.0,19.0
4/21/2016,2016,4,39,29,21,18,43,993.61,0.0,22.0
4/22/2016,2016,4,38,29,22,16,45,992.91,0.0,22.0
4/23/2016,2016,4,38,29,23,17,46,991.94,0.0,22.0
4/24/2016,2016,4,39,29,22,16,45,991.94,0.0,22.0
4/25/2016,2016,4,39,30,22,18,46,992.53,0.0,22.0
4/26/2016,2016,4,42,30,23,19,45,992.56,0.0,19.0
4/27/2016,2016,4,41,31,23,18,45,991.22,0.0,19.0
4/28/2016,2016,4,42,30,23,19,46,991.1,0.0,15.0
4/29/2016,2016,4,40,29,26,22,61,992.96,5.0,6.0
4/3/2016,2016,4,40,27,21,12,42,995.8,0.0,15.0
4/30/2016,2016,4,38,27,23,20,59,994.16,0.0,11.0
4/4/2016,2016,4,39,29,19,14,38,994.31,0.0,19.0
4/5/2016,2016,4,38,28,20,14,41,993.61,0.0,19.0
4/6/2016,2016,4,39,28,21,16,46,993.8,0.0,19.0
4/7/2016,2016,4,41,29,22,18,46,993.8,0.0,22.0
4/8/2016,2016,4,40,29,23,18,45,993.74,0.0,15.0
4/9/2016,2016,4,39,29,22,17,46,993.84,0.0,19.0
5/1/2016,2016,5,39,26,23,19,56,993.46,0.0,19.0
5/10/2016,2016,5,42,31,22,14,36,992.21,0.0,19.0
5/11/2016,2016,5,43,32,21,16,37,990.4,0.0,15.0
5/12/2016,2016,5,41,31,22,15,41,989.44,0.0,15.0
5/13/2016,2016,5,40,31,22,17,44,991.49,0.0,19.0
5/14/2016,2016,5,41,27,23,21,56,994.56,0.0,11.0
5/15/2016,2016,5,41,24,24,18,58,994.34,0.0,15.0
5/16/2016,2016,5,38,25,24,21,68,994.14,0.0,9.0
5/17/2016,2016,5,38,28,24,22,60,993.36,0.0,9.0
5/18/2016,2016,5,38,29,24,22,56,993.21,0.0,9.0
5/19/2016,2016,5,39,28,24,20,57,992.86,0.0,15.0
5/2/2016,2016,5,40,29,22,18,47,993.24,0.0,15.0
5/20/2016,2016,5,38,29,23,22,57,992.18,0.0,19.0
5/21/2016,2016,5,34,28,23,21,57,993.36,0.0,19.0
5/22/2016,2016,5,31,28,24,21,70,992.81,0.0,15.0
5/23/2016,2016,5,32,26,24,22,76,992.3,0.0,15.0
5/24/2016,2016,5,33,27,24,21,64,990.11,0.0,15.0
5/25/2016,2016,5,32,27,24,21,70,989.7,0.0,15.0
5/26/2016,2016,5,35,27,23,21,59,990.0,0.0,17.0
5/27/2016,2016,5,37,29,22,21,57,990.65,0.0,22.0
5/28/2016,2016,5,37,28,23,21,56,990.76,0.0,22.0
5/29/2016,2016,5,35,28,24,22,63,990.98,0.0,19.0
5/3/2016,2016,5,40,29,23,14,47,992.96,0.0,15.0
5/30/2016,2016,5,34,27,25,22,73,992.18,0.0,11.0
5/31/2016,2016,5,33,25,26,24,86,993.76,0.2,6.0
5/4/2016,2016,5,40,28,22,19,48,993.59,0.0,9.0
5/5/2016,2016,5,42,28,22,14,44,992.85,0.0,11.0
5/6/2016,2016,5,41,31,21,14,38,992.33,0.0,22.0
5/7/2016,2016,5,42,31,19,13,32,991.58,0.0,15.0
5/8/2016,2016,5,42,31,21,14,35,992.81,0.0,19.0
5/9/2016,2016,5,42,31,22,14,39,993.0,0.0,19.0
6/1/2016,2016,6,32,26,25,24,87,994.55,0.6,11.0
6/10/2016,2016,6,31,26,23,22,71,993.76,0.0,24.0
6/11/2016,2016,6,28,26,24,22,82,993.12,0.2,22.0
6/12/2016,2016,6,31,24,24,21,78,993.01,0.0,11.0
6/13/2016,2016,6,33,26,24,22,70,993.23,0.0,15.0
6/14/2016,2016,6,34,26,24,21,66,991.43,0.0,13.0
6/15/2016,2016,6,30,26,24,23,83,991.27,0.0,6.0
6/16/2016,2016,6,33,25,25,22,75,991.59,0.0,13.0
6/17/2016,2016,6,32,26,24,23,79,992.74,0.2,9.0
6/18/2016,2016,6,30,24,25,24,85,995.34,2.2,6.0
6/19/2016,2016,6,34,24,25,23,83,994.23,14.0,9.0
6/2/2016,2016,6,33,26,26,22,80,993.2,0.0,9.0
6/20/2016,2016,6,34,25,24,23,73,992.85,0.0,11.0
6/21/2016,2016,6,33,28,23,21,67,992.47,0.0,11.0
6/22/2016,2016,6,35,26,25,23,70,992.28,0.0,6.0
6/23/2016,2016,6,34,27,25,24,76,991.36,0.0,7.0
6/24/2016,2016,6,31,26,26,24,87,991.6,0.0,9.0
6/25/2016,2016,6,32,25,25,24,87,993.31,0.0,15.0
6/26/2016,2016,6,33,25,25,23,86,993.66,0.0,7.0
6/27/2016,2016,6,34,25,24,22,73,992.21,0.0,11.0
6/28/2016,2016,6,35,28,23,22,63,991.29,0.0,15.0
6/29/2016,2016,6,34,26,24,22,73,991.93,1.1,9.0
6/3/2016,2016,6,33,26,25,22,78,993.59,0.0,9.0
6/30/2016,2016,6,31,27,26,22,75,991.76,0.2,13.0
6/4/2016,2016,6,34,26,25,23,76,994.38,0.0,7.0
6/5/2016,2016,6,34,26,24,22,70,994.81,0.0,19.0
6/6/2016,2016,6,36,27,24,22,66,994.79,0.0,13.0
6/7/2016,2016,6,34,26,23,21,67,994.61,0.0,15.0
6/8/2016,2016,6,31,26,24,20,70,994.64,0.0,19.0
6/9/2016,2016,6,31,26,23,21,70,994.83,0.0,15.0
7/1/2016,2016,7,32,26,26,22,77,992.29,1.0,13.0
7/10/2016,2016,7,29,26,23,22,74,990.49,0.0,11.0
7/11/2016,2016,7,27,26,24,23,85,991.07,0.0,
7/15/2016,2016,7,32,26,24,22,73,993.47,0.0,15.0
7/17/2016,2016,7,36,28,23,22,59,994.43,0.0,19.0
7/18/2016,2016,7,35,28,23,20,60,992.79,0.0,19.0
7/19/2016,2016,7,34,28,25,22,64,991.6,0.0,11.0
7/2/2016,2016,7,32,26,27,22,80,993.81,0.0,6.0
7/20/2016,2016,7,32,25,26,23,81,992.78,0.0,15.0
7/21/2016,2016,7,31,24,26,23,85,994.84,0.0,6.0
7/22/2016,2016,7,32,24,25,23,83,995.45,0.0,6.0
7/23/2016,2016,7,32,24,24,23,79,995.79,2.0,19.0
7/24/2016,2016,7,33,24,25,22,81,995.3,1.0,13.0
7/25/2016,2016,7,33,25,24,23,85,995.55,0.0,0.0
7/26/2016,2016,7,35,26,24,22,70,993.24,0.0,13.0
7/27/2016,2016,7,33,27,23,22,67,991.95,0.0,15.0
7/28/2016,2016,7,33,27,25,22,70,990.84,0.0,15.0
7/29/2016,2016,7,32,25,26,23,82,991.69,0.0,6.0
7/3/2016,2016,7,32,26,26,24,85,995.07,0.4,6.0
7/30/2016,2016,7,31,25,24,23,87,993.17,0.0,6.0
7/31/2016,2016,7,30,24,24,22,81,993.69,0.7,9.0
7/4/2016,2016,7,29,28,23,22,69,994.15,0.0,9.0
7/5/2016,2016,7,27,27,22,22,76,992.2,0.0,9.0
7/6/2016,2016,7,27,25,24,24,92,990.73,0.0,7.0
7/7/2016,2016,7,30,24,25,24,84,990.46,0.0,6.0
7/8/2016,2016,7,28,24,24,23,88,990.89,0.0,7.0
7/9/2016,2016,7,29,24,24,21,76,991.06,0.0,19.0
8/1/2016,2016,8,31,26,23,22,70,991.84,0.0,9.0
8/10/2016,2016,8,32,28,23,22,66,992.3,0.0,19.0
8/11/2016,2016,8,33,28,22,21,64,991.84,0.0,22.0
8/12/2016,2016,8,29,27,23,21,68,991.05,0.0,22.0
8/13/2016,2016,8,29,27,22,21,68,990.2,0.0,19.0
8/14/2016,2016,8,31,26,24,22,71,988.48,0.0,22.0
8/15/2016,2016,8,28,24,23,22,77,988.39,0.0,15.0
8/16/2016,2016,8,28,26,26,22,86,989.48,0.4,9.0
8/17/2016,2016,8,31,24,24,23,79,990.28,0.0,9.0
8/18/2016,2016,8,32,27,23,22,70,989.08,0.0,17.0
8/19/2016,2016,8,30,27,22,21,67,987.06,0.0,15.0
8/2/2016,2016,8,33,26,25,22,70,989.95,0.0,19.0
8/20/2016,2016,8,33,27,23,22,65,988.76,0.0,19.0
8/21/2016,2016,8,34,24,24,22,73,992.09,0.0,13.0
8/22/2016,2016,8,34,28,23,22,63,991.0,0.0,19.0
8/23/2016,2016,8,32,26,27,22,77,989.93,0.0,19.0
8/24/2016,2016,8,34,26,26,22,71,989.11,0.0,9.0
8/25/2016,2016,8,31,26,26,23,79,990.76,0.0,7.0
8/26/2016,2016,8,33,26,26,24,79,992.36,0.0,7.0
8/27/2016,2016,8,33,26,26,24,82,993.81,0.0,4.0
8/28/2016,2016,8,33,26,27,24,86,993.78,0.5,
8/29/2016,2016,8,33,25,26,22,84,992.38,0.0,9.0
8/3/2016,2016,8,33,26,24,21,67,989.23,0.0,15.0
8/30/2016,2016,8,33,25,26,23,79,993.14,0.0,6.0
8/31/2016,2016,8,29,25,26,22,81,994.76,0.0,7.0
8/4/2016,2016,8,32,26,23,21,69,990.55,0.0,19.0
8/5/2016,2016,8,30,26,24,21,74,992.66,0.0,15.0
8/6/2016,2016,8,33,26,24,21,72,992.95,0.0,17.0
8/7/2016,2016,8,33,27,22,21,62,992.2,0.0,22.0
8/8/2016,2016,8,32,27,23,21,67,992.61,0.0,15.0
8/9/2016,2016,8,32,26,23,22,70,992.43,0.0,15.0
9/1/2016,2016,9,31,26,24,22,77,994.16,0.0,15.0
9/10/2016,2016,9,32,27,23,21,66,993.01,0.0,15.0
9/11/2016,2016,9,31,26,26,22,73,992.14,2.0,17.0
9/12/2016,2016,9,31,24,24,22,79,993.09,0.0,7.0
9/13/2016,2016,9,33,24,26,23,76,993.2,0.0,7.0
9/14/2016,2016,9,27,23,24,22,91,992.89,0.3,7.0
9/15/2016,2016,9,32,24,24,22,75,992.69,0.0,9.0
9/16/2016,2016,9,34,25,23,21,69,992.39,0.0,11.0
9/17/2016,2016,9,34,27,26,22,69,992.18,0.0,6.0
9/18/2016,2016,9,33,27,26,22,74,992.89,0.0,9.0
9/19/2016,2016,9,33,25,26,23,79,992.44,0.2,7.0
9/2/2016,2016,9,31,27,23,22,69,992.45,0.0,15.0
9/20/2016,2016,9,28,26,25,23,87,993.44,2.0,
9/21/2016,2016,9,27,24,25,23,91,996.44,0.0,
9/22/2016,2016,9,30,24,25,23,90,995.85,0.0,6.0
9/23/2016,2016,9,29,25,26,24,87,993.64,1.0,6.0
9/24/2016,2016,9,31,24,26,23,85,992.31,0.0,7.0
9/25/2016,2016,9,30,25,25,24,89,992.76,0.6,6.0
9/26/2016,2016,9,31,25,25,23,88,993.55,0.0,6.0
9/27/2016,2016,9,31,24,25,23,89,993.36,0.0,9.0
9/28/2016,2016,9,33,23,26,22,79,992.31,0.0,6.0
9/29/2016,2016,9,34,25,26,22,78,992.14,0.0,15.0
9/3/2016,2016,9,32,25,23,21,70,992.96,0.4,17.0
9/30/2016,2016,9,34,24,26,23,78,992.33,5.0,
9/4/2016,2016,9,33,26,22,21,64,993.89,0.0,15.0
9/5/2016,2016,9,31,27,22,21,67,993.24,0.0,15.0
9/6/2016,2016,9,33,28,22,21,64,992.13,0.0,17.0
9/7/2016,2016,9,33,26,25,22,75,991.87,6.0,7.0
9/8/2016,2016,9,31,24,25,22,83,993.28,0.0,7.0
9/9/2016,2016,9,32,25,23,22,69,994.19,0.0,13.0
10/1/2016,2016,10,33,24,25,23,81,994.23,0.0,6.0
10/10/2016,2016,10,34,27,24,22,67,993.84,0.0,11.0
10/11/2016,2016,10,34,26,24,22,71,993.53,0.0,9.0
10/12/2016,2016,10,32,26,26,23,79,994.35,0.0,9.0
10/13/2016,2016,10,33,26,25,23,80,994.3,0.0,7.0
10/14/2016,2016,10,33,26,26,24,76,993.69,0.0,6.0
10/15/2016,2016,10,31,26,26,24,83,993.48,0.0,6.0
10/16/2016,2016,10,28,25,25,24,91,994.64,0.4,6.0
10/17/2016,2016,10,31,24,25,23,83,994.0,0.0,6.0
10/18/2016,2016,10,33,23,25,22,80,992.87,0.0,6.0
10/19/2016,2016,10,34,23,24,22,75,991.3,0.0,6.0
10/2/2016,2016,10,34,24,26,23,82,994.36,0.0,9.0
10/20/2016,2016,10,34,24,25,23,79,990.99,0.0,6.0
10/21/2016,2016,10,34,25,26,23,80,991.88,0.0,9.0
10/22/2016,2016,10,33,25,23,22,69,993.33,0.0,13.0
10/23/2016,2016,10,32,25,23,21,74,993.23,0.0,13.0
10/24/2016,2016,10,31,24,24,22,79,992.72,0.0,6.0
10/25/2016,2016,10,28,25,25,23,89,994.11,3.0,6.0
10/26/2016,2016,10,30,23,26,22,90,996.8,9.4,4.0
10/27/2016,2016,10,31,24,26,23,89,998.35,0.0,6.0
10/28/2016,2016,10,32,24,26,23,84,997.59,0.0,6.0
10/29/2016,2016,10,31,22,25,21,86,997.73,0.0,6.0
10/3/2016,2016,10,31,25,25,24,85,993.23,0.0,7.0
10/30/2016,2016,10,31,22,25,22,85,998.69,17.0,9.0
10/31/2016,2016,10,32,24,24,22,78,999.09,0.0,9.0
10/4/2016,2016,10,31,24,26,24,87,992.94,1.2,7.0
10/5/2016,2016,10,31,24,26,23,87,992.83,0.0,6.0
10/6/2016,2016,10,28,24,24,23,91,993.8,0.0,
10/7/2016,2016,10,30,25,26,24,91,994.61,3.0,4.0
10/8/2016,2016,10,32,25,24,23,77,995.05,0.0,6.0
10/9/2016,2016,10,33,25,26,22,73,994.28,0.0,9.0
11/1/2016,2016,11,32,25,24,23,79,998.24,0.0,6.0
11/10/2016,2016,11,26,24,24,23,95,999.09,0.0,4.0
11/11/2016,2016,11,29,24,24,23,91,999.48,17.0,6.0
11/12/2016,2016,11,31,23,24,22,85,999.41,0.0,4.0
11/13/2016,2016,11,33,22,25,22,80,998.59,0.0,4.0
11/14/2016,2016,11,33,22,24,21,78,997.61,0.0,0.0
11/15/2016,2016,11,33,22,25,21,80,997.54,0.0,4.0
11/16/2016,2016,11,32,23,24,22,82,998.14,0.0,0.0
11/17/2016,2016,11,32,21,23,20,79,998.29,0.0,0.0
11/18/2016,2016,11,32,20,23,19,79,996.55,0.0,4.0
11/19/2016,2016,11,32,20,23,19,79,995.41,0.0,6.0
11/2/2016,2016,11,31,25,24,21,77,999.0,0.0,9.0
11/20/2016,2016,11,32,22,25,21,81,995.79,0.0,7.0
11/21/2016,2016,11,32,22,23,19,76,995.39,0.0,9.0
11/22/2016,2016,11,32,20,22,17,74,995.41,0.0,9.0
11/23/2016,2016,11,32,19,23,17,76,996.35,0.0,9.0
11/24/2016,2016,11,31,21,24,19,80,996.56,0.0,9.0
11/25/2016,2016,11,32,24,25,23,82,995.27,0.0,4.0
11/26/2016,2016,11,32,23,24,21,80,995.63,0.0,7.0
11/27/2016,2016,11,28,24,24,23,91,996.84,0.2,6.0
11/28/2016,2016,11,31,23,23,20,78,998.11,0.0,6.0
11/29/2016,2016,11,28,22,23,19,81,1000.49,0.0,7.0
11/3/2016,2016,11,31,25,24,22,77,999.6,0.0,7.0
11/30/2016,2016,11,31,20,23,19,81,1001.69,0.0,6.0
11/4/2016,2016,11,30,23,23,21,78,997.73,0.0,6.0
11/5/2016,2016,11,32,22,24,21,80,995.41,0.0,4.0
11/6/2016,2016,11,32,23,25,22,80,995.46,0.0,6.0
11/7/2016,2016,11,32,24,25,23,80,996.2,0.0,7.0
11/8/2016,2016,11,29,26,25,23,87,997.18,0.0,0.0
11/9/2016,2016,11,29,25,25,24,92,998.36,0.6,9.0
12/1/2016,2016,12,29,21,22,19,83,1002.06,0.0,6.0
12/10/2016,2016,12,30,19,21,17,75,996.79,0.0,6.0
12/11/2016,2016,12,29,18,20,17,77,997.11,0.0,7.0
12/12/2016,2016,12,31,16,21,16,77,996.59,0.0,7.0
12/13/2016,2016,12,32,19,22,18,78,996.11,0.0,6.0
12/14/2016,2016,12,32,20,22,19,79,997.01,0.0,7.0
12/15/2016,2016,12,29,19,22,18,76,998.48,0.0,7.0
12/16/2016,2016,12,26,22,22,19,83,1001.44,0.0,6.0
12/17/2016,2016,12,27,22,21,18,79,1001.95,0.0,6.0
12/18/2016,2016,12,30,18,21,18,79,1001.1,0.0,6.0
12/19/2016,2016,12,32,20,22,18,76,999.05,0.0,6.0
12/2/2016,2016,12,30,20,21,19,80,1001.6,0.0,6.0
12/20/2016,2016,12,33,19,22,18,74,997.55,0.0,6.0
12/21/2016,2016,12,33,20,21,19,73,997.4,0.0,6.0
12/22/2016,2016,12,32,20,22,19,76,997.95,0.0,9.0
12/23/2016,2016,12,31,21,22,19,77,997.77,0.0,4.0
12/24/2016,2016,12,31,22,23,20,75,997.64,0.0,6.0
12/25/2016,2016,12,33,21,22,19,73,997.99,0.0,6.0
12/26/2016,2016,12,31,21,23,19,77,997.43,0.0,6.0
12/27/2016,2016,12,31,20,21,17,73,998.34,0.0,6.0
12/28/2016,2016,12,28,18,19,17,75,999.91,0.0,6.0
12/29/2016,2016,12,28,17,18,15,73,1001.83,0.0,11.0
12/3/2016,2016,12,31,20,23,19,80,1001.03,0.0,6.0
12/30/2016,2016,12,29,16,18,12,72,1002.59,0.0,6.0
12/31/2016,2016,12,31,17,19,15,68,1001.6,0.0,9.0
12/4/2016,2016,12,29,22,22,21,80,1000.01,0.0,6.0
12/5/2016,2016,12,30,22,23,21,82,998.74,0.0,6.0
12/6/2016,2016,12,28,23,22,19,75,1000.68,0.0,7.0
12/7/2016,2016,12,30,22,22,19,76,999.29,0.0,7.0
12/8/2016,2016,12,27,21,22,19,82,998.15,0.0,6.0
12/9/2016,2016,12,30,21,21,18,75,996.64,0.0,7.0
1/1/2017,2017,1,25,22,19,18,75,1001.75,0.0,7.0
1/10/2017,2017,1,26,23,23,22,91,996.01,0.3,0.0
1/11/2017,2017,1,25,22,23,22,94,995.58,0.8,6.0
1/12/2017,2017,1,28,23,25,22,92,994.45,0.0,0.0
1/13/2017,2017,1,31,18,21,18,74,994.83,0.0,6.0
1/14/2017,2017,1,31,18,23,17,77,996.21,0.0,6.0
1/15/2017,2017,1,32,19,22,18,79,998.04,0.0,6.0
1/16/2017,2017,1,33,19,22,18,76,997.62,0.0,9.0
1/17/2017,2017,1,32,20,22,19,78,998.28,0.0,6.0
1/18/2017,2017,1,31,23,23,21,78,1000.26,0.0,6.0
1/19/2017,2017,1,32,22,23,21,77,999.71,0.0,4.0
1/2/2017,2017,1,29,21,21,18,77,1000.75,0.0,11.0
1/20/2017,2017,1,32,22,23,21,78,999.61,0.0,4.0
1/21/2017,2017,1,32,22,22,20,76,1001.36,0.0,0.0
1/22/2017,2017,1,31,21,21,18,73,1002.66,0.0,7.0
1/23/2017,2017,1,29,20,19,18,75,1002.64,0.0,6.0
1/24/2017,2017,1,30,18,18,15,71,1002.8,0.0,6.0
1/25/2017,2017,1,31,17,18,16,70,1003.29,0.0,7.0
1/26/2017,2017,1,31,19,21,17,71,1002.39,0.0,6.0
1/27/2017,2017,1,32,19,19,17,72,1000.48,0.0,6.0
1/28/2017,2017,1,32,18,19,16,68,999.08,0.0,7.0
1/29/2017,2017,1,33,18,19,17,69,997.95,0.0,6.0
1/3/2017,2017,1,30,22,22,20,77,999.1,0.0,9.0
1/30/2017,2017,1,32,19,19,17,69,997.81,0.0,6.0
1/31/2017,2017,1,32,18,18,15,67,998.22,0.0,7.0
1/4/2017,2017,1,29,22,22,20,79,998.23,0.0,6.0
1/5/2017,2017,1,23,20,21,18,88,998.72,0.2,9.0
1/6/2017,2017,1,27,21,20,18,79,997.4,0.0,7.0
1/7/2017,2017,1,31,21,22,18,74,995.68,0.0,9.0
1/8/2017,2017,1,31,21,23,19,77,995.43,0.0,6.0
1/9/2017,2017,1,28,23,23,21,81,995.47,0.0,4.0
2/1/2017,2017,2,32,18,18,16,69,999.95,0.0,6.0
2/10/2017,2017,2,34,19,21,17,64,997.41,0.0,9.0
2/11/2017,2017,2,32,20,20,17,65,1000.29,0.0,9.0
2/12/2017,2017,2,30,18,18,15,65,1003.15,0.0,9.0
2/13/2017,2017,2,31,17,17,15,66,1004.2,0.0,7.0
2/14/2017,2017,2,31,16,17,13,67,1004.85,0.0,7.0
2/15/2017,2017,2,31,16,17,13,65,1004.15,0.0,9.0
2/16/2017,2017,2,32,17,18,15,65,1001.83,0.0,0.0
2/17/2017,2017,2,33,17,20,16,67,1000.74,0.0,6.0
2/18/2017,2017,2,34,18,18,14,62,1000.64,0.0,9.0
2/19/2017,2017,2,34,17,19,15,62,998.31,0.0,4.0
2/2/2017,2017,2,32,17,19,16,68,999.99,0.0,9.0
2/20/2017,2017,2,34,19,19,13,57,995.18,0.0,17.0
2/21/2017,2017,2,36,20,16,13,49,996.34,0.0,19.0
2/22/2017,2017,2,37,20,17,13,49,996.45,0.0,7.0
2/23/2017,2017,2,37,20,17,15,50,996.69,0.0,15.0
2/24/2017,2017,2,38,22,17,13,43,997.0,0.0,13.0
2/25/2017,2017,2,37,22,18,14,47,996.03,0.0,11.0
2/26/2017,2017,2,35,21,22,17,62,995.84,0.0,9.0
2/27/2017,2017,2,35,24,22,19,63,997.54,0.0,4.0
2/28/2017,2017,2,36,23,21,18,61,997.35,0.0,11.0
2/3/2017,2017,2,32,20,20,18,68,998.71,0.0,9.0
2/4/2017,2017,2,34,20,21,18,70,997.73,0.0,0.0
2/5/2017,2017,2,34,19,20,13,60,997.16,0.0,7.0
2/6/2017,2017,2,34,17,17,13,57,995.78,0.0,15.0
2/7/2017,2017,2,33,21,16,10,42,995.71,0.0,15.0
2/8/2017,2017,2,34,17,14,11,46,996.24,0.0,9.0
2/9/2017,2017,2,34,17,18,13,61,996.36,0.0,7.0
3/1/2017,2017,3,35,23,21,17,59,996.83,0.0,9.0
3/10/2017,2017,3,36,23,22,18,56,994.26,0.0,17.0
3/11/2017,2017,3,38,25,22,16,47,994.71,0.0,15.0
3/12/2017,2017,3,37,27,20,16,46,995.1,0.0,19.0
3/13/2017,2017,3,38,24,19,13,43,994.99,0.0,17.0
3/14/2017,2017,3,38,27,20,13,39,994.6,0.0,19.0
3/15/2017,2017,3,38,21,16,8,38,994.18,0.0,15.0
3/16/2017,2017,3,38,22,19,9,42,993.08,0.0,15.0
3/17/2017,2017,3,36,23,23,20,65,994.16,0.0,7.0
3/18/2017,2017,3,36,23,21,17,57,995.46,0.0,7.0
3/19/2017,2017,3,38,23,17,12,40,996.38,0.0,15.0
3/2/2017,2017,3,33,23,20,15,56,997.22,0.0,9.0
3/20/2017,2017,3,38,21,15,12,38,995.44,0.0,15.0
3/21/2017,2017,3,37,26,19,12,43,995.47,0.0,15.0
3/22/2017,2017,3,38,24,20,12,44,994.19,0.0,17.0
3/23/2017,2017,3,39,22,21,17,50,994.28,0.0,6.0
3/24/2017,2017,3,38,27,19,15,43,994.69,0.0,11.0
3/25/2017,2017,3,38,24,22,17,57,995.94,0.0,7.0
3/26/2017,2017,3,38,26,21,19,49,995.65,0.0,7.0
3/27/2017,2017,3,31,27,22,21,67,999.89,0.0,11.0
3/28/2017,2017,3,36,24,22,19,63,998.45,0.0,9.0
3/29/2017,2017,3,37,27,22,19,54,997.08,0.0,9.0
3/3/2017,2017,3,36,20,18,16,57,994.95,0.0,6.0
3/30/2017,2017,3,37,28,21,18,47,996.84,0.0,11.0
3/31/2017,2017,3,38,28,21,17,44,996.41,0.0,17.0
3/4/2017,2017,3,37,21,18,15,51,993.81,0.0,11.0
3/5/2017,2017,3,36,26,18,15,43,993.7,0.0,11.0
3/6/2017,2017,3,37,28,17,8,34,993.34,0.0,13.0
3/7/2017,2017,3,37,24,19,12,41,993.29,0.0,9.0
3/8/2017,2017,3,36,24,21,18,53,993.74,0.0,9.0
3/9/2017,2017,3,37,24,21,17,53,993.72,0.0,15.0
4/1/2017,2017,4,34,27,22,19,59,996.84,0.0,11.0
4/10/2017,2017,4,38,29,23,21,51,992.04,0.0,13.0
4/11/2017,2017,4,39,29,22,21,49,991.38,0.0,15.0
4/12/2017,2017,4,39,30,24,20,55,992.05,0.0,15.0
4/13/2017,2017,4,37,24,24,22,62,995.09,0.0,9.0
4/14/2017,2017,4,35,23,23,22,74,996.78,0.0,7.0
4/15/2017,2017,4,33,24,26,22,79,995.81,5.1,0.0
4/16/2017,2017,4,36,23,23,19,67,994.2,0.0,11.0
4/17/2017,2017,4,30,26,24,21,75,995.24,1.0,9.0
4/18/2017,2017,4,34,24,23,21,66,994.69,0.0,9.0
4/19/2017,2017,4,36,27,21,19,55,993.71,0.0,15.0
4/2/2017,2017,4,32,24,22,19,70,998.66,0.0,6.0
4/20/2017,2017,4,36,28,21,17,50,993.91,0.0,19.0
4/21/2017,2017,4,36,27,20,16,48,994.09,0.0,17.0
4/22/2017,2017,4,37,27,22,17,53,993.56,0.0,19.0
4/23/2017,2017,4,36,28,20,16,48,993.56,0.0,19.0
4/24/2017,2017,4,36,28,21,18,49,993.99,0.0,19.0
4/25/2017,2017,4,36,28,21,18,53,994.06,0.0,19.0
4/26/2017,2017,4,38,28,22,20,52,993.36,0.0,15.0
4/27/2017,2017,4,39,29,23,20,53,993.7,0.0,13.0
4/28/2017,2017,4,38,25,24,21,64,994.79,0.0,9.0
4/29/2017,2017,4,33,24,24,22,77,997.11,0.0,6.0
4/3/2017,2017,4,36,24,22,18,61,998.24,0.0,7.0
4/30/2017,2017,4,36,26,24,22,72,995.74,0.0,7.0
4/4/2017,2017,4,37,25,21,19,53,996.84,0.0,9.0
4/5/2017,2017,4,39,25,21,16,52,994.96,0.0,11.0
4/6/2017,2017,4,38,25,21,18,55,993.13,0.0,4.0
4/7/2017,2017,4,38,27,23,20,56,993.55,0.0,13.0
4/8/2017,2017,4,40,27,23,21,55,993.7,0.0,6.0
4/9/2017,2017,4,41,29,22,20,49,992.91,0.0,11.0
5/1/2017,2017,5,38,28,23,20,56,995.21,0.0,13.0
5/10/2017,2017,5,34,24,25,22,73,995.86,0.0,11.0
5/11/2017,2017,5,35,26,25,23,74,995.8,0.0,9.0
5/12/2017,2017,5,36,27,25,22,68,995.11,0.0,9.0
5/13/2017,2017,5,34,25,24,23,76,994.0,0.0,6.0
5/14/2017,2017,5,32,25,26,24,83,993.41,0.0,6.0
5/15/2017,2017,5,34,25,25,23,77,992.21,0.5,7.0
5/16/2017,2017,5,31,26,26,24,86,991.9,0.3,4.0
5/17/2017,2017,5,26,24,25,24,96,990.38,0.3,6.0
5/18/2017,2017,5,31,24,25,23,83,991.84,0.0,6.0
5/19/2017,2017,5,33,26,26,23,81,992.89,0.0,9.0
5/2/2017,2017,5,39,29,23,21,53,994.64,0.0,17.0
5/20/2017,2017,5,36,27,25,23,69,990.88,0.0,17.0
5/21/2017,2017,5,36,29,25,23,63,989.83,0.0,17.0
5/22/2017,2017,5,37,29,25,23,61,990.49,0.0,13.0
5/23/2017,2017,5,37,30,24,23,59,991.04,0.0,15.0
5/24/2017,2017,5,37,28,25,21,65,991.07,0.0,15.0
5/25/2017,2017,5,36,26,26,24,75,991.78,0.0,6.0
5/26/2017,2017,5,31,26,26,24,87,993.2,0.0,9.0
5/27/2017,2017,5,29,26,27,24,91,992.46,0.2,7.0
5/28/2017,2017,5,30,25,26,24,87,992.14,0.0,7.0
5/29/2017,2017,5,29,25,26,24,90,992.05,0.0,4.0
5/3/2017,2017,5,40,29,24,19,48,994.05,0.0,15.0
5/30/2017,2017,5,31,26,27,25,91,992.73,3.0,6.0
5/31/2017,2017,5,34,25,26,24,85,993.71,0.0,6.0
5/4/2017,2017,5,39,27,24,22,59,994.11,0.0,11.0
5/5/2017,2017,5,35,26,25,22,72,996.55,0.0,6.0
5/6/2017,2017,5,37,24,24,22,78,997.41,0.0,9.0
5/7/2017,2017,5,33,25,24,23,77,996.76,0.0,9.0
5/8/2017,2017,5,36,23,23,21,69,995.25,0.0,9.0
5/9/2017,2017,5,37,27,24,23,65,993.51,0.0,7.0
6/1/2017,2017,6,33,26,27,24,87,992.76,0.0,6.0
6/10/2017,2017,6,31,25,26,23,87,992.9,0.0,11.0
6/11/2017,2017,6,30,26,26,24,88,993.65,0.0,9.0
6/12/2017,2017,6,33,24,26,23,76,993.31,0.0,15.0
6/13/2017,2017,6,32,26,25,23,79,993.59,22.0,11.0
6/14/2017,2017,6,32,26,24,22,72,994.35,0.0,13.0
6/15/2017,2017,6,31,26,24,21,71,995.15,0.0,13.0
6/16/2017,2017,6,33,25,23,23,72,994.65,0.0,13.0
6/17/2017,2017,6,34,27,24,22,68,992.88,0.0,15.0
6/18/2017,2017,6,34,27,23,21,65,991.61,0.0,17.0
6/19/2017,2017,6,33,27,23,22,68,992.33,0.2,17.0
6/2/2017,2017,6,34,26,24,22,71,992.9,0.0,11.0
6/20/2017,2017,6,31,25,24,22,76,992.76,0.4,15.0
6/21/2017,2017,6,32,26,24,22,76,992.34,0.0,22.0
6/22/2017,2017,6,33,26,24,23,72,992.24,0.0,17.0
6/23/2017,2017,6,34,27,23,22,64,991.55,0.0,15.0
6/24/2017,2017,6,34,27,24,21,64,990.55,0.0,15.0
6/25/2017,2017,6,33,27,23,21,63,990.81,0.0,17.0
6/26/2017,2017,6,33,26,23,22,70,991.93,0.0,11.0
6/27/2017,2017,6,34,27,24,22,68,992.06,0.0,9.0
6/28/2017,2017,6,33,27,24,22,68,992.46,0.0,11.0
6/29/2017,2017,6,33,26,25,22,75,992.5,0.0,11.0
6/3/2017,2017,6,34,27,26,23,75,992.72,12.0,17.0
6/30/2017,2017,6,34,26,26,23,82,992.33,0.0,6.0
6/4/2017,2017,6,34,25,26,23,77,991.64,0.0,17.0
6/5/2017,2017,6,34,27,25,23,74,991.13,1.0,13.0
6/6/2017,2017,6,34,25,26,24,76,991.38,0.0,7.0
6/7/2017,2017,6,31,26,26,23,82,992.03,0.0,9.0
6/8/2017,2017,6,31,26,25,23,84,991.56,0.0,6.0
6/9/2017,2017,6,32,26,26,24,89,991.79,4.0,17.0
7/1/2017,2017,7,29,25,25,24,88,993.04,0.0,6.0
7/10/2017,2017,7,32,25,24,22,76,994.01,1.0,15.0
7/11/2017,2017,7,28,24,26,23,89,992.58,0.8,9.0
7/12/2017,2017,7,31,24,26,23,85,993.01,0.2,11.0
7/13/2017,2017,7,31,25,26,23,83,992.74,0.0,6.0
7/14/2017,2017,7,32,25,26,23,78,991.95,0.2,9.0
7/15/2017,2017,7,30,24,24,22,78,991.9,0.4,19.0
7/16/2017,2017,7,32,25,24,22,74,989.88,0.0,13.0
7/17/2017,2017,7,30,24,23,22,74,988.83,0.2,19.0
7/18/2017,2017,7,31,24,26,23,84,992.64,0.0,9.0
7/19/2017,2017,7,31,25,24,23,80,993.75,2.6,15.0
7/2/2017,2017,7,30,25,25,22,84,993.7,0.2,9.0
7/20/2017,2017,7,29,26,23,23,76,992.06,0.2,11.0
7/21/2017,2017,7,30,26,23,22,73,992.38,0.0,13.0
7/22/2017,2017,7,33,26,24,22,74,993.61,0.0,17.0
7/23/2017,2017,7,30,26,24,22,75,993.97,0.0,11.0
7/24/2017,2017,7,32,26,23,22,71,992.24,0.0,19.0
7/25/2017,2017,7,32,27,23,23,72,989.9,0.0,17.0
7/26/2017,2017,7,33,25,25,23,79,988.91,3.7,19.0
7/27/2017,2017,7,33,27,27,22,74,989.33,0.6,19.0
7/28/2017,2017,7,34,27,26,22,71,990.86,0.0,15.0
7/29/2017,2017,7,34,27,24,22,68,991.08,0.0,19.0
7/3/2017,2017,7,31,25,24,22,79,993.14,0.0,13.0
7/30/2017,2017,7,33,28,24,23,70,990.33,0.0,19.0
7/31/2017,2017,7,32,28,24,22,70,991.2,0.0,17.0
7/4/2017,2017,7,29,25,26,23,90,993.03,4.3,7.0
7/5/2017,2017,7,29,24,24,23,85,993.64,6.0,11.0
7/6/2017,2017,7,31,25,23,21,71,993.21,0.0,13.0
7/7/2017,2017,7,32,27,24,21,68,992.99,0.0,15.0
7/8/2017,2017,7,33,26,24,22,70,993.61,0.0,17.0
7/9/2017,2017,7,32,25,24,21,71,994.74,0.0,15.0
8/1/2017,2017,8,31,27,26,23,73,992.1,0.0,15.0
8/10/2017,2017,8,31,26,24,22,74,994.33,0.0,15.0
8/11/2017,2017,8,32,26,24,22,72,994.1,0.0,17.0
8/12/2017,2017,8,33,27,24,22,68,994.13,0.0,19.0
8/13/2017,2017,8,34,27,24,22,66,994.26,0.0,17.0
8/14/2017,2017,8,33,28,24,22,68,994.18,0.0,15.0
8/15/2017,2017,8,34,28,24,23,69,992.81,0.0,22.0
8/16/2017,2017,8,29,25,26,24,91,991.5,0.0,7.0
8/17/2017,2017,8,29,24,26,23,92,991.41,11.0,4.0
8/18/2017,2017,8,28,24,26,23,91,992.89,0.0,6.0
8/19/2017,2017,8,31,25,26,24,85,993.42,0.0,6.0
8/2/2017,2017,8,32,27,24,23,74,991.45,0.0,15.0
8/20/2017,2017,8,28,25,26,24,94,992.33,0.0,7.0
8/21/2017,2017,8,30,24,27,24,90,991.41,0.0,7.0
8/22/2017,2017,8,33,25,24,23,77,991.39,0.0,17.0
8/23/2017,2017,8,34,26,25,22,69,991.16,0.0,19.0
8/24/2017,2017,8,32,28,24,22,71,990.89,0.0,19.0
8/25/2017,2017,8,31,25,24,22,78,991.49,1.4,17.0
8/26/2017,2017,8,33,24,26,24,86,991.04,0.6,6.0
8/27/2017,2017,8,29,25,26,24,90,990.75,0.0,4.0
8/28/2017,2017,8,33,25,26,23,82,991.3,3.0,9.0
8/29/2017,2017,8,31,27,24,22,71,992.26,0.0,19.0
8/3/2017,2017,8,32,27,24,22,73,989.55,0.0,17.0
8/30/2017,2017,8,32,26,26,22,79,992.99,0.2,6.0
8/31/2017,2017,8,33,26,27,23,79,993.94,0.0,7.0
8/4/2017,2017,8,33,26,26,23,82,988.54,0.0,7.0
8/5/2017,2017,8,29,26,27,24,88,989.52,0.0,7.0
8/6/2017,2017,8,29,25,26,24,92,992.74,0.4,6.0
8/7/2017,2017,8,30,24,26,24,92,994.51,0.4,0.0
8/8/2017,2017,8,33,25,25,23,78,994.59,0.0,9.0
8/9/2017,2017,8,33,25,26,23,76,994.83,0.0,19.0
9/1/2017,2017,9,33,27,23,22,70,994.21,0.0,22.0
9/10/2017,2017,9,32,26,27,25,86,994.99,0.0,6.0
9/11/2017,2017,9,35,25,26,24,88,995.04,10.0,6.0
9/12/2017,2017,9,34,26,26,24,83,995.8,0.0,11.0
9/13/2017,2017,9,36,25,25,23,74,995.18,0.0,9.0
9/14/2017,2017,9,36,27,26,23,70,992.53,0.0,13.0
9/15/2017,2017,9,33,26,27,24,79,989.8,0.0,19.0
9/16/2017,2017,9,29,25,26,24,91,990.33,0.6,17.0
9/17/2017,2017,9,29,25,26,24,93,994.81,0.4,7.0
9/18/2017,2017,9,31,26,26,23,84,996.56,0.2,17.0
9/19/2017,2017,9,34,24,24,23,75,995.33,0.0,15.0
9/2/2017,2017,9,32,27,24,23,72,993.46,0.0,19.0
9/20/2017,2017,9,34,26,26,22,72,994.0,0.0,11.0
9/21/2017,2017,9,34,24,26,24,81,992.54,0.0,7.0
9/22/2017,2017,9,32,24,27,24,88,993.26,0.0,4.0
9/23/2017,2017,9,31,26,26,24,91,994.31,0.2,7.0
9/24/2017,2017,9,31,25,26,24,89,992.98,0.0,0.0
9/25/2017,2017,9,33,25,27,24,85,991.35,0.0,6.0
9/26/2017,2017,9,32,26,26,25,88,993.13,0.2,13.0
9/27/2017,2017,9,33,26,26,24,83,994.56,0.0,9.0
9/28/2017,2017,9,34,26,26,23,70,994.26,0.0,11.0
9/29/2017,2017,9,31,25,25,23,81,994.95,2.2,11.0
9/3/2017,2017,9,32,27,25,23,71,992.9,0.0,19.0
9/30/2017,2017,9,32,24,26,24,83,996.01,0.0,9.0
9/4/2017,2017,9,35,28,26,22,70,992.19,0.0,13.0
9/5/2017,2017,9,34,26,27,23,75,992.85,0.0,11.0
9/6/2017,2017,9,34,26,26,25,84,993.53,0.4,13.0
9/7/2017,2017,9,29,25,27,25,92,994.21,4.2,6.0
9/8/2017,2017,9,32,25,26,24,85,995.01,0.0,11.0
9/9/2017,2017,9,36,26,26,24,73,993.75,0.0,15.0
10/1/2017,2017,10,33,26,27,24,84,994.95,2.6,6.0
10/10/2017,2017,10,34,25,26,24,86,990.93,0.0,9.0
10/11/2017,2017,10,29,25,26,24,91,992.99,0.0,4.0
10/12/2017,2017,10,31,25,27,25,90,993.93,14.0,4.0
10/13/2017,2017,10,29,26,26,24,92,993.3,0.0,0.0
10/14/2017,2017,10,33,26,27,25,87,992.58,0.0,7.0
10/15/2017,2017,10,33,25,27,24,84,992.24,0.0,6.0
10/16/2017,2017,10,33,26,26,23,78,992.18,0.0,9.0
10/17/2017,2017,10,31,24,25,23,86,993.71,11.0,15.0
10/18/2017,2017,10,27,23,25,23,96,996.74,0.0,6.0
10/19/2017,2017,10,31,24,26,23,89,997.59,0.0,6.0
10/2/2017,2017,10,31,26,27,24,86,993.66,0.2,6.0
10/20/2017,2017,10,33,24,24,23,79,997.43,0.0,6.0
10/21/2017,2017,10,34,24,25,23,74,995.93,0.0,7.0
10/22/2017,2017,10,34,26,24,22,68,995.5,0.0,11.0
10/23/2017,2017,10,33,26,25,21,74,996.09,0.0,9.0
10/24/2017,2017,10,32,24,24,23,78,998.51,0.4,7.0
10/25/2017,2017,10,32,24,25,23,82,1000.09,0.0,9.0
10/26/2017,2017,10,32,24,24,23,82,999.24,0.0,6.0
10/27/2017,2017,10,32,23,25,22,84,997.75,0.0,6.0
10/28/2017,2017,10,32,24,24,23,83,998.25,0.0,6.0
10/29/2017,2017,10,31,24,24,21,79,999.38,0.0,7.0
10/3/2017,2017,10,28,24,26,23,95,993.78,0.0,7.0
10/30/2017,2017,10,29,22,22,20,81,1000.26,0.0,7.0
10/31/2017,2017,10,29,21,21,18,77,1000.13,0.0,6.0
10/4/2017,2017,10,28,24,26,24,95,994.06,7.6,4.0
10/5/2017,2017,10,28,24,25,23,93,995.46,0.0,0.0
10/6/2017,2017,10,31,24,26,23,90,995.81,0.0,7.0
10/7/2017,2017,10,32,24,26,23,89,994.86,0.0,9.0
10/8/2017,2017,10,30,25,27,24,92,994.44,1.0,6.0
10/9/2017,2017,10,32,24,27,23,87,993.71,0.0,6.0
11/1/2017,2017,11,30,21,21,18,74,999.45,0.0,9.0
11/10/2017,2017,11,31,24,24,23,83,996.81,0.0,6.0
11/11/2017,2017,11,32,24,26,23,84,996.95,0.8,6.0
11/12/2017,2017,11,32,23,24,22,83,995.4,0.0,6.0
11/13/2017,2017,11,33,23,25,22,81,994.81,0.0,0.0
11/14/2017,2017,11,32,24,26,23,87,995.53,0.0,0.0
11/15/2017,2017,11,33,24,26,23,82,996.39,0.0,6.0
11/16/2017,2017,11,28,24,24,23,90,997.11,0.4,6.0
11/17/2017,2017,11,33,24,27,23,84,995.86,0.0,0.0
11/18/2017,2017,11,35,24,26,23,78,994.56,0.0,7.0
11/19/2017,2017,11,35,24,26,23,83,994.91,0.0,6.0
11/2/2017,2017,11,30,22,23,20,77,997.18,0.0,7.0
11/20/2017,2017,11,33,25,25,22,80,996.08,0.0,0.0
11/21/2017,2017,11,30,24,24,22,83,996.4,0.0,7.0
11/22/2017,2017,11,29,24,24,22,85,996.53,0.0,6.0
11/23/2017,2017,11,30,23,23,22,84,996.7,0.0,0.0
11/24/2017,2017,11,30,23,23,21,78,998.53,0.0,6.0
11/25/2017,2017,11,31,23,23,18,77,1000.08,0.0,9.0
11/26/2017,2017,11,29,22,23,21,82,1000.58,0.0,6.0
11/27/2017,2017,11,30,22,22,20,79,998.85,0.0,7.0
11/28/2017,2017,11,30,21,22,19,78,998.54,0.0,9.0
11/29/2017,2017,11,32,22,22,21,75,998.68,0.0,6.0
11/3/2017,2017,11,31,22,22,18,76,997.27,0.0,9.0
11/30/2017,2017,11,31,22,23,21,78,997.53,0.0,9.0
11/4/2017,2017,11,31,21,21,17,74,998.15,0.0,9.0
11/5/2017,2017,11,26,21,20,18,77,999.03,0.0,4.0
11/6/2017,2017,11,26,21,21,20,81,998.49,0.0,7.0
11/7/2017,2017,11,30,21,22,20,79,998.16,0.4,7.0
11/8/2017,2017,11,28,23,23,22,82,998.1,0.0,0.0
11/9/2017,2017,11,29,24,23,22,82,997.26,0.0,4.0
12/1/2017,2017,12,30,23,23,19,75,997.75,0.0,7.0
12/10/2017,2017,12,32,21,22,19,76,999.06,0.0,6.0
12/11/2017,2017,12,33,22,24,21,75,998.01,0.0,6.0
12/12/2017,2017,12,34,23,23,21,73,997.01,0.0,9.0
12/13/2017,2017,12,33,24,22,19,70,996.5,0.0,11.0
12/14/2017,2017,12,34,21,22,18,72,997.01,0.0,6.0
12/15/2017,2017,12,33,19,21,18,72,998.04,0.0,7.0
12/16/2017,2017,12,29,21,22,18,79,1000.39,0.0,9.0
12/17/2017,2017,12,28,21,22,19,80,1002.63,0.0,6.0
12/18/2017,2017,12,27,20,18,14,68,1003.95,0.0,7.0
12/19/2017,2017,12,25,15,15,11,66,1005.39,0.0,11.0
12/2/2017,2017,12,31,22,22,19,76,998.46,0.0,6.0
12/20/2017,2017,12,24,13,13,8,70,1006.96,0.0,11.0
12/21/2017,2017,12,26,11,13,8,70,1005.76,0.0,9.0
12/22/2017,2017,12,28,13,15,10,67,1001.83,0.0,11.0
12/23/2017,2017,12,31,15,18,14,71,998.28,0.0,7.0
12/24/2017,2017,12,32,17,19,15,71,998.39,0.0,7.0
12/25/2017,2017,12,29,20,18,16,71,999.16,0.0,6.0
12/26/2017,2017,12,27,18,18,16,75,1000.14,1.0,6.0
12/27/2017,2017,12,20,18,19,17,94,1000.65,0.8,0.0
12/28/2017,2017,12,21,19,20,18,94,1001.26,0.2,6.0
12/29/2017,2017,12,27,21,21,19,83,1001.24,0.0,9.0
12/3/2017,2017,12,31,20,22,19,79,998.04,0.0,6.0
12/30/2017,2017,12,31,22,23,20,76,1000.13,0.0,7.0
12/31/2017,2017,12,29,23,23,19,78,999.52,0.0,9.0
12/4/2017,2017,12,31,21,22,19,78,997.59,0.0,9.0
12/5/2017,2017,12,28,22,21,19,77,998.34,0.0,9.0
12/6/2017,2017,12,30,21,22,19,78,997.85,0.0,7.0
12/7/2017,2017,12,30,21,23,21,81,997.9,0.0,6.0
12/8/2017,2017,12,30,21,23,21,81,999.14,0.0,6.0
12/9/2017,2017,12,30,23,23,19,75,999.44,0.0,9.0
1/1/2018,2018,1,28,21,20,18,80,998.51,0.0,6.0
1/10/2018,2018,1,30,23,24,22,81,998.96,0.0,7.0
1/11/2018,2018,1,27,22,22,18,74,1000.83,0.0,4.0
1/12/2018,2018,1,22,19,17,14,75,1003.18,0.0,7.0
1/13/2018,2018,1,24,17,17,14,77,1002.69,0.0,9.0
1/14/2018,2018,1,28,14,17,14,75,1001.19,0.0,7.0
1/15/2018,2018,1,28,15,20,14,80,998.93,0.0,0.0
1/16/2018,2018,1,31,16,19,15,77,996.91,0.0,6.0
1/17/2018,2018,1,32,17,22,17,76,996.48,0.0,0.0
1/18/2018,2018,1,33,19,21,18,74,996.24,0.0,4.0
1/19/2018,2018,1,33,18,20,17,71,997.33,0.0,6.0
1/2/2018,2018,1,28,19,21,18,82,997.64,0.0,6.0
1/20/2018,2018,1,33,17,20,17,72,996.64,0.0,6.0
1/21/2018,2018,1,33,19,21,18,71,995.64,0.0,6.0
1/22/2018,2018,1,34,20,21,18,72,995.08,0.0,6.0
1/23/2018,2018,1,34,19,22,18,72,994.6,0.0,4.0
1/24/2018,2018,1,34,18,20,17,69,993.64,0.0,4.0
1/25/2018,2018,1,34,19,20,18,68,993.35,0.0,13.0
1/26/2018,2018,1,33,21,24,19,73,993.74,0.0,6.0
1/27/2018,2018,1,33,24,24,22,79,994.24,0.0,4.0
1/28/2018,2018,1,34,22,23,19,74,994.6,0.0,9.0
1/29/2018,2018,1,35,22,22,16,63,995.61,0.0,7.0
1/3/2018,2018,1,30,20,21,18,75,997.28,0.0,9.0
1/30/2018,2018,1,34,19,20,13,59,995.26,0.0,22.0
1/31/2018,2018,1,34,17,18,12,56,996.26,0.0,13.0
1/4/2018,2018,1,31,22,24,20,75,996.31,0.0,7.0
1/5/2018,2018,1,31,22,22,21,74,995.28,0.0,11.0
1/6/2018,2018,1,32,22,23,21,76,994.53,0.0,7.0
1/7/2018,2018,1,33,23,24,21,79,995.0,0.0,6.0
1/8/2018,2018,1,33,24,24,23,78,996.41,0.0,9.0
1/9/2018,2018,1,34,24,24,23,78,997.45,0.0,6.0
2/1/2018,2018,2,32,19,21,16,69,997.33,0.0,11.0
2/10/2018,2018,2,34,19,19,15,62,998.08,0.0,6.0
2/11/2018,2018,2,35,19,18,16,63,999.21,0.0,4.0
2/12/2018,2018,2,33,19,21,17,66,1001.43,0.0,9.0
2/13/2018,2018,2,32,21,20,18,68,1002.09,0.0,7.0
2/14/2018,2018,2,35,19,21,18,67,1000.64,0.0,6.0
2/15/2018,2018,2,37,21,21,17,61,998.63,0.0,7.0
2/16/2018,2018,2,37,21,21,12,52,996.89,0.0,9.0
2/17/2018,2018,2,37,20,17,11,49,995.28,0.0,9.0
2/18/2018,2018,2,36,21,18,14,51,995.61,0.0,7.0
2/19/2018,2018,2,36,20,22,16,62,995.93,0.0,9.0
2/2/2018,2018,2,30,17,20,15,73,998.96,0.0,6.0
2/20/2018,2018,2,36,22,23,19,67,995.11,0.0,6.0
2/21/2018,2018,2,36,24,24,20,69,993.94,0.0,4.0
2/22/2018,2018,2,33,24,24,21,77,994.7,2.0,9.0
2/23/2018,2018,2,31,23,23,21,81,997.65,0.0,7.0
2/24/2018,2018,2,34,22,23,21,76,998.8,0.0,7.0
2/25/2018,2018,2,36,22,24,21,70,997.15,0.0,6.0
2/26/2018,2018,2,34,24,23,21,68,996.05,0.0,7.0
2/27/2018,2018,2,33,24,23,22,72,996.21,0.0,9.0
2/28/2018,2018,2,36,23,23,17,67,995.53,0.0,7.0
2/3/2018,2018,2,34,19,19,14,68,1000.6,0.0,7.0
2/4/2018,2018,2,30,18,17,16,67,1000.6,0.0,9.0
2/5/2018,2018,2,30,18,17,13,66,1001.79,0.0,6.0
2/6/2018,2018,2,29,17,17,13,68,1000.69,0.0,7.0
2/7/2018,2018,2,31,16,19,14,70,998.75,0.0,4.0
2/8/2018,2018,2,32,18,20,17,69,997.3,0.0,9.0
2/9/2018,2018,2,33,18,18,15,63,996.65,0.0,15.0
3/1/2018,2018,3,37,23,21,15,57,994.15,0.0,11.0
3/10/2018,2018,3,32,23,22,18,65,998.99,0.0,6.0
3/11/2018,2018,3,34,22,21,18,64,997.95,0.0,6.0
3/12/2018,2018,3,35,23,23,19,68,997.08,0.0,7.0
3/13/2018,2018,3,37,23,22,11,57,995.9,0.0,15.0
3/14/2018,2018,3,36,23,18,8,44,994.31,0.0,15.0
3/15/2018,2018,3,37,22,19,13,45,994.46,0.0,11.0
3/16/2018,2018,3,36,22,20,15,50,995.06,0.0,9.0
3/17/2018,2018,3,36,22,20,16,56,995.4,0.0,7.0
3/18/2018,2018,3,37,23,18,14,44,995.7,0.0,9.0
3/19/2018,2018,3,38,25,16,12,38,995.15,0.0,19.0
3/2/2018,2018,3,36,23,19,13,49,993.68,0.0,15.0
3/20/2018,2018,3,39,23,18,12,37,993.9,0.0,11.0
3/21/2018,2018,3,36,24,21,13,51,994.3,0.0,6.0
3/22/2018,2018,3,33,23,22,21,71,994.75,0.0,7.0
3/23/2018,2018,3,32,24,23,20,70,995.7,0.0,6.0
3/24/2018,2018,3,35,24,22,21,65,996.8,0.0,6.0
3/25/2018,2018,3,36,27,22,20,58,997.25,0.0,9.0
3/26/2018,2018,3,38,28,22,18,50,996.7,0.0,6.0
3/27/2018,2018,3,35,25,22,20,62,996.07,0.0,7.0
3/28/2018,2018,3,38,22,22,13,58,994.59,0.0,9.0
3/29/2018,2018,3,37,27,22,17,49,994.12,0.0,9.0
3/3/2018,2018,3,37,21,19,12,46,993.01,0.0,17.0
3/30/2018,2018,3,38,27,22,18,50,993.99,0.0,9.0
3/31/2018,2018,3,35,23,23,22,68,995.04,0.0,9.0
3/4/2018,2018,3,38,22,17,8,41,994.22,0.0,11.0
3/5/2018,2018,3,38,19,18,13,52,994.58,0.0,7.0
3/6/2018,2018,3,39,19,19,15,53,994.8,0.0,7.0
3/7/2018,2018,3,39,22,21,16,50,994.47,0.0,9.0
3/8/2018,2018,3,36,22,24,20,66,995.21,0.0,9.0
3/9/2018,2018,3,28,25,23,20,73,997.75,0.0,7.0
4/1/2018,2018,4,34,22,24,21,76,996.21,0.0,9.0
4/10/2018,2018,4,36,23,23,21,66,995.45,0.0,7.0
4/11/2018,2018,4,38,26,23,20,59,994.09,0.0,6.0
4/12/2018,2018,4,38,29,24,18,53,992.8,0.0,15.0
4/13/2018,2018,4,39,29,22,18,47,993.5,0.0,15.0
4/14/2018,2018,4,40,28,24,19,46,992.44,0.0,11.0
4/15/2018,2018,4,40,30,21,18,42,992.56,0.0,15.0
4/16/2018,2018,4,36,25,24,21,67,994.95,0.0,7.0
4/17/2018,2018,4,35,25,24,21,72,997.03,0.0,9.0
4/18/2018,2018,4,35,24,23,22,71,996.68,0.0,6.0
4/19/2018,2018,4,37,23,22,19,66,994.31,0.0,15.0
4/2/2018,2018,4,35,24,23,21,72,995.55,0.0,6.0
4/20/2018,2018,4,37,24,23,20,61,993.81,0.0,9.0
4/21/2018,2018,4,38,24,23,20,61,993.43,0.0,7.0
4/22/2018,2018,4,39,28,23,20,52,993.14,0.0,9.0
4/23/2018,2018,4,39,29,23,19,53,992.16,0.0,15.0
4/24/2018,2018,4,39,29,24,18,53,991.93,0.0,13.0
4/25/2018,2018,4,39,29,23,21,54,991.99,0.0,15.0
4/26/2018,2018,4,37,26,23,22,63,993.9,0.0,13.0
4/27/2018,2018,4,34,24,24,22,71,996.58,0.0,7.0
4/28/2018,2018,4,30,20,24,19,84,997.65,1.0,7.0
4/29/2018,2018,4,28,23,24,23,91,996.35,0.0,4.0
4/3/2018,2018,4,34,24,23,19,63,995.35,0.0,7.0
4/30/2018,2018,4,33,24,25,23,81,995.66,0.0,11.0
4/4/2018,2018,4,36,24,23,21,69,993.75,0.0,9.0
4/5/2018,2018,4,34,24,24,22,73,993.8,0.0,9.0
4/6/2018,2018,4,35,24,23,21,67,994.15,0.0,13.0
4/7/2018,2018,4,26,21,23,20,86,999.68,0.0,9.0
4/8/2018,2018,4,31,20,20,17,71,1001.33,0.0,7.0
4/9/2018,2018,4,34,21,22,19,69,998.0,0.0,7.0
5/1/2018,2018,5,31,25,25,24,88,996.15,34.0,4.0
5/10/2018,2018,5,38,26,26,23,72,994.66,0.0,7.0
5/11/2018,2018,5,34,24,26,23,81,995.14,0.0,9.0
5/12/2018,2018,5,30,26,26,24,87,995.15,0.0,4.0
5/13/2018,2018,5,34,25,26,22,80,995.54,1.0,7.0
5/14/2018,2018,5,35,24,26,22,80,995.34,0.0,11.0
5/15/2018,2018,5,36,24,26,22,77,993.23,0.0,6.0
5/16/2018,2018,5,37,24,26,23,74,992.53,0.0,7.0
5/17/2018,2018,5,35,27,26,22,70,992.7,0.0,7.0
5/18/2018,2018,5,34,25,25,23,78,992.51,0.0,4.0
5/19/2018,2018,5,35,24,26,23,81,992.76,1.0,7.0
5/2/2018,2018,5,28,24,25,23,90,996.61,0.6,9.0
5/20/2018,2018,5,36,25,26,23,76,992.4,0.0,9.0
5/21/2018,2018,5,36,27,24,23,66,992.54,0.0,11.0
5/22/2018,2018,5,31,24,26,23,83,994.73,0.0,6.0
5/23/2018,2018,5,34,25,25,24,77,994.18,0.0,4.0
5/24/2018,2018,5,33,25,26,24,86,993.96,7.0,6.0
5/25/2018,2018,5,34,25,26,24,83,993.31,2.0,7.0
5/26/2018,2018,5,35,26,26,24,79,993.23,0.0,13.0
5/27/2018,2018,5,32,25,26,24,85,994.35,1.0,9.0
5/28/2018,2018,5,29,25,26,24,92,995.03,0.2,0.0
5/29/2018,2018,5,32,25,27,24,91,994.37,0.0,9.0
5/3/2018,2018,5,31,24,25,23,85,996.88,0.0,7.0
5/30/2018,2018,5,32,24,26,24,92,994.36,19.0,9.0
5/31/2018,2018,5,32,25,26,24,90,995.37,0.2,9.0
5/4/2018,2018,5,31,25,26,24,88,996.3,0.2,9.0
5/5/2018,2018,5,33,25,26,24,83,996.76,0.0,7.0
5/6/2018,2018,5,37,27,25,23,66,995.47,0.0,7.0
5/7/2018,2018,5,37,28,24,23,61,994.0,0.0,17.0
5/8/2018,2018,5,38,29,25,22,59,992.63,0.0,15.0
5/9/2018,2018,5,39,26,24,23,66,993.73,0.0,15.0
6/1/2018,2018,6,33,24,26,24,80,994.81,0.0,11.0
6/10/2018,2018,6,30,25,27,24,93,991.5,0.0,7.0
6/11/2018,2018,6,31,25,27,24,92,991.2,2.8,6.0
6/12/2018,2018,6,29,25,27,24,94,992.06,0.5,7.0
6/13/2018,2018,6,31,26,27,24,89,991.03,0.0,7.0
6/14/2018,2018,6,29,25,26,24,89,990.6,3.0,9.0
6/15/2018,2018,6,31,25,25,23,82,990.35,0.4,13.0
6/16/2018,2018,6,32,27,25,22,75,989.24,0.0,19.0
6/17/2018,2018,6,28,26,24,24,81,988.28,0.0,15.0
6/18/2018,2018,6,31,27,23,21,69,987.91,0.0,17.0
6/19/2018,2018,6,33,28,24,22,68,989.29,0.0,13.0
6/2/2018,2018,6,35,25,27,23,77,993.75,0.0,11.0
6/20/2018,2018,6,33,26,26,23,78,991.84,0.0,11.0
6/21/2018,2018,6,31,26,24,23,79,993.55,0.0,13.0
6/22/2018,2018,6,33,26,24,22,71,993.25,0.0,13.0
6/23/2018,2018,6,31,27,24,21,70,992.85,0.0,19.0
6/24/2018,2018,6,32,26,24,21,71,992.41,0.0,17.0
6/25/2018,2018,6,31,26,24,21,74,991.9,0.0,15.0
6/26/2018,2018,6,29,25,25,21,84,992.93,0.6,7.0
6/27/2018,2018,6,28,24,25,23,93,994.5,0.0,4.0
6/28/2018,2018,6,31,24,24,23,90,994.95,0.6,19.0
6/29/2018,2018,6,33,24,24,21,75,992.85,0.0,11.0
6/3/2018,2018,6,34,28,25,22,66,992.25,0.0,15.0
6/30/2018,2018,6,33,26,23,22,70,991.89,0.0,13.0
6/4/2018,2018,6,34,27,26,23,71,991.09,0.0,11.0
6/5/2018,2018,6,36,27,26,23,72,992.18,2.0,11.0
6/6/2018,2018,6,33,28,25,23,68,992.96,0.0,17.0
6/7/2018,2018,6,32,28,24,23,71,991.98,0.0,17.0
6/8/2018,2018,6,31,27,25,22,75,990.95,0.2,17.0
6/9/2018,2018,6,31,25,26,22,88,990.48,4.0,9.0
7/1/2018,2018,7,33,26,24,22,70,992.51,0.0,15.0
7/10/2018,2018,7,31,25,23,21,72,991.21,0.0,17.0
7/11/2018,2018,7,31,26,22,21,69,990.45,0.0,19.0
7/12/2018,2018,7,32,25,23,21,69,989.35,1.0,17.0
7/13/2018,2018,7,32,27,23,22,68,988.86,0.0,19.0
7/14/2018,2018,7,30,25,23,21,75,989.68,0.0,11.0
7/15/2018,2018,7,31,27,23,22,71,990.41,0.0,19.0
7/16/2018,2018,7,28,25,24,22,80,990.63,0.0,11.0
7/17/2018,2018,7,29,26,24,21,77,988.33,0.0,20.0
7/18/2018,2018,7,29,24,26,23,89,986.99,0.0,0.0
7/19/2018,2018,7,30,25,26,23,86,988.51,0.6,13.0
7/2/2018,2018,7,32,26,23,22,69,992.28,0.0,17.0
7/20/2018,2018,7,28,25,26,24,94,990.51,1.0,4.0
7/21/2018,2018,7,29,25,26,23,91,991.49,0.2,6.0
7/22/2018,2018,7,29,26,26,23,81,991.8,1.0,13.0
7/23/2018,2018,7,31,27,24,22,72,991.2,0.0,19.0
7/24/2018,2018,7,30,27,24,22,72,991.39,0.0,17.0
7/25/2018,2018,7,29,24,25,22,81,991.71,0.8,15.0
7/26/2018,2018,7,31,24,24,23,82,991.71,1.2,13.0
7/27/2018,2018,7,28,26,26,23,86,991.06,0.6,9.0
7/28/2018,2018,7,29,25,25,22,83,991.36,0.8,15.0
7/29/2018,2018,7,31,24,24,22,79,990.84,0.0,11.0
7/3/2018,2018,7,32,27,23,22,68,991.81,0.0,20.0
7/30/2018,2018,7,29,27,24,22,75,991.38,0.0,15.0
7/31/2018,2018,7,31,24,24,22,82,992.51,0.0,9.0
7/4/2018,2018,7,32,25,23,22,71,991.3,0.0,17.0
7/5/2018,2018,7,33,27,23,22,68,990.03,0.0,19.0
7/6/2018,2018,7,30,26,24,22,72,989.49,0.0,17.0
7/7/2018,2018,7,31,27,23,22,70,990.2,0.0,19.0
7/8/2018,2018,7,31,27,23,21,68,990.15,0.0,15.0
7/9/2018,2018,7,30,26,23,21,69,990.83,0.0,15.0
8/1/2018,2018,8,30,25,25,21,81,992.76,0.4,11.0
8/10/2018,2018,8,33,26,24,22,70,990.8,0.0,17.0
8/11/2018,2018,8,31,27,22,22,72,990.97,0.0,15.0
8/12/2018,2018,8,31,26,24,21,72,989.61,0.0,11.0
8/13/2018,2018,8,32,26,24,21,76,990.29,0.2,15.0
8/14/2018,2018,8,32,27,24,21,70,990.72,0.6,17.0
8/15/2018,2018,8,31,26,23,21,69,992.51,0.0,15.0
8/16/2018,2018,8,30,27,22,21,69,991.08,0.0,20.0
8/17/2018,2018,8,31,27,23,21,69,986.43,0.0,19.0
8/18/2018,2018,8,31,24,24,23,82,986.5,0.8,13.0
8/19/2018,2018,8,29,25,25,24,88,990.21,0.0,0.0
8/2/2018,2018,8,31,25,23,21,72,992.89,0.0,17.0
8/20/2018,2018,8,32,25,25,22,77,992.5,0.0,11.0
8/21/2018,2018,8,31,25,23,21,73,991.56,0.0,17.0
8/22/2018,2018,8,32,27,23,22,70,990.55,0.0,17.0
8/23/2018,2018,8,32,26,23,22,70,990.89,0.4,15.0
8/24/2018,2018,8,32,26,24,22,77,991.68,0.0,15.0
8/25/2018,2018,8,28,24,24,22,84,992.41,0.6,7.0
8/26/2018,2018,8,30,24,24,21,76,991.21,0.0,13.0
8/27/2018,2018,8,31,26,22,21,65,991.98,0.0,15.0
8/28/2018,2018,8,32,24,22,21,72,993.49,0.0,17.0
8/29/2018,2018,8,29,26,22,21,71,992.8,0.0,19.0
8/3/2018,2018,8,29,25,24,21,76,991.88,1.0,11.0
8/30/2018,2018,8,30,26,22,21,69,990.91,0.0,19.0
8/31/2018,2018,8,30,26,22,21,70,992.2,0.0,15.0
8/4/2018,2018,8,31,25,23,21,73,990.86,0.0,17.0
8/5/2018,2018,8,31,25,25,22,82,990.69,0.2,7.0
8/6/2018,2018,8,29,24,25,23,86,991.21,0.0,4.0
8/7/2018,2018,8,29,25,25,22,83,990.9,2.0,9.0
8/8/2018,2018,8,33,26,23,22,68,990.65,0.0,15.0
8/9/2018,2018,8,31,27,23,21,68,990.65,0.0,20.0
9/1/2018,2018,9,32,25,23,21,72,994.85,0.0,15.0
9/10/2018,2018,9,32,25,24,23,82,996.93,0.0,9.0
9/11/2018,2018,9,34,27,23,22,65,995.36,0.0,15.0
9/12/2018,2018,9,32,27,23,21,65,993.35,0.0,20.0
9/13/2018,2018,9,33,27,26,21,71,992.38,0.0,15.0
9/14/2018,2018,9,34,25,26,23,76,992.56,0.0,9.0
9/15/2018,2018,9,33,24,27,22,84,992.44,0.0,6.0
9/16/2018,2018,9,35,24,25,23,74,990.06,0.0,6.0
9/17/2018,2018,9,35,28,24,23,67,988.6,0.0,15.0
9/18/2018,2018,9,32,25,24,24,82,991.46,0.0,6.0
9/19/2018,2018,9,30,24,25,23,89,994.84,1.0,6.0
9/2/2018,2018,9,31,27,23,22,67,993.75,0.0,19.0
9/20/2018,2018,9,31,23,24,23,85,996.36,0.0,6.0
9/21/2018,2018,9,33,24,26,23,79,996.34,0.0,6.0
9/22/2018,2018,9,35,25,25,23,73,996.58,0.0,7.0
9/23/2018,2018,9,33,22,26,22,78,997.91,14.0,6.0
9/24/2018,2018,9,34,26,25,24,77,996.49,0.0,4.0
9/25/2018,2018,9,33,26,24,22,68,994.98,0.0,17.0
9/26/2018,2018,9,35,26,24,21,65,993.78,0.0,15.0
9/27/2018,2018,9,36,27,24,22,65,993.79,0.0,11.0
9/28/2018,2018,9,37,28,25,23,65,993.72,0.0,7.0
9/29/2018,2018,9,32,26,27,23,80,994.46,0.2,9.0
9/3/2018,2018,9,32,28,23,22,65,991.5,0.0,13.0
9/30/2018,2018,9,31,25,25,23,84,995.03,0.0,11.0
9/4/2018,2018,9,31,26,22,21,70,993.1,0.0,17.0
9/5/2018,2018,9,29,24,23,21,73,994.29,0.0,20.0
9/6/2018,2018,9,33,24,22,21,67,993.35,0.0,22.0
9/7/2018,2018,9,34,27,23,21,63,992.35,0.0,19.0
9/8/2018,2018,9,32,24,24,22,78,992.75,0.0,15.0
9/9/2018,2018,9,32,23,25,23,83,995.21,0.0,7.0
10/1/2018,2018,10,33,24,25,23,80,996.26,0.0,11.0
10/10/2018,2018,10,31,24,26,23,85,996.66,3.0,6.0
10/11/2018,2018,10,31,24,25,23,84,998.46,0.2,9.0
10/12/2018,2018,10,32,24,25,22,81,999.61,0.0,13.0
10/13/2018,2018,10,33,23,24,22,79,999.16,0.0,6.0
10/14/2018,2018,10,34,23,25,22,78,997.73,0.0,6.0
10/15/2018,2018,10,35,24,25,23,76,997.25,0.0,6.0
10/16/2018,2018,10,35,25,26,23,77,996.66,0.0,9.0
10/17/2018,2018,10,34,26,24,22,66,995.59,0.0,11.0
10/18/2018,2018,10,35,25,23,22,64,995.11,0.0,9.0
10/19/2018,2018,10,35,26,26,23,74,996.29,0.0,7.0
10/2/2018,2018,10,29,24,26,23,90,997.4,0.2,7.0
10/20/2018,2018,10,33,26,26,24,82,997.21,0.0,0.0
10/21/2018,2018,10,26,22,24,22,95,998.41,5.0,6.0
10/22/2018,2018,10,30,24,25,23,88,997.88,0.0,7.0
10/23/2018,2018,10,31,24,25,24,90,997.69,0.2,6.0
10/24/2018,2018,10,30,24,26,23,89,998.25,0.0,4.0
10/25/2018,2018,10,32,24,26,23,87,999.03,0.0,7.0
10/26/2018,2018,10,33,24,26,23,82,999.5,0.0,4.0
10/27/2018,2018,10,33,26,25,22,79,999.49,0.0,7.0
10/28/2018,2018,10,33,24,24,23,78,999.49,0.0,6.0
10/29/2018,2018,10,33,24,26,23,81,998.29,0.0,7.0
10/3/2018,2018,10,28,24,25,24,91,997.45,5.0,6.0
10/30/2018,2018,10,32,24,24,22,80,997.86,0.0,6.0
10/31/2018,2018,10,31,23,23,18,75,999.25,0.0,9.0
10/4/2018,2018,10,31,24,25,23,85,997.58,1.0,4.0
10/5/2018,2018,10,31,24,25,23,84,997.58,0.0,6.0
10/6/2018,2018,10,32,24,24,23,82,997.16,0.0,6.0
10/7/2018,2018,10,33,24,25,23,82,996.99,0.0,6.0
10/8/2018,2018,10,32,24,24,23,81,996.5,0.0,6.0
10/9/2018,2018,10,31,23,25,23,82,996.19,0.0,6.0
11/1/2018,2018,11,30,22,23,19,78,998.89,0.0,4.0
11/10/2018,2018,11,28,23,24,22,90,998.33,0.6,6.0
11/11/2018,2018,11,30,24,24,23,85,998.18,0.0,6.0
11/12/2018,2018,11,31,24,25,23,84,996.99,0.0,6.0
11/13/2018,2018,11,32,23,25,23,83,995.72,0.0,7.0
11/14/2018,2018,11,32,24,26,23,84,995.58,0.0,6.0
11/15/2018,2018,11,34,23,25,23,80,996.45,0.0,6.0
11/16/2018,2018,11,34,24,25,23,80,996.64,0.0,6.0
11/17/2018,2018,11,34,24,26,23,80,996.66,0.0,6.0
11/18/2018,2018,11,33,24,25,22,80,997.71,0.0,11.0
11/19/2018,2018,11,33,22,24,22,79,998.55,0.0,4.0
11/2/2018,2018,11,31,21,21,19,78,999.41,0.0,4.0
11/20/2018,2018,11,34,23,24,22,77,998.1,0.0,6.0
11/21/2018,2018,11,34,23,24,21,75,997.62,0.0,7.0
11/22/2018,2018,11,32,22,24,22,81,998.84,0.0,7.0
11/23/2018,2018,11,31,23,24,22,83,1000.3,0.0,6.0
11/24/2018,2018,11,32,22,23,21,78,999.21,0.0,6.0
11/25/2018,2018,11,31,22,23,22,80,998.8,0.0,6.0
11/26/2018,2018,11,31,22,22,19,77,999.14,0.0,4.0
11/27/2018,2018,11,31,18,19,18,74,1000.77,0.0,4.0
11/28/2018,2018,11,30,18,21,17,73,1001.28,0.0,7.0
11/29/2018,2018,11,31,22,22,18,74,1001.81,0.0,4.0
11/3/2018,2018,11,31,20,21,18,79,999.91,0.0,6.0
11/30/2018,2018,11,33,23,23,20,75,1000.56,0.0,9.0
11/4/2018,2018,11,32,19,22,19,76,998.88,0.0,7.0
11/5/2018,2018,11,33,20,22,19,77,998.1,0.0,6.0
11/6/2018,2018,11,33,20,23,19,77,998.16,0.0,6.0
11/7/2018,2018,11,33,21,23,20,77,998.6,0.0,6.0
11/8/2018,2018,11,33,23,24,21,76,997.39,0.0,7.0
11/9/2018,2018,11,29,24,24,22,85,997.15,0.0,6.0
12/1/2018,2018,12,33,22,23,21,78,998.43,0.0,4.0
12/10/2018,2018,12,28,23,23,22,83,998.88,0.0,4.0
12/11/2018,2018,12,29,23,23,22,82,998.96,0.0,7.0
12/12/2018,2018,12,27,24,23,22,89,1000.17,1.0,4.0
12/13/2018,2018,12,27,23,23,19,83,1001.78,0.0,7.0
12/14/2018,2018,12,28,19,21,19,81,1002.34,0.0,6.0
12/15/2018,2018,12,30,20,21,18,78,1002.5,0.0,7.0
12/16/2018,2018,12,32,21,21,18,72,1002.28,0.0,6.0
12/17/2018,2018,12,32,20,21,18,73,1001.68,0.0,6.0
12/18/2018,2018,12,30,20,21,19,77,1000.84,0.0,4.0
12/19/2018,2018,12,32,20,22,19,76,1000.22,0.0,7.0
12/2/2018,2018,12,34,22,23,21,78,997.13,0.0,6.0
12/20/2018,2018,12,34,20,22,19,74,998.76,0.0,11.0
12/21/2018,2018,12,34,24,22,20,69,997.1,0.0,9.0
12/22/2018,2018,12,34,23,22,20,70,997.6,0.0,9.0
12/23/2018,2018,12,34,22,21,18,64,997.85,0.0,9.0
12/24/2018,2018,12,33,20,20,16,66,998.03,0.0,7.0
12/25/2018,2018,12,33,18,18,14,64,996.86,0.0,13.0
12/26/2018,2018,12,33,17,18,14,65,996.3,0.0,6.0
12/27/2018,2018,12,33,17,18,14,66,995.81,0.0,4.0
12/28/2018,2018,12,32,17,19,16,66,996.25,0.0,7.0
12/29/2018,2018,12,25,23,22,20,83,999.23,0.0,6.0
12/3/2018,2018,12,34,22,24,21,77,997.49,0.0,6.0
12/30/2018,2018,12,26,22,21,18,82,1001.94,0.0,4.0
12/31/2018,2018,12,27,20,21,19,81,1003.05,0.0,0.0
12/4/2018,2018,12,35,22,23,22,75,997.85,0.0,6.0
12/5/2018,2018,12,34,22,23,21,75,996.35,0.0,6.0
12/6/2018,2018,12,33,22,23,21,75,995.8,0.0,6.0
12/7/2018,2018,12,33,22,23,21,77,996.45,0.0,6.0
12/8/2018,2018,12,26,24,24,22,89,998.79,0.6,0.0
12/9/2018,2018,12,29,23,23,22,87,998.96,0.0,9.0
1/1/2019,2019,1,30,22,21,17,73,1003.18,0.0,9.0
1/10/2019,2019,1,32,22,24,22,84,998.88,0.0,7.0
1/11/2019,2019,1,32,22,23,22,81,998.93,0.0,6.0
1/12/2019,2019,1,33,22,23,21,75,998.76,0.2,11.0
1/13/2019,2019,1,34,23,23,20,71,998.58,0.0,6.0
1/14/2019,2019,1,34,23,23,19,73,996.8,0.0,6.0
1/15/2019,2019,1,32,23,23,21,73,996.85,0.0,4.0
1/16/2019,2019,1,33,21,21,19,71,997.74,0.0,7.0
1/17/2019,2019,1,33,21,21,18,71,998.36,0.0,6.0
1/18/2019,2019,1,32,20,20,18,71,999.33,0.0,6.0
1/19/2019,2019,1,32,19,20,17,69,998.98,0.0,6.0
1/2/2019,2019,1,30,18,18,16,73,1003.11,0.0,6.0
1/20/2019,2019,1,34,19,20,16,66,998.29,0.0,6.0
1/21/2019,2019,1,33,19,20,17,66,998.92,0.0,7.0
1/22/2019,2019,1,32,21,20,17,70,1000.03,0.0,9.0
1/23/2019,2019,1,33,21,19,17,66,999.8,0.0,7.0
1/24/2019,2019,1,33,19,19,16,65,999.53,0.0,4.0
1/25/2019,2019,1,33,18,18,15,68,1000.34,0.0,6.0
1/26/2019,2019,1,30,19,18,16,67,1001.34,0.0,13.0
1/27/2019,2019,1,31,18,18,16,68,1001.84,0.0,6.0
1/28/2019,2019,1,32,17,18,14,67,1001.05,0.0,6.0
1/29/2019,2019,1,32,17,18,14,67,999.78,0.0,4.0
1/3/2019,2019,1,31,18,18,16,69,1002.96,0.0,7.0
1/30/2019,2019,1,34,17,19,16,68,999.51,0.0,6.0
1/31/2019,2019,1,34,18,19,16,64,999.86,0.0,6.0
1/4/2019,2019,1,31,19,20,16,67,1002.25,0.0,11.0
1/5/2019,2019,1,30,21,21,18,69,1001.1,0.0,6.0
1/6/2019,2019,1,29,22,23,20,81,1000.81,0.3,6.0
1/7/2019,2019,1,32,22,22,21,77,999.38,0.0,7.0
1/8/2019,2019,1,26,23,23,21,90,998.55,0.0,7.0
1/9/2019,2019,1,27,23,24,22,91,999.79,0.2,0.0
2/1/2019,2019,2,33,19,19,16,63,999.69,0.0,0.0
2/10/2019,2019,2,37,19,15,13,46,998.67,0.0,15.0
2/11/2019,2019,2,36,19,23,16,57,999.88,0.0,4.0
2/12/2019,2019,2,33,24,23,21,71,1002.2,0.0,7.0
2/13/2019,2019,2,36,22,22,19,66,1001.1,0.0,6.0
2/14/2019,2019,2,36,22,22,21,66,998.44,0.0,9.0
2/15/2019,2019,2,34,22,22,19,68,998.65,0.0,6.0
2/16/2019,2019,2,34,23,23,20,69,998.19,0.0,9.0
2/17/2019,2019,2,33,22,21,17,63,996.89,0.0,17.0
2/18/2019,2019,2,34,25,18,14,47,996.53,0.0,20.0
2/19/2019,2019,2,35,20,19,14,54,997.93,0.0,15.0
2/2/2019,2019,2,34,20,20,17,64,998.31,0.0,4.0
2/20/2019,2019,2,37,22,19,16,51,999.58,0.0,11.0
2/21/2019,2019,2,37,22,18,16,51,999.1,0.0,7.0
2/22/2019,2019,2,37,21,17,13,48,996.6,0.0,15.0
2/23/2019,2019,2,37,21,21,12,43,995.44,0.0,15.0
2/24/2019,2019,2,38,23,17,13,41,995.19,0.0,15.0
2/25/2019,2019,2,38,21,21,16,49,995.47,0.0,9.0
2/26/2019,2019,2,37,22,18,17,52,995.72,0.0,7.0
2/27/2019,2019,2,37,23,21,18,57,995.16,0.0,6.0
2/28/2019,2019,2,36,23,20,16,51,994.59,0.0,9.0
2/3/2019,2019,2,37,20,19,14,57,998.83,0.0,7.0
2/4/2019,2019,2,37,19,18,14,55,999.11,0.0,4.0
2/5/2019,2019,2,38,19,18,9,51,998.2,0.0,7.0
2/6/2019,2019,2,37,17,16,9,52,996.75,0.0,11.0
2/7/2019,2019,2,38,18,18,15,54,997.71,0.0,6.0
2/8/2019,2019,2,38,18,17,9,51,997.58,0.0,15.0
2/9/2019,2019,2,37,17,16,10,48,997.66,0.0,13.0
3/1/2019,2019,3,38,24,20,18,48,995.31,0.0,9.0
3/10/2019,2019,3,36,25,18,11,42,996.24,0.0,17.0
3/11/2019,2019,3,38,21,17,7,34,996.59,0.0,7.0
3/12/2019,2019,3,38,26,18,14,42,995.65,0.0,11.0
3/13/2019,2019,3,38,27,20,13,45,996.5,0.0,9.0
3/14/2019,2019,3,39,26,21,15,48,997.05,0.0,11.0
3/15/2019,2019,3,38,24,21,16,54,997.89,0.0,9.0
3/16/2019,2019,3,38,24,22,12,40,997.7,0.0,13.0
3/17/2019,2019,3,39,24,22,17,51,997.25,0.0,4.0
3/18/2019,2019,3,38,25,22,19,58,995.94,0.0,15.0
3/19/2019,2019,3,38,26,22,17,50,994.95,0.0,15.0
3/2/2019,2019,3,37,24,18,15,43,994.0,0.0,20.0
3/20/2019,2019,3,38,24,22,16,53,995.21,0.0,13.0
3/21/2019,2019,3,38,28,21,9,43,995.14,0.0,19.0
3/22/2019,2019,3,39,28,19,12,38,994.63,0.0,19.0
3/23/2019,2019,3,40,25,20,12,45,993.95,0.0,7.0
3/24/2019,2019,3,39,26,21,17,49,993.65,0.0,7.0
3/25/2019,2019,3,37,25,23,18,57,995.65,0.0,9.0
3/26/2019,2019,3,35,26,24,22,69,997.56,0.0,7.0
3/27/2019,2019,3,33,26,23,18,64,997.83,0.0,13.0
3/28/2019,2019,3,36,27,22,19,55,995.88,0.0,17.0
3/29/2019,2019,3,38,28,22,12,45,993.65,0.0,13.0
3/3/2019,2019,3,37,25,19,16,44,993.13,0.0,13.0
3/30/2019,2019,3,40,28,19,15,41,993.83,0.0,11.0
3/31/2019,2019,3,39,28,12,6,23,995.03,0.0,13.0
3/4/2019,2019,3,37,26,18,8,41,993.2,0.0,19.0
3/5/2019,2019,3,36,23,18,10,43,994.46,0.0,20.0
3/6/2019,2019,3,38,25,18,13,42,995.35,0.0,11.0
3/7/2019,2019,3,39,27,19,10,36,994.96,0.0,17.0
3/8/2019,2019,3,38,24,20,11,47,995.38,0.0,15.0
3/9/2019,2019,3,37,26,19,13,44,995.49,0.0,19.0
4/1/2019,2019,4,39,23,17,12,39,996.25,0.0,11.0
4/10/2019,2019,4,41,29,22,14,42,993.73,0.0,13.0
4/11/2019,2019,4,42,29,22,13,35,992.06,0.0,11.0
4/12/2019,2019,4,41,30,22,14,42,992.16,0.0,15.0
4/13/2019,2019,4,41,27,22,15,44,992.8,0.0,15.0
4/14/2019,2019,4,41,29,20,14,36,993.53,0.0,13.0
4/15/2019,2019,4,41,29,22,15,42,993.85,0.0,17.0
4/16/2019,2019,4,42,28,23,19,51,993.79,0.0,9.0
4/17/2019,2019,4,41,29,24,19,46,993.46,0.6,11.0
4/18/2019,2019,4,42,30,24,15,40,992.61,0.0,15.0
4/19/2019,2019,4,39,29,22,16,43,991.62,0.0,20.0
4/2/2019,2019,4,37,25,23,20,58,996.21,0.0,7.0
4/20/2019,2019,4,41,29,22,17,46,990.14,0.0,19.0
4/21/2019,2019,4,39,30,22,20,47,989.7,0.0,19.0
4/22/2019,2019,4,39,28,23,19,54,991.16,0.0,9.0
4/23/2019,2019,4,40,25,23,21,62,994.26,0.0,13.0
4/24/2019,2019,4,41,25,26,19,62,993.89,0.0,7.0
4/25/2019,2019,4,40,26,25,20,63,992.85,0.0,13.0
4/26/2019,2019,4,41,26,24,21,63,991.91,0.0,6.0
4/27/2019,2019,4,39,26,23,21,59,992.66,0.0,7.0
4/28/2019,2019,4,40,27,22,16,46,993.31,0.0,13.0
4/29/2019,2019,4,42,29,23,17,41,993.09,0.0,9.0
4/3/2019,2019,4,41,26,21,16,47,995.7,0.0,11.0
4/30/2019,2019,4,41,29,22,17,44,992.58,0.0,20.0
4/4/2019,2019,4,40,26,22,19,53,996.03,0.0,7.0
4/5/2019,2019,4,40,28,22,18,49,995.43,0.0,7.0
4/6/2019,2019,4,39,26,22,17,51,995.33,0.0,11.0
4/7/2019,2019,4,39,25,22,16,48,995.13,0.0,15.0
4/8/2019,2019,4,40,24,22,14,48,994.26,0.0,15.0
4/9/2019,2019,4,40,29,21,16,44,993.75,0.0,13.0
5/1/2019,2019,5,38,29,23,19,50,992.89,0.0,20.0
5/10/2019,2019,5,37,27,25,22,67,992.06,0.0,15.0
5/11/2019,2019,5,38,29,24,21,57,992.98,0.0,15.0
5/12/2019,2019,5,38,27,24,22,60,992.24,1.0,15.0
5/13/2019,2019,5,34,24,24,22,71,993.04,0.0,11.0
5/14/2019,2019,5,34,25,27,23,79,992.66,0.0,9.0
5/15/2019,2019,5,33,25,26,24,84,993.59,0.0,7.0
5/16/2019,2019,5,37,26,23,21,60,993.09,0.0,15.0
5/17/2019,2019,5,37,29,23,21,55,992.18,0.0,19.0
5/18/2019,2019,5,38,29,23,21,54,991.24,0.0,19.0
5/19/2019,2019,5,38,29,24,22,55,991.89,0.0,17.0
5/2/2019,2019,5,38,29,22,21,52,993.16,0.0,19.0
5/20/2019,2019,5,39,30,26,21,54,992.34,0.0,17.0
5/21/2019,2019,5,37,27,24,22,58,992.96,5.0,13.0
5/22/2019,2019,5,33,25,26,23,78,994.25,0.0,6.0
5/23/2019,2019,5,35,26,24,23,73,994.01,0.0,13.0
5/24/2019,2019,5,36,28,24,21,62,993.06,0.0,13.0
5/25/2019,2019,5,36,28,23,21,59,991.18,0.0,20.0
5/26/2019,2019,5,35,29,23,21,58,990.79,0.0,19.0
5/27/2019,2019,5,36,29,24,22,62,990.56,0.0,19.0
5/28/2019,2019,5,36,29,24,23,61,990.45,0.0,9.0
5/29/2019,2019,5,32,25,26,24,88,992.0,32.0,6.0
5/3/2019,2019,5,39,30,23,20,52,993.48,0.0,20.0
5/30/2019,2019,5,31,26,25,24,85,992.4,0.0,4.0
5/31/2019,2019,5,32,26,25,22,77,993.18,0.0,17.0
5/4/2019,2019,5,39,30,23,21,52,993.58,0.0,20.0
5/5/2019,2019,5,37,29,22,20,53,992.76,0.0,20.0
5/6/2019,2019,5,37,29,23,20,54,991.08,0.0,22.0
5/7/2019,2019,5,38,30,23,21,53,989.99,0.0,19.0
5/8/2019,2019,5,33,29,23,22,62,989.9,5.0,19.0
5/9/2019,2019,5,36,26,24,21,63,990.28,13.0,17.0
6/1/2019,2019,6,33,27,24,22,71,992.93,0.0,13.0
6/10/2019,2019,6,34,26,26,22,77,990.56,0.0,9.0
6/11/2019,2019,6,33,26,25,24,78,991.06,0.4,7.0
6/12/2019,2019,6,31,26,27,25,87,991.44,0.4,6.0
6/13/2019,2019,6,35,27,26,25,85,991.39,0.4,6.0
6/14/2019,2019,6,32,27,26,25,85,991.6,0.0,4.0
6/15/2019,2019,6,32,26,26,24,87,991.94,11.0,4.0
6/16/2019,2019,6,31,26,25,24,84,991.51,2.0,11.0
6/17/2019,2019,6,30,26,27,25,88,991.18,0.0,7.0
6/18/2019,2019,6,31,25,27,23,88,991.11,0.0,4.0
6/19/2019,2019,6,31,26,26,24,88,992.05,0.0,4.0
6/2/2019,2019,6,35,26,24,22,65,993.39,0.0,22.0
6/20/2019,2019,6,33,24,26,22,79,992.99,0.0,6.0
6/21/2019,2019,6,34,25,24,22,67,992.51,0.0,11.0
6/22/2019,2019,6,36,29,24,22,61,991.01,0.0,19.0
6/23/2019,2019,6,37,29,24,23,60,989.84,0.0,15.0
6/24/2019,2019,6,36,27,26,24,70,991.55,0.0,7.0
6/25/2019,2019,6,35,26,25,23,74,992.94,0.0,17.0
6/26/2019,2019,6,34,28,24,22,66,992.23,0.0,15.0
6/27/2019,2019,6,30,26,24,21,71,991.24,0.0,20.0
6/28/2019,2019,6,32,27,24,21,69,990.23,0.0,17.0
6/29/2019,2019,6,33,26,25,23,75,990.35,0.0,7.0
6/3/2019,2019,6,33,26,26,22,76,993.58,0.0,9.0
6/30/2019,2019,6,32,25,25,22,78,990.85,0.4,11.0
6/4/2019,2019,6,35,28,26,22,64,993.25,0.0,13.0
6/5/2019,2019,6,37,29,26,21,62,992.59,0.0,13.0
6/6/2019,2019,6,35,26,25,23,73,993.86,0.0,11.0
6/7/2019,2019,6,36,26,24,23,70,994.01,0.0,13.0
6/8/2019,2019,6,36,26,26,24,74,992.86,0.0,6.0
6/9/2019,2019,6,32,26,26,23,77,991.59,4.0,13.0
7/1/2019,2019,7,29,26,24,22,73,992.11,0.0,13.0
7/10/2019,2019,7,31,27,23,22,69,993.94,0.0,15.0
7/11/2019,2019,7,33,27,22,22,65,995.3,0.0,17.0
7/12/2019,2019,7,34,27,23,22,65,995.04,0.0,19.0
7/13/2019,2019,7,34,28,22,21,62,994.1,0.0,17.0
7/14/2019,2019,7,32,27,23,22,67,992.49,0.0,17.0
7/15/2019,2019,7,33,26,23,22,68,990.84,0.0,19.0
7/16/2019,2019,7,34,27,26,22,70,990.41,1.0,17.0
7/17/2019,2019,7,35,27,25,22,64,989.21,0.0,17.0
7/18/2019,2019,7,36,28,23,22,60,989.08,0.0,19.0
7/19/2019,2019,7,36,28,23,22,60,989.75,0.0,19.0
7/2/2019,2019,7,29,27,24,21,74,992.13,0.0,17.0
7/20/2019,2019,7,35,28,24,21,61,990.71,0.0,17.0
7/21/2019,2019,7,36,27,26,23,72,992.01,0.0,15.0
7/22/2019,2019,7,32,27,25,20,70,993.09,0.0,11.0
7/23/2019,2019,7,32,27,24,23,71,992.35,0.0,17.0
7/24/2019,2019,7,30,26,24,22,75,993.19,0.0,19.0
7/25/2019,2019,7,30,26,25,20,75,994.38,0.2,19.0
7/26/2019,2019,7,29,24,24,21,77,994.78,0.2,9.0
7/27/2019,2019,7,30,26,22,20,66,994.13,0.0,17.0
7/28/2019,2019,7,34,26,25,22,72,993.31,0.0,17.0
7/29/2019,2019,7,33,27,22,21,63,993.49,0.0,22.0
7/3/2019,2019,7,29,24,24,21,77,991.79,0.0,13.0
7/30/2019,2019,7,32,27,22,20,63,992.7,0.0,24.0
7/31/2019,2019,7,32,27,22,21,63,990.84,0.0,20.0
7/4/2019,2019,7,31,26,22,20,68,990.96,0.0,15.0
7/5/2019,2019,7,31,26,23,22,74,991.99,0.0,17.0
7/6/2019,2019,7,32,26,23,21,67,992.85,0.0,19.0
7/7/2019,2019,7,32,27,24,21,69,993.08,1.0,15.0
7/8/2019,2019,7,32,27,23,21,68,993.8,0.0,13.0
7/9/2019,2019,7,33,26,23,22,68,993.86,0.0,15.0
8/1/2019,2019,8,29,26,24,21,74,990.98,1.0,20.0
8/10/2019,2019,8,30,24,26,23,88,986.35,0.0,6.0
8/11/2019,2019,8,30,26,27,24,90,988.08,0.6,6.0
8/12/2019,2019,8,31,25,27,24,86,991.3,0.0,4.0
8/13/2019,2019,8,30,25,26,23,85,993.86,0.0,11.0
8/14/2019,2019,8,30,27,24,22,73,993.89,0.0,15.0
8/15/2019,2019,8,32,27,23,22,69,992.56,0.0,20.0
8/16/2019,2019,8,31,28,23,22,68,990.99,0.0,19.0
8/17/2019,2019,8,31,27,23,22,70,992.16,0.0,13.0
8/18/2019,2019,8,31,26,24,22,72,994.68,0.0,13.0
8/19/2019,2019,8,32,25,24,22,75,993.6,0.2,15.0
8/2/2019,2019,8,29,26,22,21,68,990.81,0.0,24.0
8/20/2019,2019,8,34,27,24,22,67,991.08,0.0,15.0
8/21/2019,2019,8,30,26,25,22,81,990.93,3.2,15.0
8/22/2019,2019,8,32,25,26,24,88,992.54,6.0,15.0
8/23/2019,2019,8,31,24,26,24,87,993.86,0.0,6.0
8/24/2019,2019,8,32,26,24,22,74,993.01,0.0,13.0
8/25/2019,2019,8,33,25,24,22,76,991.83,0.0,13.0
8/26/2019,2019,8,32,27,22,22,70,991.64,0.0,17.0
8/27/2019,2019,8,33,27,23,22,68,990.84,0.0,17.0
8/28/2019,2019,8,32,26,23,21,67,991.86,0.0,15.0
8/29/2019,2019,8,33,26,24,22,67,990.44,0.0,15.0
8/3/2019,2019,8,30,26,22,19,65,990.73,0.0,26.0
8/30/2019,2019,8,29,25,24,22,76,986.62,16.0,19.0
8/31/2019,2019,8,28,24,24,22,92,987.88,11.0,0.0
8/4/2019,2019,8,29,25,23,21,73,988.15,0.2,19.0
8/5/2019,2019,8,29,24,25,23,88,988.63,0.0,6.0
8/6/2019,2019,8,29,24,26,23,91,991.4,0.0,0.0
8/7/2019,2019,8,29,24,24,23,88,991.79,0.5,13.0
8/8/2019,2019,8,31,24,24,23,79,990.55,0.0,13.0
8/9/2019,2019,8,29,27,24,22,75,988.36,0.0,19.0
9/1/2019,2019,9,31,24,27,23,90,991.99,0.0,6.0
9/10/2019,2019,9,31,26,24,21,72,994.25,0.0,13.0
9/11/2019,2019,9,28,25,25,21,83,997.69,1.2,9.0
9/12/2019,2019,9,32,24,23,21,70,997.71,0.0,13.0
9/13/2019,2019,9,32,26,23,21,67,994.88,0.0,19.0
9/14/2019,2019,9,34,27,26,19,70,992.95,0.0,13.0
9/15/2019,2019,9,34,26,25,24,81,993.3,0.4,11.0
9/16/2019,2019,9,34,25,25,24,78,992.84,0.0,6.0
9/17/2019,2019,9,36,25,25,23,73,993.54,0.0,6.0
9/18/2019,2019,9,34,26,25,24,73,994.55,0.0,6.0
9/19/2019,2019,9,31,24,26,23,86,995.98,1.0,7.0
9/2/2019,2019,9,32,25,24,22,81,992.58,0.0,17.0
9/20/2019,2019,9,29,24,26,23,91,995.28,10.6,6.0
9/21/2019,2019,9,31,25,26,24,88,995.16,0.4,7.0
9/22/2019,2019,9,32,24,25,23,86,997.4,0.0,6.0
9/23/2019,2019,9,32,23,25,21,81,999.25,0.0,9.0
9/24/2019,2019,9,32,25,26,23,82,999.89,0.0,4.0
9/25/2019,2019,9,33,24,25,23,83,1000.83,0.0,0.0
9/26/2019,2019,9,33,24,25,23,79,1000.51,0.0,6.0
9/27/2019,2019,9,28,25,24,23,85,1000.86,0.0,15.0
9/28/2019,2019,9,32,24,24,23,81,999.96,0.0,7.0
9/29/2019,2019,9,34,24,26,23,79,999.24,0.0,0.0
9/3/2019,2019,9,31,24,23,21,74,991.99,0.0,17.0
9/30/2019,2019,9,35,24,24,23,76,996.25,0.0,6.0
9/4/2019,2019,9,32,26,23,22,70,991.64,0.0,17.0
9/5/2019,2019,9,31,27,23,21,69,992.26,0.0,20.0
9/6/2019,2019,9,30,27,23,22,71,992.59,0.0,13.0
9/7/2019,2019,9,31,27,23,21,70,993.72,0.0,19.0
9/8/2019,2019,9,30,27,23,22,70,994.16,0.0,17.0
9/9/2019,2019,9,31,27,23,21,68,993.25,0.0,17.0
10/1/2019,2019,10,35,26,24,22,72,995.58,0.0,9.0
10/10/2019,2019,10,33,25,26,22,81,996.87,9.0,6.0
10/11/2019,2019,10,32,23,24,22,80,996.46,0.0,4.0
10/12/2019,2019,10,35,24,26,23,78,995.35,0.0,4.0
10/13/2019,2019,10,31,24,26,23,89,996.31,1.0,0.0
10/14/2019,2019,10,33,25,26,22,80,998.46,0.0,0.0
10/15/2019,2019,10,33,24,24,23,77,998.94,0.0,4.0
10/16/2019,2019,10,32,25,24,23,81,999.06,3.0,7.0
10/17/2019,2019,10,32,24,25,23,82,998.89,0.0,9.0
10/18/2019,2019,10,33,23,24,22,79,998.77,0.0,7.0
10/19/2019,2019,10,33,23,24,22,80,999.29,0.0,6.0
10/2/2019,2019,10,36,24,25,22,69,995.91,0.0,7.0
10/20/2019,2019,10,33,23,24,22,80,998.7,0.0,4.0
10/21/2019,2019,10,33,23,25,23,81,996.8,0.0,0.0
10/22/2019,2019,10,35,23,25,22,77,994.8,0.0,6.0
10/23/2019,2019,10,36,24,26,22,74,994.25,0.0,4.0
10/24/2019,2019,10,36,25,26,23,75,995.3,0.0,6.0
10/25/2019,2019,10,33,24,26,24,83,997.12,22.0,7.0
10/26/2019,2019,10,34,24,26,24,81,997.43,0.0,7.0
10/27/2019,2019,10,34,25,25,24,80,996.91,0.0,6.0
10/28/2019,2019,10,34,24,25,22,78,996.74,0.0,7.0
10/29/2019,2019,10,34,25,25,22,77,997.09,0.0,4.0
10/3/2019,2019,10,34,26,24,23,76,995.94,0.0,7.0
10/30/2019,2019,10,32,25,25,23,81,996.96,0.0,6.0
10/31/2019,2019,10,32,24,24,21,75,996.36,0.0,9.0
10/4/2019,2019,10,34,24,24,21,75,995.76,0.0,15.0
10/5/2019,2019,10,31,23,25,22,84,997.06,0.0,0.0
10/6/2019,2019,10,33,24,24,23,80,997.13,0.0,6.0
10/7/2019,2019,10,32,24,24,22,81,997.15,0.0,7.0
10/8/2019,2019,10,32,23,24,22,82,998.08,0.2,7.0
10/9/2019,2019,10,33,24,26,23,80,997.31,0.0,6.0
11/1/2019,2019,11,30,21,23,18,75,996.54,0.0,7.0
11/10/2019,2019,11,31,21,22,20,79,997.88,0.0,6.0
11/11/2019,2019,11,33,21,23,20,79,996.03,0.0,0.0
11/12/2019,2019,11,34,21,23,21,77,996.35,0.0,0.0
11/13/2019,2019,11,33,22,24,21,76,998.3,0.0,0.0
11/14/2019,2019,11,31,24,24,21,82,999.7,0.0,0.0
11/15/2019,2019,11,32,23,23,21,77,998.84,0.0,6.0
11/16/2019,2019,11,33,21,23,21,77,997.54,0.0,6.0
11/17/2019,2019,11,34,21,23,20,75,996.66,0.0,4.0
11/18/2019,2019,11,34,23,23,19,73,997.09,0.0,4.0
11/19/2019,2019,11,33,22,22,19,73,997.84,0.0,4.0
11/2/2019,2019,11,29,23,23,21,86,996.88,0.0,7.0
11/20/2019,2019,11,32,22,21,18,74,998.74,0.0,6.0
11/21/2019,2019,11,32,19,21,18,72,999.52,0.0,7.0
11/22/2019,2019,11,32,19,20,18,73,999.38,0.0,9.0
11/23/2019,2019,11,33,19,19,18,71,998.9,0.0,13.0
11/24/2019,2019,11,33,18,19,17,70,998.53,0.0,6.0
11/25/2019,2019,11,32,18,19,17,71,999.9,0.0,6.0
11/26/2019,2019,11,32,18,19,16,70,999.93,0.0,7.0
11/27/2019,2019,11,33,19,22,17,71,999.29,0.0,7.0
11/28/2019,2019,11,33,22,22,20,71,999.22,0.0,7.0
11/29/2019,2019,11,32,21,21,19,73,999.45,0.0,6.0
11/3/2019,2019,11,33,23,24,22,79,996.83,0.0,6.0
11/30/2019,2019,11,33,20,21,19,71,998.96,0.0,4.0
11/4/2019,2019,11,32,24,24,22,82,998.18,3.0,6.0
11/5/2019,2019,11,31,22,23,22,82,996.5,0.0,6.0
11/6/2019,2019,11,33,22,23,21,78,994.83,0.0,6.0
11/7/2019,2019,11,33,22,24,22,80,996.16,0.0,0.0
11/8/2019,2019,11,30,23,25,22,86,999.11,0.0,0.0
11/9/2019,2019,11,30,23,23,19,78,999.43,0.0,6.0
12/1/2019,2019,12,34,21,22,19,71,998.25,0.0,6.0
12/10/2019,2019,12,28,11,14,10,69,1000.54,0.0,6.0
12/11/2019,2019,12,28,13,16,12,70,999.73,0.0,7.0
12/12/2019,2019,12,29,14,16,13,71,1000.58,0.0,6.0
12/13/2019,2019,12,30,14,17,13,72,1001.79,0.0,9.0
12/14/2019,2019,12,31,14,18,13,71,1001.84,0.0,6.0
12/15/2019,2019,12,32,16,18,15,70,1000.15,0.0,6.0
12/16/2019,2019,12,33,17,19,15,69,998.91,0.0,6.0
12/17/2019,2019,12,34,18,19,16,69,999.09,0.0,6.0
12/18/2019,2019,12,34,18,20,17,69,998.41,0.0,6.0
12/19/2019,2019,12,34,19,20,18,68,998.01,0.0,6.0
12/2/2019,2019,12,29,21,21,20,78,999.31,0.0,6.0
12/20/2019,2019,12,33,21,21,19,70,997.24,0.0,7.0
12/21/2019,2019,12,33,20,24,18,73,997.64,0.0,6.0
12/22/2019,2019,12,33,20,19,17,68,997.56,0.0,4.0
12/23/2019,2019,12,34,18,18,17,63,997.7,0.0,11.0
12/24/2019,2019,12,34,18,19,17,66,998.09,0.0,6.0
12/25/2019,2019,12,34,19,19,17,65,997.13,0.0,13.0
12/26/2019,2019,12,33,19,19,17,66,997.54,0.0,4.0
12/27/2019,2019,12,32,19,21,17,70,997.71,0.0,7.0
12/28/2019,2019,12,32,20,21,18,70,998.3,0.0,7.0
12/29/2019,2019,12,32,21,19,18,66,998.84,0.0,7.0
12/3/2019,2019,12,29,21,20,16,69,1000.85,0.0,6.0
12/30/2019,2019,12,32,22,20,19,67,1000.15,0.0,7.0
12/31/2019,2019,12,32,19,19,17,68,1001.81,0.0,7.0
12/4/2019,2019,12,28,18,17,14,68,1002.53,0.0,6.0
12/5/2019,2019,12,28,14,17,11,68,1003.78,0.0,7.0
12/6/2019,2019,12,27,13,13,9,65,1005.2,0.0,11.0
12/7/2019,2019,12,26,11,12,5,66,1004.86,0.0,7.0
12/8/2019,2019,12,26,10,11,8,66,1004.9,0.0,7.0
12/9/2019,2019,12,26,10,13,9,69,1003.25,0.0,6.0
1/1/2020,2020,1,32,19,20,17,69,1003.11,0.0,7.0
1/10/2020,2020,1,35,19,19,16,61,996.11,0.0,6.0
1/11/2020,2020,1,35,20,16,5,46,995.81,0.0,15.0
1/12/2020,2020,1,34,17,19,12,57,995.65,0.0,4.0
1/13/2020,2020,1,32,21,22,17,69,995.91,0.0,6.0
1/14/2020,2020,1,34,21,20,18,67,996.83,0.0,0.0
1/15/2020,2020,1,34,22,20,18,65,997.18,0.0,6.0
1/16/2020,2020,1,35,21,19,17,62,997.69,0.0,6.0
1/17/2020,2020,1,35,20,19,17,65,998.56,0.0,7.0
1/18/2020,2020,1,34,20,21,17,62,997.83,0.0,6.0
1/19/2020,2020,1,34,21,22,17,64,997.89,0.0,6.0
1/2/2020,2020,1,31,22,20,18,67,1003.59,0.0,6.0
1/20/2020,2020,1,34,23,21,18,63,999.14,0.0,7.0
1/21/2020,2020,1,35,22,21,19,66,1000.36,0.0,7.0
1/22/2020,2020,1,36,21,22,18,65,999.53,0.0,4.0
1/23/2020,2020,1,36,23,19,16,53,997.39,0.0,13.0
1/24/2020,2020,1,35,21,19,9,51,997.03,0.0,15.0
1/25/2020,2020,1,34,21,16,9,44,995.79,0.0,20.0
1/26/2020,2020,1,32,19,12,0,36,995.63,0.0,20.0
1/27/2020,2020,1,32,19,13,2,37,995.06,0.0,22.0
1/28/2020,2020,1,34,17,14,5,41,996.43,0.0,9.0
1/29/2020,2020,1,34,16,14,9,49,998.35,0.0,7.0
1/3/2020,2020,1,32,19,19,18,68,1001.59,0.0,6.0
1/30/2020,2020,1,32,16,19,12,63,998.16,0.0,7.0
1/31/2020,2020,1,33,18,17,14,61,998.58,0.0,6.0
1/4/2020,2020,1,33,19,19,17,66,999.2,0.0,6.0
1/5/2020,2020,1,33,21,20,18,66,998.75,0.0,7.0
1/6/2020,2020,1,34,20,20,18,65,998.79,0.0,6.0
1/7/2020,2020,1,34,20,20,18,64,997.88,0.0,6.0
1/8/2020,2020,1,34,20,19,18,67,997.84,0.0,6.0
1/9/2020,2020,1,35,18,19,16,65,997.51,0.0,4.0
2/1/2020,2020,2,33,17,19,16,66,998.94,0.0,7.0
2/10/2020,2020,2,34,19,18,16,60,1000.18,0.0,7.0
2/11/2020,2020,2,36,19,20,16,58,999.51,0.0,4.0
2/12/2020,2020,2,36,21,17,15,49,998.13,0.0,13.0
2/13/2020,2020,2,34,24,16,14,42,997.1,0.0,15.0
2/14/2020,2020,2,33,20,16,14,48,995.21,0.0,20.0
2/15/2020,2020,2,34,21,17,13,47,995.96,0.0,20.0
2/16/2020,2020,2,36,18,17,13,49,997.63,0.0,9.0
2/17/2020,2020,2,36,19,17,15,54,998.76,0.0,9.0
2/18/2020,2020,2,32,23,18,17,56,1000.35,0.0,7.0
2/19/2020,2020,2,35,22,18,17,56,1000.79,0.0,4.0
2/2/2020,2020,2,34,20,19,17,62,999.7,0.0,6.0
2/20/2020,2020,2,35,21,18,16,56,1000.45,0.0,9.0
2/21/2020,2020,2,34,20,17,15,55,1002.46,0.0,7.0
2/22/2020,2020,2,34,19,17,14,55,1003.54,0.0,11.0
2/23/2020,2020,2,34,19,18,14,55,1002.33,0.0,7.0
2/24/2020,2020,2,36,19,17,15,54,999.16,0.0,7.0
2/25/2020,2020,2,36,20,17,13,49,997.2,0.0,6.0
2/26/2020,2020,2,35,21,17,14,50,997.35,0.0,6.0
2/27/2020,2020,2,37,20,18,16,52,996.74,0.0,7.0
2/28/2020,2020,2,36,21,20,17,54,995.85,0.0,7.0
2/29/2020,2020,2,36,24,22,18,57,995.29,0.0,6.0
2/3/2020,2020,2,34,18,17,12,52,998.61,0.0,9.0
2/4/2020,2020,2,35,20,22,13,51,997.29,0.0,9.0
2/5/2020,2020,2,35,20,18,13,49,996.83,0.0,7.0
2/6/2020,2020,2,34,21,15,12,44,997.66,0.0,13.0
2/7/2020,2020,2,37,21,17,12,48,998.43,0.0,6.0
2/8/2020,2020,2,36,19,18,16,56,999.18,0.0,7.0
2/9/2020,2020,2,34,21,18,17,60,1000.6,0.0,11.0
3/1/2020,2020,3,37,23,19,17,52,995.24,0.0,9.0
3/10/2020,2020,3,38,28,21,15,44,992.98,0.0,17.0
3/11/2020,2020,3,39,24,17,14,37,994.55,0.0,13.0
3/12/2020,2020,3,40,26,18,12,36,995.83,0.0,15.0
3/13/2020,2020,3,41,24,18,12,37,996.29,0.0,13.0
3/14/2020,2020,3,41,24,20,16,45,995.11,0.0,6.0
3/15/2020,2020,3,36,24,23,17,56,995.98,0.0,11.0
3/16/2020,2020,3,37,24,23,21,62,997.3,0.0,7.0
3/17/2020,2020,3,39,26,21,16,47,996.81,0.0,13.0
3/18/2020,2020,3,39,28,19,12,37,994.94,0.0,19.0
3/19/2020,2020,3,39,27,20,14,43,994.15,0.0,13.0
3/2/2020,2020,3,37,23,19,17,48,994.86,0.0,19.0
3/20/2020,2020,3,37,27,21,16,49,995.11,0.0,15.0
3/21/2020,2020,3,38,24,20,15,47,996.05,0.0,15.0
3/22/2020,2020,3,38,26,19,12,38,995.7,0.0,15.0
3/23/2020,2020,3,40,25,18,13,40,994.65,0.0,15.0
3/24/2020,2020,3,38,27,21,15,39,993.25,0.0,15.0
3/25/2020,2020,3,38,26,20,16,42,992.87,0.0,9.0
3/26/2020,2020,3,38,24,18,12,38,994.3,0.0,15.0
3/27/2020,2020,3,38,27,16,13,36,994.8,0.0,19.0
3/28/2020,2020,3,39,29,17,12,33,993.6,0.0,13.0
3/29/2020,2020,3,38,29,16,13,34,992.87,0.0,17.0
3/3/2020,2020,3,36,28,19,17,47,995.01,0.0,13.0
3/30/2020,2020,3,39,28,19,9,34,993.3,0.0,17.0
3/31/2020,2020,3,40,27,20,14,43,993.49,0.0,13.0
3/4/2020,2020,3,36,27,21,18,52,995.56,0.0,19.0
3/5/2020,2020,3,36,25,21,18,54,995.85,0.0,13.0
3/6/2020,2020,3,36,24,22,19,55,997.34,0.0,15.0
3/7/2020,2020,3,37,24,19,15,47,997.43,0.0,19.0
3/8/2020,2020,3,37,23,17,14,41,995.31,0.0,19.0
3/9/2020,2020,3,38,28,19,13,36,992.68,0.0,19.0
4/1/2020,2020,4,39,28,21,16,43,993.08,0.0,15.0
4/10/2020,2020,4,39,23,21,13,52,997.26,0.0,9.0
4/11/2020,2020,4,40,24,18,9,41,996.44,0.0,13.0
4/12/2020,2020,4,40,29,21,13,37,994.86,0.0,13.0
4/13/2020,2020,4,36,27,23,14,57,996.03,0.0,11.0
4/14/2020,2020,4,36,24,22,21,65,997.51,0.0,9.0
4/15/2020,2020,4,37,27,22,17,58,996.51,0.0,11.0
4/16/2020,2020,4,39,26,22,16,48,994.73,0.0,11.0
4/17/2020,2020,4,39,29,19,16,38,994.59,0.0,15.0
4/18/2020,2020,4,37,28,22,18,50,995.96,0.0,9.0
4/19/2020,2020,4,41,28,19,15,39,994.71,0.0,15.0
4/2/2020,2020,4,39,29,19,12,35,993.55,0.0,13.0
4/20/2020,2020,4,42,29,21,15,36,994.34,0.0,11.0
4/21/2020,2020,4,42,31,22,18,39,993.39,0.0,13.0
4/22/2020,2020,4,40,31,20,16,36,993.36,0.0,17.0
4/23/2020,2020,4,39,29,23,17,48,994.41,0.0,9.0
4/24/2020,2020,4,38,26,23,18,62,995.16,0.0,11.0
4/25/2020,2020,4,33,26,24,22,69,997.33,0.2,9.0
4/26/2020,2020,4,37,24,22,20,67,997.53,0.0,7.0
4/27/2020,2020,4,25,23,23,22,92,1000.46,20.0,9.0
4/28/2020,2020,4,34,24,23,21,72,998.25,0.0,7.0
4/29/2020,2020,4,33,26,24,21,71,996.46,0.0,13.0
4/3/2020,2020,4,40,26,18,13,37,994.8,0.0,17.0
4/30/2020,2020,4,35,26,24,22,73,996.71,0.0,9.0
4/4/2020,2020,4,41,29,19,13,37,995.16,0.0,9.0
4/5/2020,2020,4,39,26,22,14,53,995.25,0.0,7.0
4/6/2020,2020,4,39,28,22,17,48,994.54,0.0,17.0
4/7/2020,2020,4,39,29,22,18,47,993.58,0.0,19.0
4/8/2020,2020,4,39,28,21,11,41,994.46,0.0,17.0
4/9/2020,2020,4,39,27,21,13,39,995.45,0.0,7.0
5/1/2020,2020,5,35,26,25,22,73,995.26,0.0,9.0
5/10/2020,2020,5,38,27,28,22,65,993.41,0.0,6.0
5/11/2020,2020,5,38,27,26,22,64,994.85,0.0,9.0
5/12/2020,2020,5,37,26,24,23,66,994.36,0.0,6.0
5/13/2020,2020,5,38,28,24,22,63,993.37,0.0,11.0
5/14/2020,2020,5,39,28,24,20,56,993.3,0.0,11.0
5/15/2020,2020,5,38,27,24,21,63,991.53,0.0,11.0
5/16/2020,2020,5,40,30,23,21,52,990.5,0.0,13.0
5/17/2020,2020,5,38,30,24,22,55,990.24,0.0,15.0
5/18/2020,2020,5,38,30,26,23,61,989.86,0.0,20.0
5/19/2020,2020,5,35,26,26,23,82,991.35,30.0,9.0
5/2/2020,2020,5,35,25,26,23,82,994.38,1.0,6.0
5/20/2020,2020,5,36,26,26,23,77,991.5,0.0,7.0
5/21/2020,2020,5,33,27,27,22,75,992.8,11.0,13.0
5/22/2020,2020,5,36,28,25,23,64,992.25,0.0,15.0
5/23/2020,2020,5,38,29,24,21,57,991.85,0.0,15.0
5/24/2020,2020,5,38,29,23,22,54,993.23,0.0,17.0
5/25/2020,2020,5,37,29,23,21,54,994.35,0.0,11.0
5/26/2020,2020,5,37,29,24,21,58,994.64,0.0,20.0
5/27/2020,2020,5,37,29,24,22,59,994.03,0.0,19.0
5/28/2020,2020,5,36,29,24,22,60,993.8,0.0,28.0
5/29/2020,2020,5,36,28,24,22,62,994.05,0.0,24.0
5/3/2020,2020,5,37,28,26,21,60,993.75,0.0,9.0
5/30/2020,2020,5,36,28,24,17,58,994.99,0.0,15.0
5/31/2020,2020,5,34,28,24,21,62,995.83,0.0,15.0
5/4/2020,2020,5,37,29,24,14,55,994.38,0.0,7.0
5/5/2020,2020,5,40,30,24,21,53,993.01,0.0,11.0
5/6/2020,2020,5,40,31,24,21,56,992.19,0.7,13.0
5/7/2020,2020,5,40,24,24,21,54,991.8,0.0,11.0
5/8/2020,2020,5,35,25,27,23,76,993.71,0.0,7.0
5/9/2020,2020,5,38,30,26,23,61,992.86,0.0,11.0
6/1/2020,2020,6,37,28,22,21,55,994.96,0.0,19.0
6/10/2020,2020,6,35,25,24,23,74,992.71,0.0,9.0
6/11/2020,2020,6,36,27,23,22,63,992.36,0.0,15.0
6/12/2020,2020,6,36,28,23,22,58,990.94,0.0,17.0
6/13/2020,2020,6,36,28,24,21,58,989.79,0.0,17.0
6/14/2020,2020,6,34,27,25,22,69,991.0,1.0,19.0
6/15/2020,2020,6,33,26,24,23,81,992.64,0.6,11.0
6/16/2020,2020,6,30,25,26,22,83,993.33,1.0,11.0
6/17/2020,2020,6,31,25,24,22,81,993.01,0.0,9.0
6/18/2020,2020,6,27,24,24,21,86,994.25,0.6,7.0
6/19/2020,2020,6,33,25,24,21,70,993.36,0.0,11.0
6/2/2020,2020,6,34,29,23,22,60,994.06,0.0,13.0
6/20/2020,2020,6,36,27,23,21,61,992.76,0.0,11.0
6/21/2020,2020,6,35,28,24,21,62,991.68,0.0,15.0
6/22/2020,2020,6,37,28,24,22,61,991.34,0.0,15.0
6/23/2020,2020,6,36,28,24,23,65,992.63,0.6,9.0
6/24/2020,2020,6,37,27,24,23,66,992.8,0.0,13.0
6/25/2020,2020,6,35,29,23,22,62,992.16,0.0,15.0
6/26/2020,2020,6,36,28,23,20,60,992.24,0.0,15.0
6/27/2020,2020,6,34,27,22,21,61,992.34,0.0,15.0
6/28/2020,2020,6,36,27,22,19,56,991.98,0.0,15.0
6/29/2020,2020,6,36,28,22,19,56,991.33,0.0,15.0
6/3/2020,2020,6,37,27,26,22,64,992.84,0.0,11.0
6/30/2020,2020,6,36,28,23,22,59,991.39,0.0,15.0
6/4/2020,2020,6,38,27,24,22,65,992.24,0.4,15.0
6/5/2020,2020,6,38,28,24,23,63,992.2,0.6,15.0
6/6/2020,2020,6,33,27,25,23,73,992.36,0.0,6.0
6/7/2020,2020,6,34,26,26,24,81,992.1,6.0,15.0
6/8/2020,2020,6,33,25,24,23,85,991.61,2.0,7.0
6/9/2020,2020,6,33,24,26,23,82,991.99,0.6,9.0
7/1/2020,2020,7,33,28,23,19,61,991.21,0.0,24.0
7/10/2020,2020,7,35,28,22,20,57,992.19,0.0,19.0
7/11/2020,2020,7,35,28,22,21,57,992.13,0.0,20.0
7/12/2020,2020,7,34,29,23,21,60,991.44,0.0,13.0
7/13/2020,2020,7,34,26,24,23,76,991.98,2.0,9.0
7/14/2020,2020,7,32,25,24,21,76,993.14,0.0,13.0
7/15/2020,2020,7,36,27,25,21,62,991.99,0.0,13.0
7/16/2020,2020,7,36,27,23,21,60,991.1,0.0,15.0
7/17/2020,2020,7,36,26,26,22,75,992.24,0.0,13.0
7/18/2020,2020,7,36,26,23,22,63,993.18,0.0,15.0
7/19/2020,2020,7,36,28,23,21,60,992.84,0.0,15.0
7/2/2020,2020,7,35,28,22,21,60,989.8,0.0,22.0
7/20/2020,2020,7,36,28,24,21,60,992.29,0.0,13.0
7/21/2020,2020,7,33,28,24,23,66,993.33,0.0,11.0
7/22/2020,2020,7,35,24,25,23,79,993.29,0.0,11.0
7/23/2020,2020,7,36,27,24,22,65,993.16,0.0,6.0
7/24/2020,2020,7,38,28,24,22,62,993.1,0.0,7.0
7/25/2020,2020,7,37,26,24,22,62,992.74,0.0,15.0
7/26/2020,2020,7,34,27,24,23,67,992.64,0.0,7.0
7/27/2020,2020,7,34,28,26,23,69,991.59,0.0,11.0
7/28/2020,2020,7,33,27,25,23,71,992.59,0.0,13.0
7/29/2020,2020,7,34,26,24,21,66,993.69,0.0,19.0
7/3/2020,2020,7,33,28,24,21,64,991.06,0.2,19.0
7/30/2020,2020,7,35,27,23,21,63,992.96,0.0,19.0
7/31/2020,2020,7,35,28,22,22,60,990.24,0.0,22.0
7/4/2020,2020,7,32,26,23,21,67,992.83,0.4,11.0
7/5/2020,2020,7,34,26,24,21,66,992.31,0.0,19.0
7/6/2020,2020,7,36,28,23,21,57,991.08,0.0,17.0
7/7/2020,2020,7,38,27,25,21,61,992.56,0.0,15.0
7/8/2020,2020,7,35,26,26,24,80,993.59,2.0,7.0
7/9/2020,2020,7,36,28,23,21,59,992.05,0.0,17.0
8/1/2020,2020,8,34,28,23,22,61,987.9,0.0,22.0
8/10/2020,2020,8,33,28,23,22,64,992.0,0.0,17.0
8/11/2020,2020,8,33,28,23,22,67,992.18,0.0,15.0
8/12/2020,2020,8,33,27,25,22,69,992.24,0.0,11.0
8/13/2020,2020,8,33,25,24,22,78,991.64,0.0,17.0
8/14/2020,2020,8,31,25,25,24,84,992.3,0.0,9.0
8/15/2020,2020,8,28,24,25,23,91,993.46,0.0,6.0
8/16/2020,2020,8,31,24,24,22,80,993.47,0.4,7.0
8/17/2020,2020,8,32,26,23,21,68,992.78,0.0,15.0
8/18/2020,2020,8,32,26,23,21,70,992.56,0.0,13.0
8/19/2020,2020,8,32,24,25,21,74,992.44,0.0,15.0
8/2/2020,2020,8,29,28,24,22,71,985.61,0.0,22.0
8/20/2020,2020,8,35,26,24,22,67,992.94,0.0,15.0
8/21/2020,2020,8,28,25,25,22,82,994.2,0.2,11.0
8/22/2020,2020,8,31,25,26,22,84,992.4,17.0,9.0
8/23/2020,2020,8,31,25,26,22,84,992.74,0.0,13.0
8/24/2020,2020,8,31,25,23,21,76,994.63,0.4,17.0
8/25/2020,2020,8,34,24,23,21,67,994.51,0.0,15.0
8/26/2020,2020,8,33,27,22,20,60,993.84,0.0,19.0
8/27/2020,2020,8,31,27,23,22,68,992.03,0.0,19.0
8/28/2020,2020,8,34,28,23,22,63,990.46,0.0,20.0
8/29/2020,2020,8,35,27,24,21,62,990.64,0.0,17.0
8/3/2020,2020,8,30,25,27,24,90,984.5,0.6,6.0
8/30/2020,2020,8,36,26,24,14,65,990.89,0.0,9.0
8/31/2020,2020,8,33,26,26,23,77,992.2,0.0,6.0
8/4/2020,2020,8,29,26,27,24,90,987.15,5.2,7.0
8/5/2020,2020,8,33,25,25,23,81,990.28,0.0,13.0
8/6/2020,2020,8,31,26,26,23,76,992.48,0.0,13.0
8/7/2020,2020,8,34,28,27,22,71,991.54,2.2,17.0
8/8/2020,2020,8,34,26,25,22,76,991.4,0.0,9.0
8/9/2020,2020,8,35,27,26,22,68,990.52,0.0,13.0
9/1/2020,2020,9,30,24,25,22,84,993.66,0.6,7.0
9/10/2020,2020,9,35,27,24,23,71,992.11,0.2,6.0
9/11/2020,2020,9,34,26,26,24,80,992.9,1.0,7.0
9/12/2020,2020,9,33,25,25,24,79,994.96,0.4,6.0
9/13/2020,2020,9,33,26,26,23,82,994.99,0.0,7.0
9/14/2020,2020,9,36,25,25,22,78,994.03,0.0,6.0
9/15/2020,2020,9,34,26,26,24,81,993.69,3.0,6.0
9/16/2020,2020,9,36,26,25,23,73,992.9,0.0,11.0
9/17/2020,2020,9,34,26,24,23,67,990.93,0.0,13.0
9/18/2020,2020,9,32,27,26,23,77,988.0,4.0,15.0
9/19/2020,2020,9,27,25,26,24,94,986.42,11.0,6.0
9/2/2020,2020,9,34,26,25,22,76,994.21,0.0,15.0
9/20/2020,2020,9,29,25,26,24,92,991.81,1.4,6.0
9/21/2020,2020,9,29,25,25,24,89,994.89,0.0,6.0
9/22/2020,2020,9,32,25,26,24,84,994.91,0.0,7.0
9/23/2020,2020,9,35,24,26,23,79,994.5,0.0,11.0
9/24/2020,2020,9,31,24,27,23,88,995.31,0.0,6.0
9/25/2020,2020,9,32,26,24,22,76,994.3,0.2,15.0
9/26/2020,2020,9,33,27,23,22,67,994.0,0.0,13.0
9/27/2020,2020,9,34,27,24,22,64,992.63,0.0,15.0
9/28/2020,2020,9,33,25,26,23,78,991.75,1.0,19.0
9/29/2020,2020,9,30,24,25,23,89,992.61,1.2,4.0
9/3/2020,2020,9,36,26,26,22,66,993.62,0.0,13.0
9/30/2020,2020,9,31,24,25,23,86,992.36,0.0,6.0
9/4/2020,2020,9,35,27,26,24,72,993.1,0.0,6.0
9/5/2020,2020,9,32,27,27,24,80,992.58,0.0,6.0
9/6/2020,2020,9,35,27,24,22,65,992.09,0.0,15.0
9/7/2020,2020,9,34,28,23,22,64,992.81,0.0,17.0
9/8/2020,2020,9,34,28,24,22,66,993.16,0.0,11.0
9/9/2020,2020,9,34,26,25,22,70,993.76,0.0,11.0
10/1/2020,2020,10,34,25,24,22,73,991.69,0.0,11.0
10/10/2020,2020,10,28,23,24,22,89,994.79,0.0,9.0
10/11/2020,2020,10,30,24,24,23,84,992.75,0.0,4.0
10/12/2020,2020,10,32,24,26,23,82,991.8,0.0,6.0
10/13/2020,2020,10,32,24,24,22,79,992.65,0.0,6.0
10/14/2020,2020,10,33,24,26,22,78,992.06,0.0,7.0
10/15/2020,2020,10,31,27,25,24,76,990.77,0.0,6.0
10/16/2020,2020,10,28,25,26,24,91,992.54,12.0,6.0
10/17/2020,2020,10,29,24,24,23,91,993.05,0.0,6.0
10/18/2020,2020,10,25,23,24,22,92,994.85,1.0,6.0
10/19/2020,2020,10,25,22,22,22,93,995.99,0.0,7.0
10/2/2020,2020,10,34,25,26,22,73,992.14,0.0,9.0
10/20/2020,2020,10,25,22,22,22,91,997.31,0.0,4.0
10/21/2020,2020,10,27,23,23,22,90,997.63,0.8,6.0
10/22/2020,2020,10,27,24,24,23,86,995.94,0.8,4.0
10/23/2020,2020,10,29,24,23,21,85,996.13,0.0,7.0
10/24/2020,2020,10,30,24,24,23,85,996.88,0.0,7.0
10/25/2020,2020,10,24,23,23,22,95,997.53,0.0,0.0
10/26/2020,2020,10,32,22,23,22,74,995.08,0.0,6.0
10/27/2020,2020,10,27,24,23,23,87,995.86,1.0,6.0
10/28/2020,2020,10,32,23,26,22,81,994.94,0.0,7.0
10/29/2020,2020,10,29,23,24,23,85,994.0,0.0,7.0
10/3/2020,2020,10,30,25,26,24,84,993.39,4.0,6.0
10/30/2020,2020,10,28,23,24,22,91,996.23,0.0,6.0
10/31/2020,2020,10,28,24,25,23,91,998.09,5.0,6.0
10/4/2020,2020,10,32,24,25,23,85,994.43,5.0,7.0
10/5/2020,2020,10,32,24,26,24,84,994.19,0.0,6.0
10/6/2020,2020,10,32,26,27,24,86,994.65,15.0,9.0
10/7/2020,2020,10,33,25,26,24,80,994.8,0.0,6.0
10/8/2020,2020,10,29,26,26,23,87,994.06,0.2,7.0
10/9/2020,2020,10,28,24,24,22,84,994.71,0.0,6.0
11/1/2020,2020,11,32,24,25,23,85,998.38,0.0,6.0
11/10/2020,2020,11,30,22,22,16,77,998.86,0.0,7.0
11/11/2020,2020,11,29,20,20,14,70,1000.24,0.0,7.0
11/12/2020,2020,11,38,21,22,14,72,1000.64,0.0,7.0
11/13/2020,2020,11,32,22,22,21,79,998.83,0.0,4.0
11/14/2020,2020,11,32,21,22,20,77,997.89,0.0,6.0
11/15/2020,2020,11,32,20,21,15,71,998.11,0.0,7.0
11/16/2020,2020,11,32,23,22,19,70,998.25,0.0,6.0
11/17/2020,2020,11,33,22,23,21,75,997.0,0.0,4.0
11/18/2020,2020,11,33,22,26,21,80,995.93,0.0,4.0
11/19/2020,2020,11,33,22,23,21,77,995.21,0.0,4.0
11/2/2020,2020,11,33,24,26,23,82,998.0,0.0,6.0
11/20/2020,2020,11,34,22,24,21,76,995.68,0.0,6.0
11/21/2020,2020,11,34,22,24,21,74,995.94,0.0,6.0
11/22/2020,2020,11,33,23,24,21,77,997.55,0.0,6.0
11/23/2020,2020,11,32,24,24,22,79,998.5,0.0,4.0
11/24/2020,2020,11,32,23,23,21,77,998.86,0.0,7.0
11/25/2020,2020,11,33,21,22,19,75,998.72,0.0,7.0
11/26/2020,2020,11,32,20,22,19,73,999.23,0.0,7.0
11/27/2020,2020,11,31,21,21,19,76,1000.3,0.0,7.0
11/28/2020,2020,11,31,20,21,18,74,1000.66,0.0,6.0
11/29/2020,2020,11,31,19,20,18,73,1000.11,0.0,7.0
11/3/2020,2020,11,31,24,24,22,82,998.74,0.6,6.0
11/30/2020,2020,11,31,22,21,19,71,1000.29,0.0,9.0
11/4/2020,2020,11,33,24,23,22,78,998.21,0.0,7.0
11/5/2020,2020,11,31,23,24,22,81,998.41,0.0,4.0
11/6/2020,2020,11,32,23,24,22,82,998.66,0.0,4.0
11/7/2020,2020,11,30,23,25,22,87,999.44,0.5,7.0
11/8/2020,2020,11,24,24,23,23,93,999.97,0.0,0.0
11/9/2020,2020,11,31,23,24,20,78,999.23,0.0,6.0
12/1/2020,2020,12,31,20,21,18,73,1001.01,0.0,6.0
12/10/2020,2020,12,31,16,19,14,74,998.38,0.0,6.0
12/11/2020,2020,12,32,15,19,14,74,998.11,0.0,6.0
12/12/2020,2020,12,33,17,21,16,74,996.89,0.0,9.0
12/13/2020,2020,12,34,19,21,17,72,995.48,0.0,6.0
12/14/2020,2020,12,34,22,22,19,70,996.09,0.0,7.0
12/15/2020,2020,12,32,22,23,21,77,998.15,0.0,6.0
12/16/2020,2020,12,32,22,22,21,77,999.13,0.0,4.0
12/17/2020,2020,12,32,20,21,19,75,998.45,0.0,6.0
12/18/2020,2020,12,31,19,20,18,74,998.8,0.0,6.0
12/19/2020,2020,12,29,21,21,18,75,999.76,0.0,6.0
12/2/2020,2020,12,31,22,21,18,70,999.43,0.0,4.0
12/20/2020,2020,12,28,19,20,15,71,1001.39,0.0,9.0
12/21/2020,2020,12,26,18,16,14,65,1001.65,0.0,9.0
12/22/2020,2020,12,27,17,15,12,64,1000.66,0.0,9.0
12/23/2020,2020,12,30,14,16,13,69,998.61,0.0,9.0
12/24/2020,2020,12,31,16,17,13,65,997.66,0.0,7.0
12/25/2020,2020,12,32,17,19,14,65,997.6,0.0,7.0
12/26/2020,2020,12,32,19,21,18,74,997.83,0.0,4.0
12/27/2020,2020,12,34,20,22,19,72,996.55,0.0,4.0
12/28/2020,2020,12,35,20,22,19,69,995.43,0.0,9.0
12/29/2020,2020,12,35,19,19,13,62,995.91,0.0,6.0
12/3/2020,2020,12,27,22,21,20,79,999.56,0.0,7.0
12/30/2020,2020,12,32,16,20,13,63,997.81,0.0,7.0
12/31/2020,2020,12,29,20,18,14,59,1000.91,0.0,9.0
12/4/2020,2020,12,28,20,20,18,79,999.78,0.0,6.0
12/5/2020,2020,12,28,18,18,16,74,1001.13,0.0,7.0
12/6/2020,2020,12,29,16,18,14,74,1001.16,0.0,4.0
12/7/2020,2020,12,30,16,18,15,72,1000.9,0.0,4.0
12/8/2020,2020,12,30,16,18,16,74,1000.5,0.0,6.0
12/9/2020,2020,12,30,17,18,16,74,998.85,0.0,6.0
1/1/2021,2021,1,27,15,15,12,66,1002.35,0.0,9.0
1/10/2021,2021,1,30,16,17,15,68,998.39,0.0,6.0
1/11/2021,2021,1,29,17,16,15,64,999.84,0.0,9.0
1/12/2021,2021,1,23,17,13,9,57,1003.58,0.0,9.0
1/13/2021,2021,1,27,16,14,10,62,1001.54,0.0,4.0
1/14/2021,2021,1,30,14,16,12,65,999.0,0.0,7.0
1/15/2021,2021,1,31,14,17,13,67,996.44,0.0,6.0
1/16/2021,2021,1,33,23,18,16,51,994.68,0.0,7.0
1/17/2021,2021,1,31,17,18,16,69,999.0,0.0,7.0
1/18/2021,2021,1,28,19,17,13,57,1001.2,0.0,9.0
1/19/2021,2021,1,29,14,14,12,64,1000.04,0.0,6.0
1/2/2021,2021,1,28,13,15,12,69,1001.59,0.0,6.0
1/20/2021,2021,1,31,13,14,11,65,998.71,0.0,6.0
1/21/2021,2021,1,32,14,15,13,64,997.41,0.0,6.0
1/22/2021,2021,1,33,14,16,13,63,996.58,0.0,6.0
1/23/2021,2021,1,32,16,17,14,62,996.11,0.0,7.0
1/24/2021,2021,1,34,17,17,14,59,996.79,0.0,4.0
1/25/2021,2021,1,35,18,18,16,60,996.84,0.0,4.0
1/26/2021,2021,1,35,18,19,15,60,996.25,0.0,6.0
1/27/2021,2021,1,34,19,19,17,62,996.63,0.0,6.0
1/28/2021,2021,1,35,20,20,18,64,997.89,0.0,6.0
1/29/2021,2021,1,32,22,21,16,63,998.8,0.0,11.0
1/3/2021,2021,1,30,13,16,12,68,999.85,0.0,6.0
1/30/2021,2021,1,31,22,21,16,67,999.03,3.0,4.0
1/31/2021,2021,1,33,20,19,17,65,999.58,0.0,6.0
1/4/2021,2021,1,31,14,17,13,69,1000.23,0.0,6.0
1/5/2021,2021,1,33,16,18,14,66,999.35,0.0,6.0
1/6/2021,2021,1,34,19,21,17,68,997.19,0.0,7.0
1/7/2021,2021,1,34,21,21,19,67,996.09,0.0,6.0
1/8/2021,2021,1,30,22,20,18,70,996.8,0.0,7.0
1/9/2021,2021,1,29,21,21,16,64,998.34,0.0,7.0
2/1/2021,2021,2,34,20,19,17,64,999.23,0.0,6.0
2/10/2021,2021,2,32,17,18,13,61,997.94,0.0,6.0
2/11/2021,2021,2,33,15,16,13,61,997.75,0.0,6.0
2/12/2021,2021,2,34,18,17,15,60,997.65,0.0,4.0
2/13/2021,2021,2,35,18,18,14,56,997.49,0.0,7.0
2/14/2021,2021,2,35,19,19,14,53,997.41,0.0,7.0
2/15/2021,2021,2,35,19,17,13,50,995.93,0.0,15.0
2/16/2021,2021,2,36,22,18,16,49,995.36,0.0,6.0
2/17/2021,2021,2,35,21,20,17,59,997.36,0.0,9.0
2/18/2021,2021,2,33,22,18,16,53,1000.85,0.0,9.0
2/19/2021,2021,2,32,20,17,14,57,1002.41,0.0,9.0
2/2/2021,2021,2,35,19,19,16,60,998.58,0.0,7.0
2/20/2021,2021,2,33,17,17,14,59,1000.79,0.0,6.0
2/21/2021,2021,2,35,17,17,14,57,998.71,0.0,9.0
2/22/2021,2021,2,36,18,17,13,54,996.88,0.0,9.0
2/23/2021,2021,2,37,21,21,15,56,995.41,0.0,7.0
2/24/2021,2021,2,36,25,21,19,57,993.95,0.0,15.0
2/25/2021,2021,2,37,25,19,14,46,993.14,0.0,15.0
2/26/2021,2021,2,36,24,18,12,42,991.83,0.0,15.0
2/27/2021,2021,2,37,24,18,7,40,993.33,0.0,13.0
2/28/2021,2021,2,38,21,19,9,47,993.6,0.0,13.0
2/3/2021,2021,2,35,20,18,16,58,998.59,0.0,7.0
2/4/2021,2021,2,34,19,18,16,60,999.54,0.0,7.0
2/5/2021,2021,2,33,18,18,15,61,998.94,0.0,6.0
2/6/2021,2021,2,33,18,17,15,60,997.46,0.0,7.0
2/7/2021,2021,2,34,19,19,16,59,996.63,0.0,6.0
2/8/2021,2021,2,28,22,21,18,71,996.43,0.0,4.0
2/9/2021,2021,2,31,21,21,17,69,997.23,0.0,9.0
3/1/2021,2021,3,39,19,17,8,45,996.64,0.0,6.0
3/10/2021,2021,3,38,21,21,14,50,997.25,0.0,7.0
3/11/2021,2021,3,37,23,21,18,55,997.51,0.0,7.0
3/12/2021,2021,3,38,24,22,19,56,997.68,0.0,6.0
3/13/2021,2021,3,36,26,23,20,56,997.05,0.0,7.0
3/14/2021,2021,3,36,25,22,21,59,995.3,0.0,6.0
3/15/2021,2021,3,39,26,22,19,52,994.04,0.0,9.0
3/16/2021,2021,3,39,27,21,19,51,993.56,0.0,9.0
3/17/2021,2021,3,38,28,22,19,51,993.36,0.0,9.0
3/18/2021,2021,3,40,28,22,19,48,993.15,0.0,6.0
3/19/2021,2021,3,40,27,23,16,43,992.43,0.0,9.0
3/2/2021,2021,3,38,18,22,12,45,996.69,0.0,7.0
3/20/2021,2021,3,41,30,21,14,40,990.98,0.0,11.0
3/21/2021,2021,3,41,30,23,17,41,991.68,0.0,9.0
3/22/2021,2021,3,34,27,22,20,56,996.74,0.0,9.0
3/23/2021,2021,3,37,27,21,19,52,997.85,0.0,7.0
3/24/2021,2021,3,37,24,21,19,56,995.44,0.0,6.0
3/25/2021,2021,3,39,29,23,21,52,993.7,0.0,15.0
3/26/2021,2021,3,39,28,23,22,61,993.59,2.0,9.0
3/27/2021,2021,3,39,27,22,19,55,992.58,0.0,9.0
3/28/2021,2021,3,38,29,22,20,51,991.98,0.0,15.0
3/29/2021,2021,3,39,29,22,16,44,991.18,0.0,19.0
3/3/2021,2021,3,38,23,21,13,47,995.96,0.0,7.0
3/30/2021,2021,3,35,29,21,17,47,990.29,0.0,17.0
3/31/2021,2021,3,39,28,22,16,44,989.25,0.0,17.0
3/4/2021,2021,3,35,24,23,22,68,997.51,0.0,7.0
3/5/2021,2021,3,38,25,21,16,46,996.4,0.0,15.0
3/6/2021,2021,3,39,24,19,13,42,997.11,0.0,7.0
3/7/2021,2021,3,38,21,19,15,49,996.25,0.0,7.0
3/8/2021,2021,3,38,22,22,14,53,997.36,0.0,6.0
3/9/2021,2021,3,39,21,21,13,52,997.23,0.0,7.0
4/1/2021,2021,4,39,28,20,16,43,989.56,0.0,17.0
4/10/2021,2021,4,36,23,24,22,72,996.49,0.0,7.0
4/11/2021,2021,4,34,26,24,22,73,997.55,0.0,7.0
4/12/2021,2021,4,34,26,24,20,70,997.46,0.0,4.0
4/13/2021,2021,4,36,25,23,20,62,996.29,0.0,9.0
4/14/2021,2021,4,36,24,24,22,78,995.81,0.0,6.0
4/15/2021,2021,4,36,23,24,21,72,994.79,0.0,7.0
4/16/2021,2021,4,36,27,23,21,64,994.24,0.0,9.0
4/17/2021,2021,4,33,24,24,22,78,996.68,0.0,6.0
4/18/2021,2021,4,31,25,26,23,82,996.1,2.0,9.0
4/19/2021,2021,4,34,24,24,22,76,994.21,0.0,15.0
4/2/2021,2021,4,37,30,22,17,47,990.94,0.0,17.0
4/20/2021,2021,4,35,24,23,22,70,993.74,0.0,6.0
4/21/2021,2021,4,37,26,25,23,67,993.89,0.0,6.0
4/22/2021,2021,4,37,28,23,20,58,993.05,0.0,15.0
4/23/2021,2021,4,37,29,23,20,56,991.77,0.0,19.0
4/24/2021,2021,4,38,28,24,21,56,991.55,0.0,15.0
4/25/2021,2021,4,38,29,24,21,55,992.66,0.0,13.0
4/26/2021,2021,4,31,23,26,22,84,994.28,0.8,11.0
4/27/2021,2021,4,27,24,24,23,91,996.12,0.7,6.0
4/28/2021,2021,4,32,24,25,23,87,997.31,0.0,4.0
4/29/2021,2021,4,32,24,24,23,84,997.06,0.0,6.0
4/3/2021,2021,4,41,27,24,20,53,991.2,0.0,11.0
4/30/2021,2021,4,29,24,26,23,89,996.68,0.8,4.0
4/4/2021,2021,4,31,23,23,21,77,995.38,0.0,9.0
4/5/2021,2021,4,28,23,24,22,84,996.81,2.0,7.0
4/6/2021,2021,4,31,23,24,22,84,997.36,0.2,9.0
4/7/2021,2021,4,34,22,23,19,71,997.73,0.0,7.0
4/8/2021,2021,4,37,25,23,20,63,994.86,0.0,7.0
4/9/2021,2021,4,37,23,22,20,61,994.68,0.0,9.0
5/1/2021,2021,5,33,24,26,23,81,996.61,0.0,6.0
5/10/2021,2021,5,35,25,26,23,74,993.34,0.0,13.0
5/11/2021,2021,5,36,27,24,22,62,992.34,0.0,9.0
5/12/2021,2021,5,36,29,24,22,62,991.59,0.0,19.0
5/13/2021,2021,5,36,28,24,22,61,991.2,0.0,19.0
5/14/2021,2021,5,38,28,24,23,61,990.86,0.0,13.0
5/15/2021,2021,5,38,29,25,22,59,991.49,0.0,13.0
5/16/2021,2021,5,38,29,25,22,58,991.91,0.0,6.0
5/17/2021,2021,5,37,27,26,23,68,992.09,0.0,11.0
5/18/2021,2021,5,37,27,25,24,68,992.59,0.0,9.0
5/19/2021,2021,5,37,30,24,22,58,991.79,0.0,15.0
5/2/2021,2021,5,33,25,25,22,78,995.99,0.0,7.0
5/20/2021,2021,5,37,29,24,22,58,991.75,0.0,13.0
5/21/2021,2021,5,38,29,24,23,59,991.49,0.0,13.0
5/22/2021,2021,5,37,29,24,23,60,990.25,0.0,17.0
5/23/2021,2021,5,35,29,23,22,58,990.83,0.0,17.0
5/24/2021,2021,5,37,29,23,21,56,991.61,0.0,17.0
5/25/2021,2021,5,36,26,24,22,69,991.96,0.0,7.0
5/26/2021,2021,5,33,26,25,21,72,991.81,0.4,13.0
5/27/2021,2021,5,38,27,24,23,65,991.74,0.0,7.0
5/28/2021,2021,5,34,26,26,25,84,993.55,0.8,4.0
5/29/2021,2021,5,31,26,26,25,88,993.55,0.0,11.0
5/3/2021,2021,5,35,24,25,23,74,994.15,0.0,7.0
5/30/2021,2021,5,33,25,26,24,82,992.34,0.8,11.0
5/31/2021,2021,5,36,26,26,23,72,991.49,0.0,13.0
5/4/2021,2021,5,37,26,25,23,66,993.43,0.0,6.0
5/5/2021,2021,5,36,27,26,23,70,993.84,0.0,6.0
5/6/2021,2021,5,31,26,24,23,76,997.28,0.0,15.0
5/7/2021,2021,5,33,25,25,23,76,997.49,0.0,6.0
5/8/2021,2021,5,35,25,27,22,75,995.24,0.1,6.0
5/9/2021,2021,5,32,23,26,22,85,994.81,0.0,7.0
6/1/2021,2021,6,37,28,24,22,61,991.71,0.0,13.0
6/10/2021,2021,6,31,26,23,21,71,990.49,0.1,15.0
6/11/2021,2021,6,33,26,22,21,65,990.41,0.0,17.0
6/12/2021,2021,6,32,27,22,20,62,991.68,0.0,20.0
6/13/2021,2021,6,29,26,24,22,77,991.21,0.2,7.0
6/14/2021,2021,6,28,24,25,23,90,991.9,0.4,4.0
6/15/2021,2021,6,29,24,26,23,89,991.55,0.4,7.0
6/16/2021,2021,6,30,24,24,23,88,992.61,6.0,11.0
6/17/2021,2021,6,32,24,23,22,75,994.59,0.0,13.0
6/18/2021,2021,6,34,25,23,19,64,995.6,0.0,19.0
6/19/2021,2021,6,34,27,22,21,62,994.96,0.0,13.0
6/2/2021,2021,6,37,29,25,23,61,991.84,0.0,13.0
6/20/2021,2021,6,34,28,23,21,63,993.21,0.0,20.0
6/21/2021,2021,6,34,28,22,20,62,992.11,0.0,19.0
6/22/2021,2021,6,34,27,23,21,63,992.74,0.0,19.0
6/23/2021,2021,6,33,27,22,21,64,993.53,0.0,17.0
6/24/2021,2021,6,32,27,22,21,65,992.91,0.2,20.0
6/25/2021,2021,6,35,27,23,21,60,991.13,0.0,15.0
6/26/2021,2021,6,35,28,24,22,65,992.19,0.0,13.0
6/27/2021,2021,6,36,28,23,22,65,994.21,0.0,11.0
6/28/2021,2021,6,33,27,24,22,69,993.9,0.0,17.0
6/29/2021,2021,6,33,28,23,21,63,992.35,0.0,22.0
6/3/2021,2021,6,37,29,24,22,59,992.48,0.0,15.0
6/30/2021,2021,6,33,27,23,21,64,992.2,0.2,19.0
6/4/2021,2021,6,36,29,24,23,60,992.33,0.0,17.0
6/5/2021,2021,6,34,29,23,22,62,992.34,0.0,19.0
6/6/2021,2021,6,32,28,23,22,65,991.53,0.0,24.0
6/7/2021,2021,6,33,28,23,22,65,990.98,0.0,19.0
6/8/2021,2021,6,32,27,23,22,67,990.88,0.0,15.0
6/9/2021,2021,6,32,25,23,22,73,991.22,0.9,15.0
7/1/2021,2021,7,34,27,22,21,63,992.47,0.0,19.0
7/10/2021,2021,7,31,24,26,24,92,991.53,1.6,9.0
7/11/2021,2021,7,28,24,26,24,94,992.68,2.0,7.0
7/12/2021,2021,7,32,25,26,23,88,994.4,14.2,4.0
7/13/2021,2021,7,35,24,26,23,77,993.19,0.0,7.0
7/14/2021,2021,7,35,27,25,23,70,991.95,0.0,6.0
7/15/2021,2021,7,33,25,26,23,80,992.58,0.4,4.0
7/16/2021,2021,7,32,25,26,24,89,994.6,2.0,0.0
7/17/2021,2021,7,34,26,24,22,72,992.54,0.0,6.0
7/18/2021,2021,7,33,27,23,22,69,990.58,0.0,11.0
7/19/2021,2021,7,31,26,25,22,73,989.98,0.0,19.0
7/2/2021,2021,7,33,26,23,22,66,993.79,0.0,17.0
7/20/2021,2021,7,30,26,24,22,75,990.78,0.0,7.0
7/21/2021,2021,7,31,26,26,22,82,990.58,2.0,4.0
7/22/2021,2021,7,30,25,26,22,86,990.51,0.0,13.0
7/23/2021,2021,7,32,24,26,23,82,991.04,1.4,7.0
7/24/2021,2021,7,30,26,24,22,80,990.48,4.6,15.0
7/25/2021,2021,7,30,26,24,22,75,990.2,0.7,15.0
7/26/2021,2021,7,27,24,24,22,86,990.11,2.4,15.0
7/27/2021,2021,7,31,24,25,23,88,989.65,0.0,13.0
7/28/2021,2021,7,28,24,25,23,91,989.96,0.6,7.0
7/29/2021,2021,7,31,24,24,23,80,990.53,0.0,17.0
7/3/2021,2021,7,33,27,23,21,66,993.54,0.0,19.0
7/30/2021,2021,7,32,27,24,22,70,991.7,0.0,15.0
7/31/2021,2021,7,32,27,24,22,71,991.84,0.0,13.0
7/4/2021,2021,7,35,28,23,21,60,991.89,0.0,20.0
7/5/2021,2021,7,36,28,23,22,60,990.51,0.0,17.0
7/6/2021,2021,7,32,29,23,22,65,989.66,0.0,19.0
7/7/2021,2021,7,34,26,24,22,69,991.08,0.0,13.0
7/8/2021,2021,7,32,26,24,21,70,990.75,0.0,15.0
7/9/2021,2021,7,30,25,26,24,86,990.8,5.0,7.0
8/1/2021,2021,8,30,27,23,22,71,990.8,0.0,19.0
8/10/2021,2021,8,34,28,24,23,66,989.95,0.0,17.0
8/11/2021,2021,8,33,28,24,21,67,991.76,0.0,11.0
8/12/2021,2021,8,35,25,26,23,75,993.93,0.0,13.0
8/13/2021,2021,8,33,26,24,22,70,992.37,0.2,13.0
8/14/2021,2021,8,32,26,25,23,80,990.94,0.0,9.0
8/15/2021,2021,8,28,24,26,23,88,992.94,0.0,4.0
8/16/2021,2021,8,29,24,26,23,90,996.46,0.0,4.0
8/17/2021,2021,8,34,24,26,22,73,996.8,0.0,9.0
8/18/2021,2021,8,36,26,23,22,62,994.55,0.0,15.0
8/19/2021,2021,8,35,27,24,21,64,993.25,0.0,17.0
8/2/2021,2021,8,29,26,24,23,78,991.05,0.6,9.0
8/20/2021,2021,8,34,26,26,22,70,994.22,0.0,13.0
8/21/2021,2021,8,35,26,25,23,71,994.55,0.0,9.0
8/22/2021,2021,8,36,28,24,22,64,993.19,0.0,19.0
8/23/2021,2021,8,34,27,23,22,62,992.09,0.0,17.0
8/24/2021,2021,8,34,28,24,22,65,990.79,0.0,15.0
8/25/2021,2021,8,32,26,26,22,76,990.23,0.0,11.0
8/26/2021,2021,8,32,25,26,24,83,991.54,0.2,9.0
8/27/2021,2021,8,30,24,25,23,88,992.3,20.0,4.0
8/28/2021,2021,8,28,24,25,22,90,992.29,12.4,6.0
8/29/2021,2021,8,31,24,26,23,89,993.3,0.0,6.0
8/3/2021,2021,8,29,25,25,22,86,991.18,1.1,9.0
8/30/2021,2021,8,32,24,26,23,85,994.41,0.0,6.0
8/31/2021,2021,8,33,26,26,24,86,994.68,0.0,4.0
8/4/2021,2021,8,31,24,25,22,81,991.8,0.4,7.0
8/5/2021,2021,8,29,26,26,24,86,991.3,2.0,7.0
8/6/2021,2021,8,31,25,24,23,77,992.06,0.2,20.0
8/7/2021,2021,8,32,26,24,22,75,993.76,0.0,17.0
8/8/2021,2021,8,33,27,24,22,70,993.95,0.0,15.0
8/9/2021,2021,8,33,28,25,22,68,992.13,0.0,22.0
9/1/2021,2021,9,31,24,26,24,92,994.44,0.0,6.0
9/10/2021,2021,9,29,23,26,23,91,993.25,1.0,6.0
9/11/2021,2021,9,30,24,25,22,85,993.56,0.0,9.0
9/12/2021,2021,9,31,24,23,22,73,991.98,0.0,15.0
9/13/2021,2021,9,33,26,23,22,67,992.18,0.0,19.0
9/14/2021,2021,9,30,24,25,22,80,993.66,0.0,15.0
9/15/2021,2021,9,32,26,26,24,83,993.74,0.2,7.0
9/16/2021,2021,9,30,24,25,23,90,994.15,20.0,6.0
9/17/2021,2021,9,30,25,26,24,88,994.73,0.8,4.0
9/18/2021,2021,9,33,24,26,23,84,995.23,0.0,9.0
9/19/2021,2021,9,35,26,25,22,72,994.89,0.0,11.0
9/2/2021,2021,9,32,24,26,23,84,993.34,0.0,11.0
9/20/2021,2021,9,33,25,26,23,81,993.35,0.0,7.0
9/21/2021,2021,9,30,23,26,23,88,992.91,9.0,11.0
9/22/2021,2021,9,28,24,25,23,92,992.4,0.0,6.0
9/23/2021,2021,9,29,24,25,23,91,993.78,0.2,9.0
9/24/2021,2021,9,31,24,25,23,86,994.2,0.0,6.0
9/25/2021,2021,9,29,25,26,23,90,991.95,1.0,9.0
9/26/2021,2021,9,27,24,24,23,94,992.08,3.8,7.0
9/27/2021,2021,9,31,24,26,23,87,994.76,0.0,6.0
9/28/2021,2021,9,32,25,25,23,83,995.61,0.0,6.0
9/29/2021,2021,9,33,25,26,24,84,994.3,0.0,4.0
9/3/2021,2021,9,31,24,24,23,89,992.34,0.0,6.0
9/30/2021,2021,9,34,25,27,24,80,993.85,0.0,4.0
9/4/2021,2021,9,30,24,26,22,85,992.55,0.0,6.0
9/5/2021,2021,9,31,24,24,21,76,993.81,0.0,19.0
9/6/2021,2021,9,34,25,25,22,78,995.01,0.0,6.0
9/7/2021,2021,9,33,24,26,24,82,994.83,0.0,7.0
9/8/2021,2021,9,33,26,26,23,80,991.95,0.0,9.0
9/9/2021,2021,9,28,24,24,23,92,991.31,0.0,11.0
10/1/2021,2021,10,34,24,26,23,81,994.26,0.0,6.0
10/10/2021,2021,10,34,27,25,23,71,989.78,0.0,15.0
10/11/2021,2021,10,32,24,25,23,84,990.01,10.0,9.0
10/12/2021,2021,10,30,25,26,24,90,990.64,0.0,6.0
10/13/2021,2021,10,31,24,27,23,87,990.04,0.4,9.0
10/14/2021,2021,10,33,25,26,23,84,989.46,0.0,6.0
10/15/2021,2021,10,27,24,24,23,91,990.89,2.0,4.0
10/16/2021,2021,10,28,24,25,23,94,993.88,0.0,6.0
10/17/2021,2021,10,27,24,24,23,94,997.34,7.3,6.0
10/18/2021,2021,10,27,23,23,22,91,998.18,0.2,7.0
10/19/2021,2021,10,26,23,24,22,94,999.74,0.2,6.0
10/2/2021,2021,10,33,24,26,23,83,994.93,0.0,4.0
10/20/2021,2021,10,32,23,26,23,84,999.01,0.0,6.0
10/21/2021,2021,10,33,26,26,23,86,997.2,27.0,6.0
10/22/2021,2021,10,32,24,25,22,82,997.85,1.0,7.0
10/23/2021,2021,10,27,24,24,23,91,999.63,0.2,6.0
10/24/2021,2021,10,29,24,24,23,88,999.61,0.0,4.0
10/25/2021,2021,10,30,24,24,23,87,998.35,1.2,4.0
10/26/2021,2021,10,29,23,24,23,88,997.43,0.0,6.0
10/27/2021,2021,10,31,22,25,22,85,997.33,0.0,4.0
10/28/2021,2021,10,32,24,25,23,83,997.4,1.0,4.0
10/29/2021,2021,10,27,24,24,23,92,998.89,1.0,6.0
10/3/2021,2021,10,34,25,24,23,77,994.19,0.0,6.0
10/30/2021,2021,10,31,24,26,23,86,999.31,0.2,0.0
10/31/2021,2021,10,33,24,25,23,85,998.65,0.0,0.0
10/4/2021,2021,10,33,25,26,23,81,994.3,0.0,6.0
10/5/2021,2021,10,34,25,26,24,78,994.19,0.0,7.0
10/6/2021,2021,10,31,25,25,23,83,992.1,0.2,7.0
10/7/2021,2021,10,33,25,26,23,81,991.36,0.0,6.0
10/8/2021,2021,10,34,24,26,23,79,990.68,0.0,6.0
10/9/2021,2021,10,34,25,26,24,80,990.76,0.0,7.0
11/1/2021,2021,11,31,24,26,23,86,998.8,0.0,6.0
11/10/2021,2021,11,29,23,24,22,85,998.75,0.0,4.0
11/11/2021,2021,11,30,23,23,22,82,997.81,0.0,6.0
11/12/2021,2021,11,31,22,24,21,82,998.08,0.0,6.0
11/13/2021,2021,11,31,24,23,21,79,998.26,0.0,4.0
11/14/2021,2021,11,29,23,24,22,85,998.05,0.0,4.0
11/15/2021,2021,11,31,23,24,22,84,996.3,0.0,6.0
11/16/2021,2021,11,31,24,24,23,84,996.41,0.0,4.0
11/17/2021,2021,11,31,24,24,23,84,997.36,0.0,6.0
11/18/2021,2021,11,32,23,25,23,82,996.33,0.0,6.0
11/19/2021,2021,11,33,23,24,22,81,994.15,0.0,4.0
11/2/2021,2021,11,29,24,26,23,90,998.63,14.0,7.0
11/20/2021,2021,11,34,23,26,22,80,993.56,0.0,4.0
11/21/2021,2021,11,34,23,25,23,79,995.03,0.0,4.0
11/22/2021,2021,11,31,23,25,22,83,996.09,0.0,6.0
11/23/2021,2021,11,33,24,24,21,77,996.78,0.0,7.0
11/24/2021,2021,11,29,23,23,21,79,998.39,0.0,9.0
11/25/2021,2021,11,29,23,23,21,80,998.91,0.0,6.0
11/26/2021,2021,11,31,22,23,21,80,998.45,0.0,4.0
11/27/2021,2021,11,29,23,22,20,81,999.58,0.2,6.0
11/28/2021,2021,11,31,22,21,18,76,999.78,0.0,6.0
11/29/2021,2021,11,31,20,21,19,78,998.81,0.0,4.0
11/3/2021,2021,11,31,24,26,23,87,997.65,0.0,4.0
11/30/2021,2021,11,30,20,21,17,76,998.9,0.0,9.0
11/4/2021,2021,11,31,23,25,23,85,997.16,0.0,4.0
11/5/2021,2021,11,33,23,25,22,82,995.89,0.0,6.0
11/6/2021,2021,11,33,23,26,22,82,993.83,0.0,6.0
11/7/2021,2021,11,33,23,26,23,82,993.89,0.0,6.0
11/8/2021,2021,11,32,24,26,23,89,995.78,8.0,6.0
11/9/2021,2021,11,31,24,24,23,84,998.14,0.0,4.0
12/1/2021,2021,12,29,22,20,17,70,999.8,0.0,9.0
12/10/2021,2021,12,30,18,20,17,75,1000.94,0.0,4.0
12/11/2021,2021,12,31,19,21,18,77,1000.8,0.0,6.0
12/12/2021,2021,12,30,18,19,17,75,1001.15,0.0,9.0
12/13/2021,2021,12,30,17,19,17,76,1000.69,0.0,4.0
12/14/2021,2021,12,29,18,19,16,74,999.56,0.0,9.0
12/15/2021,2021,12,30,16,19,16,74,998.45,0.0,7.0
12/16/2021,2021,12,31,16,19,16,74,998.05,0.0,7.0
12/17/2021,2021,12,31,17,19,17,73,998.75,0.0,9.0
12/18/2021,2021,12,28,19,20,18,77,998.9,0.0,7.0
12/19/2021,2021,12,28,18,19,14,74,1000.7,0.0,7.0
12/2/2021,2021,12,29,19,20,17,76,1001.03,0.0,6.0
12/20/2021,2021,12,28,15,18,14,76,1000.46,0.0,6.0
12/21/2021,2021,12,29,16,18,14,72,999.6,0.0,4.0
12/22/2021,2021,12,30,16,18,14,73,998.78,0.0,6.0
12/23/2021,2021,12,30,17,20,16,75,998.05,0.0,4.0
12/24/2021,2021,12,31,17,21,16,75,997.66,0.0,6.0
12/25/2021,2021,12,31,19,21,18,77,998.74,0.0,6.0
12/26/2021,2021,12,31,21,21,19,76,1000.7,0.0,6.0
12/27/2021,2021,12,30,20,21,19,77,1001.46,0.0,7.0
12/28/2021,2021,12,30,21,21,19,77,1001.28,0.0,7.0
12/29/2021,2021,12,32,19,20,17,71,1001.25,0.0,7.0
12/3/2021,2021,12,28,19,19,16,76,1002.43,0.0,7.0
12/30/2021,2021,12,31,21,21,18,75,1002.25,0.0,6.0
12/31/2021,2021,12,31,21,20,18,72,1002.29,0.0,7.0
12/4/2021,2021,12,28,18,18,10,70,1002.39,0.0,9.0
12/5/2021,2021,12,27,14,16,11,72,1002.51,0.0,11.0
12/6/2021,2021,12,28,14,16,13,71,1001.65,0.0,6.0
12/7/2021,2021,12,29,15,17,14,73,1001.31,0.0,6.0
12/8/2021,2021,12,29,16,17,10,69,1001.98,0.0,6.0
12/9/2021,2021,12,29,15,21,14,76,1002.39,0.0,11.0
1/1/2022,2022,1,30,21,20,18,75,1002.25,0.0,7.0
1/10/2022,2022,1,34,18,19,16,68,998.2,0.0,6.0
1/11/2022,2022,1,33,18,18,16,66,998.75,0.0,4.0
1/12/2022,2022,1,32,18,19,16,69,999.43,0.0,6.0
1/13/2022,2022,1,33,19,20,18,68,999.43,0.0,6.0
1/14/2022,2022,1,32,21,20,18,68,999.29,0.0,7.0
1/15/2022,2022,1,33,21,20,17,71,998.63,0.0,9.0
1/16/2022,2022,1,34,20,20,17,66,998.61,0.0,6.0
1/17/2022,2022,1,33,21,21,19,67,999.27,0.0,7.0
1/18/2022,2022,1,32,23,21,17,68,999.15,0.0,7.0
1/19/2022,2022,1,31,21,19,17,68,997.9,0.0,9.0
1/2/2022,2022,1,29,19,23,17,73,1001.83,0.0,6.0
1/20/2022,2022,1,31,21,20,18,68,996.41,0.0,7.0
1/21/2022,2022,1,31,22,21,17,73,995.96,0.0,9.0
1/22/2022,2022,1,31,20,20,18,76,995.15,0.0,4.0
1/23/2022,2022,1,33,18,19,12,65,995.65,0.0,7.0
1/24/2022,2022,1,33,19,19,12,63,995.85,0.0,9.0
1/25/2022,2022,1,33,18,18,14,64,996.25,0.0,7.0
1/26/2022,2022,1,33,17,17,15,59,996.48,0.0,6.0
1/27/2022,2022,1,34,18,17,14,57,996.9,0.0,11.0
1/28/2022,2022,1,35,18,17,13,57,996.24,0.0,15.0
1/29/2022,2022,1,34,20,19,16,58,995.58,0.0,13.0
1/3/2022,2022,1,30,17,18,16,74,1000.25,0.0,4.0
1/30/2022,2022,1,32,18,17,14,59,994.74,0.0,17.0
1/31/2022,2022,1,34,17,16,10,53,994.83,0.0,13.0
1/4/2022,2022,1,32,17,19,16,72,999.76,0.0,7.0
1/5/2022,2022,1,32,18,20,17,72,999.13,0.0,6.0
1/6/2022,2022,1,33,18,20,17,72,998.73,0.0,7.0
1/7/2022,2022,1,33,18,19,17,69,999.84,0.0,6.0
1/8/2022,2022,1,33,18,19,16,70,999.46,0.0,7.0
1/9/2022,2022,1,33,18,19,17,70,997.97,0.0,6.0
2/1/2022,2022,2,35,18,17,14,51,995.2,0.0,9.0
2/10/2022,2022,2,35,21,22,17,62,996.14,0.0,4.0
2/11/2022,2022,2,35,22,21,17,65,995.19,0.0,6.0
2/12/2022,2022,2,34,22,21,17,62,994.26,0.0,15.0
2/13/2022,2022,2,36,21,23,17,63,992.89,0.0,6.0
2/14/2022,2022,2,34,22,24,18,68,994.08,0.0,9.0
2/15/2022,2022,2,26,23,22,22,86,996.29,0.0,6.0
2/16/2022,2022,2,26,23,22,21,87,994.84,0.0,4.0
2/17/2022,2022,2,29,23,23,22,84,993.49,0.0,4.0
2/18/2022,2022,2,32,23,24,22,80,994.33,0.0,6.0
2/19/2022,2022,2,31,24,24,22,83,994.58,0.3,4.0
2/2/2022,2022,2,34,20,16,13,49,996.75,0.0,19.0
2/20/2022,2022,2,32,24,23,15,71,992.95,0.2,11.0
2/21/2022,2022,2,29,18,21,16,73,996.38,0.0,6.0
2/22/2022,2022,2,30,22,20,17,70,999.49,0.0,7.0
2/23/2022,2022,2,31,19,21,18,75,1000.65,0.0,7.0
2/24/2022,2022,2,31,19,20,18,73,1001.94,0.0,6.0
2/25/2022,2022,2,31,19,20,18,72,1001.44,0.0,9.0
2/26/2022,2022,2,33,18,19,18,71,1000.74,0.0,6.0
2/27/2022,2022,2,34,18,19,17,67,999.21,0.0,6.0
2/28/2022,2022,2,35,20,19,16,64,997.95,0.0,9.0
2/3/2022,2022,2,35,21,21,16,56,996.76,0.0,6.0
2/4/2022,2022,2,33,21,23,15,73,996.99,7.0,11.0
2/5/2022,2022,2,23,21,22,21,92,999.51,1.6,7.0
2/6/2022,2022,2,29,20,22,19,82,998.9,0.0,7.0
2/7/2022,2022,2,33,21,21,17,70,997.39,0.0,13.0
2/8/2022,2022,2,35,19,19,17,60,996.8,0.0,9.0
2/9/2022,2022,2,36,20,19,16,59,996.79,0.0,9.0
3/1/2022,2022,3,36,20,21,18,65,996.88,0.0,7.0
3/10/2022,2022,3,36,24,24,20,68,993.61,0.0,7.0
3/11/2022,2022,3,37,24,24,21,63,992.61,0.0,4.0
3/12/2022,2022,3,38,26,24,22,61,992.14,0.0,7.0
3/13/2022,2022,3,39,26,23,21,60,991.89,0.0,4.0
3/14/2022,2022,3,37,27,24,22,59,992.76,0.0,7.0
3/15/2022,2022,3,37,26,24,21,60,991.54,0.0,4.0
3/16/2022,2022,3,37,29,22,19,53,991.3,0.0,11.0
3/17/2022,2022,3,36,24,23,20,63,992.29,0.0,6.0
3/18/2022,2022,3,36,24,22,21,62,992.64,0.0,13.0
3/19/2022,2022,3,32,23,24,21,75,992.49,0.0,4.0
3/2/2022,2022,3,36,21,23,19,68,996.55,0.0,6.0
3/20/2022,2022,3,32,25,24,23,79,992.58,0.6,6.0
3/21/2022,2022,3,34,25,24,22,73,993.89,0.0,13.0
3/22/2022,2022,3,33,25,24,22,77,994.44,0.0,9.0
3/23/2022,2022,3,33,24,25,22,77,994.86,0.0,6.0
3/24/2022,2022,3,34,25,23,19,63,994.2,0.0,9.0
3/25/2022,2022,3,36,26,21,17,53,994.13,0.0,13.0
3/26/2022,2022,3,37,27,22,19,55,995.34,0.0,9.0
3/27/2022,2022,3,38,27,22,18,52,994.77,0.0,13.0
3/28/2022,2022,3,36,26,24,21,61,994.2,0.0,4.0
3/29/2022,2022,3,35,24,24,22,70,994.75,0.0,6.0
3/3/2022,2022,3,36,22,22,21,69,996.25,0.0,6.0
3/30/2022,2022,3,33,25,24,22,68,995.56,0.0,6.0
3/31/2022,2022,3,37,24,23,21,65,994.83,0.0,6.0
3/4/2022,2022,3,37,24,23,21,64,994.83,0.0,6.0
3/5/2022,2022,3,37,28,22,19,51,993.58,0.0,4.0
3/6/2022,2022,3,36,24,22,19,59,993.86,0.0,6.0
3/7/2022,2022,3,37,24,24,21,67,995.65,0.0,28.0
3/8/2022,2022,3,33,23,23,22,77,997.35,0.0,4.0
3/9/2022,2022,3,35,23,24,21,71,995.16,0.0,4.0
4/1/2022,2022,4,34,26,24,22,73,996.21,0.2,6.0
4/10/2022,2022,4,38,25,23,21,64,993.76,0.0,6.0
4/11/2022,2022,4,39,25,22,18,58,992.44,0.0,0.0
4/12/2022,2022,4,37,28,23,17,49,991.82,0.0,7.0
4/13/2022,2022,4,38,28,22,19,51,990.91,0.0,9.0
4/14/2022,2022,4,37,28,23,21,55,991.11,0.0,13.0
4/15/2022,2022,4,38,28,22,20,52,991.19,0.0,13.0
4/16/2022,2022,4,39,28,25,19,54,991.08,0.0,13.0
4/17/2022,2022,4,38,28,23,18,51,992.23,0.0,9.0
4/18/2022,2022,4,37,22,23,21,73,995.21,71.0,6.0
4/19/2022,2022,4,34,23,24,22,78,997.34,0.0,4.0
4/2/2022,2022,4,31,24,22,20,69,998.51,2.0,4.0
4/20/2022,2022,4,33,25,24,20,76,995.94,0.0,4.0
4/21/2022,2022,4,36,25,24,22,71,994.18,0.0,7.0
4/22/2022,2022,4,37,27,23,21,59,994.04,0.0,9.0
4/23/2022,2022,4,37,26,24,21,62,993.3,0.0,6.0
4/24/2022,2022,4,38,29,23,20,51,991.79,0.0,11.0
4/25/2022,2022,4,39,29,24,20,50,991.34,0.0,9.0
4/26/2022,2022,4,38,29,23,18,50,991.58,0.0,15.0
4/27/2022,2022,4,39,29,26,17,51,991.44,0.0,15.0
4/28/2022,2022,4,38,27,26,23,64,991.83,1.0,9.0
4/29/2022,2022,4,35,23,24,21,72,993.69,0.0,6.0
4/3/2022,2022,4,29,21,20,16,72,1001.2,2.0,4.0
4/30/2022,2022,4,37,26,24,23,71,992.21,1.0,0.0
4/4/2022,2022,4,31,22,20,17,65,1000.81,0.0,6.0
4/5/2022,2022,4,36,21,21,18,64,999.69,0.0,4.0
4/6/2022,2022,4,37,24,22,19,61,997.6,0.0,7.0
4/7/2022,2022,4,33,26,23,21,66,997.64,0.0,6.0
4/8/2022,2022,4,33,26,22,18,64,997.36,0.0,6.0
4/9/2022,2022,4,34,23,22,19,67,994.84,0.0,4.0
5/1/2022,2022,5,34,25,24,22,73,991.97,0.0,6.0
5/10/2022,2022,5,33,27,25,24,84,993.78,0.0,6.0
5/11/2022,2022,5,33,26,26,23,80,993.11,0.0,6.0
5/12/2022,2022,5,34,28,24,23,69,992.14,0.0,13.0
5/13/2022,2022,5,34,28,23,22,63,991.68,0.0,11.0
5/14/2022,2022,5,36,27,25,23,68,992.31,0.0,19.0
5/15/2022,2022,5,36,28,24,22,61,993.06,0.0,22.0
5/16/2022,2022,5,37,28,24,21,60,992.6,0.0,19.0
5/17/2022,2022,5,32,25,25,22,83,993.76,0.0,7.0
5/18/2022,2022,5,29,25,26,23,90,994.96,1.0,0.0
5/19/2022,2022,5,31,25,26,24,90,994.24,0.8,6.0
5/2/2022,2022,5,28,23,24,22,87,994.23,0.0,4.0
5/20/2022,2022,5,29,25,26,24,90,990.55,3.1,6.0
5/21/2022,2022,5,27,24,26,23,93,987.21,1.0,4.0
5/22/2022,2022,5,31,24,24,21,74,986.71,0.0,13.0
5/23/2022,2022,5,33,28,23,22,66,988.43,0.0,15.0
5/24/2022,2022,5,32,25,26,22,80,991.7,1.0,19.0
5/25/2022,2022,5,32,25,23,22,72,993.5,0.0,6.0
5/26/2022,2022,5,34,26,23,21,66,991.36,0.0,19.0
5/27/2022,2022,5,32,27,24,22,68,989.56,0.0,22.0
5/28/2022,2022,5,33,28,23,21,64,988.96,0.0,15.0
5/29/2022,2022,5,33,27,23,22,65,989.69,0.0,22.0
5/3/2022,2022,5,30,23,23,21,78,997.11,0.7,4.0
5/30/2022,2022,5,36,28,23,21,60,989.56,0.0,17.0
5/31/2022,2022,5,34,26,25,22,76,989.89,0.0,9.0
5/4/2022,2022,5,32,23,22,21,70,996.71,0.0,6.0
5/5/2022,2022,5,33,24,23,21,71,994.09,0.0,4.0
5/6/2022,2022,5,33,25,24,23,75,993.11,0.0,6.0
5/7/2022,2022,5,33,24,26,23,83,993.99,15.0,7.0
5/8/2022,2022,5,32,24,25,23,85,994.16,6.0,4.0
5/9/2022,2022,5,34,25,26,23,79,993.91,0.0,7.0
6/1/2022,2022,6,36,26,25,22,65,991.1,0.0,15.0
6/10/2022,2022,6,33,26,25,22,74,992.48,0.6,11.0
6/11/2022,2022,6,35,25,24,22,73,992.95,0.0,7.0
6/12/2022,2022,6,33,24,24,22,73,993.64,0.0,6.0
6/13/2022,2022,6,34,26,23,22,66,993.29,0.0,17.0
6/14/2022,2022,6,35,27,24,22,65,992.5,0.0,13.0
6/15/2022,2022,6,34,28,24,22,67,993.46,0.0,7.0
6/16/2022,2022,6,35,25,24,22,72,994.6,0.0,9.0
6/17/2022,2022,6,36,27,24,21,65,994.03,0.4,19.0
6/18/2022,2022,6,33,27,23,22,67,994.41,0.0,9.0
6/19/2022,2022,6,34,27,23,20,65,993.31,0.0,19.0
6/2/2022,2022,6,36,27,23,22,63,991.33,0.0,11.0
6/20/2022,2022,6,34,27,22,20,60,990.9,0.0,19.0
6/21/2022,2022,6,34,27,22,21,62,990.53,0.0,9.0
6/22/2022,2022,6,35,27,23,21,60,992.68,0.0,17.0
6/23/2022,2022,6,36,27,23,21,58,993.25,0.0,17.0
6/24/2022,2022,6,35,28,24,21,62,992.21,0.0,15.0
6/25/2022,2022,6,35,25,24,22,69,991.1,2.0,9.0
6/26/2022,2022,6,34,25,25,23,81,992.89,0.0,4.0
6/27/2022,2022,6,34,24,26,23,80,993.74,0.0,6.0
6/28/2022,2022,6,33,26,24,22,71,992.72,0.0,15.0
6/29/2022,2022,6,34,27,23,21,65,990.16,0.0,15.0
6/3/2022,2022,6,35,26,24,23,73,991.9,0.4,6.0
6/30/2022,2022,6,32,28,23,22,65,988.69,0.0,19.0
6/4/2022,2022,6,34,25,26,23,80,992.9,0.0,7.0
6/5/2022,2022,6,32,24,26,22,80,992.62,0.0,7.0
6/6/2022,2022,6,33,27,23,21,66,991.83,0.0,9.0
6/7/2022,2022,6,33,25,23,22,70,992.06,0.0,15.0
6/8/2022,2022,6,31,26,26,22,79,992.4,3.0,4.0
6/9/2022,2022,6,33,25,25,23,79,992.19,0.0,6.0
7/1/2022,2022,7,32,26,22,21,67,988.44,0.2,15.0
7/10/2022,2022,7,32,26,24,21,69,990.84,0.0,17.0
7/11/2022,2022,7,31,26,23,21,68,991.09,0.0,13.0
7/12/2022,2022,7,31,27,23,21,68,990.12,0.5,11.0
7/13/2022,2022,7,31,25,24,21,76,989.36,0.8,26.0
7/14/2022,2022,7,33,20,25,18,80,988.91,0.0,11.0
7/15/2022,2022,7,34,26,24,22,68,990.39,0.0,11.0
7/16/2022,2022,7,34,27,24,22,66,991.18,0.0,7.0
7/17/2022,2022,7,36,27,23,22,62,992.48,0.0,15.0
7/18/2022,2022,7,35,28,23,21,61,991.45,0.0,17.0
7/19/2022,2022,7,34,28,24,22,64,990.18,0.0,19.0
7/2/2022,2022,7,30,26,23,21,70,988.31,0.2,24.0
7/20/2022,2022,7,34,26,24,22,70,990.41,0.0,15.0
7/21/2022,2022,7,32,25,28,23,86,991.43,8.0,4.0
7/22/2022,2022,7,31,24,25,23,88,993.81,0.0,9.0
7/23/2022,2022,7,32,24,26,21,84,994.41,0.0,7.0
7/24/2022,2022,7,32,25,26,24,85,993.65,0.0,6.0
7/25/2022,2022,7,34,24,27,23,85,993.89,0.6,19.0
7/26/2022,2022,7,36,24,25,23,74,993.44,0.0,6.0
7/27/2022,2022,7,36,27,27,24,72,992.5,0.0,7.0
7/28/2022,2022,7,36,27,26,24,70,992.7,0.0,4.0
7/29/2022,2022,7,36,26,25,24,70,991.65,0.0,7.0
7/3/2022,2022,7,32,27,23,22,66,989.35,0.0,9.0
7/30/2022,2022,7,36,28,24,22,64,991.09,0.0,11.0
7/31/2022,2022,7,33,27,25,22,72,990.63,0.0,9.0
7/4/2022,2022,7,34,27,24,22,67,989.04,0.2,11.0
7/5/2022,2022,7,34,27,24,22,66,989.96,0.0,15.0
7/6/2022,2022,7,35,28,23,22,61,991.63,0.0,15.0
7/7/2022,2022,7,34,28,23,22,63,991.63,0.0,15.0
7/8/2022,2022,7,34,28,24,22,66,990.95,0.0,11.0
7/9/2022,2022,7,34,26,24,22,74,989.96,1.0,9.0
8/1/2022,2022,8,32,25,26,23,83,990.4,4.4,7.0
8/10/2022,2022,8,34,24,23,22,70,989.71,0.0,15.0
8/11/2022,2022,8,32,26,23,21,67,989.4,0.0,19.0
8/12/2022,2022,8,27,23,24,21,89,991.39,0.0,15.0
8/13/2022,2022,8,32,24,26,23,82,993.18,0.0,6.0
8/14/2022,2022,8,36,26,24,22,69,993.9,0.0,13.0
8/15/2022,2022,8,33,28,24,22,67,992.58,0.0,17.0
8/16/2022,2022,8,31,25,25,23,83,990.19,0.3,9.0
8/17/2022,2022,8,31,24,26,23,90,990.95,0.0,7.0
8/18/2022,2022,8,30,24,24,22,84,992.11,0.4,6.0
8/19/2022,2022,8,32,25,24,22,75,992.14,0.0,15.0
8/2/2022,2022,8,31,24,25,23,84,991.18,0.0,6.0
8/20/2022,2022,8,32,27,23,22,68,990.83,0.0,19.0
8/21/2022,2022,8,32,27,23,22,69,989.04,0.0,19.0
8/22/2022,2022,8,31,25,26,23,84,990.76,0.0,6.0
8/23/2022,2022,8,34,24,26,23,77,992.74,0.0,9.0
8/24/2022,2022,8,36,27,26,22,66,991.74,0.0,13.0
8/25/2022,2022,8,32,23,25,22,76,989.91,0.0,13.0
8/26/2022,2022,8,29,26,25,23,78,990.46,0.0,9.0
8/27/2022,2022,8,32,24,24,23,80,993.59,0.0,7.0
8/28/2022,2022,8,33,24,26,23,83,993.93,0.0,6.0
8/29/2022,2022,8,33,25,27,24,85,994.68,0.0,6.0
8/3/2022,2022,8,32,25,25,23,80,992.98,0.0,7.0
8/30/2022,2022,8,33,25,26,24,86,995.0,0.0,0.0
8/31/2022,2022,8,34,26,26,24,84,993.25,1.0,4.0
8/4/2022,2022,8,31,25,26,22,83,993.03,1.8,9.0
8/5/2022,2022,8,32,25,24,22,72,991.7,0.0,15.0
8/6/2022,2022,8,33,26,25,22,72,990.51,0.0,11.0
8/7/2022,2022,8,30,25,26,24,88,990.34,0.0,7.0
8/8/2022,2022,8,27,24,25,23,92,991.95,22.0,4.0
8/9/2022,2022,8,32,23,24,22,79,991.56,0.2,17.0
9/1/2022,2022,9,32,25,27,24,85,993.91,0.0,7.0
9/10/2022,2022,9,29,25,26,24,90,995.66,0.0,6.0
9/11/2022,2022,9,28,24,24,23,88,995.2,0.4,7.0
9/12/2022,2022,9,31,25,24,23,82,994.51,0.0,6.0
9/13/2022,2022,9,33,25,26,24,81,994.86,1.0,9.0
9/14/2022,2022,9,33,25,24,22,77,994.45,0.0,17.0
9/15/2022,2022,9,33,26,23,22,68,993.74,3.0,15.0
9/16/2022,2022,9,33,27,23,22,69,991.81,0.0,15.0
9/17/2022,2022,9,30,24,25,22,82,992.16,6.0,13.0
9/18/2022,2022,9,28,25,25,22,90,993.36,0.0,7.0
9/19/2022,2022,9,32,25,23,21,71,994.43,0.0,17.0
9/2/2022,2022,9,34,26,27,24,79,993.74,0.0,4.0
9/20/2022,2022,9,32,26,23,21,68,993.58,0.0,19.0
9/21/2022,2022,9,33,26,25,21,70,992.9,0.0,17.0
9/22/2022,2022,9,33,26,26,22,79,992.94,0.4,4.0
9/23/2022,2022,9,31,24,25,23,82,993.79,0.0,0.0
9/24/2022,2022,9,32,24,26,23,83,993.19,0.0,6.0
9/25/2022,2022,9,29,24,25,23,90,993.49,0.0,7.0
9/26/2022,2022,9,28,23,25,23,93,994.18,0.5,6.0
9/27/2022,2022,9,31,23,24,23,86,993.05,0.0,7.0
9/28/2022,2022,9,34,24,25,22,82,990.19,2.0,9.0
9/29/2022,2022,9,30,24,28,23,86,988.38,8.4,11.0
9/3/2022,2022,9,34,26,26,23,76,992.18,0.0,7.0
9/30/2022,2022,9,28,25,24,22,91,990.11,10.0,4.0
9/4/2022,2022,9,34,26,25,24,77,992.53,0.0,13.0
9/5/2022,2022,9,34,26,25,22,76,993.15,0.0,11.0
9/6/2022,2022,9,31,25,26,24,88,993.65,0.1,7.0
9/7/2022,2022,9,30,25,26,24,90,994.84,2.0,6.0
9/8/2022,2022,9,32,24,26,24,91,995.08,1.0,6.0
9/9/2022,2022,9,29,24,26,23,92,995.66,0.0,6.0
10/1/2022,2022,10,30,25,26,24,91,991.66,0.2,7.0
10/10/2022,2022,10,31,22,26,21,88,998.96,5.2,13.0
10/11/2022,2022,10,31,23,23,22,82,999.15,0.0,7.0
10/12/2022,2022,10,31,23,24,22,82,998.04,0.0,6.0
10/13/2022,2022,10,33,23,25,22,80,996.54,0.0,6.0
10/14/2022,2022,10,30,24,25,23,88,995.16,0.0,9.0
10/15/2022,2022,10,29,24,24,18,83,994.95,0.0,9.0
10/16/2022,2022,10,27,22,23,21,86,997.9,0.0,4.0
10/17/2022,2022,10,32,23,22,21,77,997.59,0.0,6.0
10/18/2022,2022,10,31,22,23,21,81,996.81,0.0,7.0
10/19/2022,2022,10,31,21,22,19,78,996.61,0.0,7.0
10/2/2022,2022,10,28,25,25,24,91,993.38,0.2,0.0
10/20/2022,2022,10,31,21,22,19,77,997.28,0.0,7.0
10/21/2022,2022,10,31,22,23,21,77,998.53,0.0,7.0
10/22/2022,2022,10,31,25,24,22,78,999.09,0.0,7.0
10/23/2022,2022,10,31,24,24,20,77,998.84,0.0,7.0
10/24/2022,2022,10,32,22,24,21,78,997.2,0.0,4.0
10/25/2022,2022,10,33,24,24,23,77,997.45,0.0,6.0
10/26/2022,2022,10,33,24,25,22,78,996.99,0.0,7.0
10/27/2022,2022,10,29,25,24,23,90,996.83,0.0,7.0
10/28/2022,2022,10,29,24,25,23,88,996.28,1.0,4.0
10/29/2022,2022,10,30,23,23,22,82,997.1,0.0,6.0
10/3/2022,2022,10,27,24,24,23,93,994.99,7.0,4.0
10/30/2022,2022,10,31,21,23,20,78,996.85,0.0,7.0
10/31/2022,2022,10,32,22,23,21,80,996.96,0.0,6.0
10/4/2022,2022,10,31,24,24,23,84,996.51,0.0,7.0
10/5/2022,2022,10,33,25,27,23,81,997.0,0.0,9.0
10/6/2022,2022,10,33,24,26,23,81,996.83,0.0,7.0
10/7/2022,2022,10,31,25,25,24,87,996.78,2.0,4.0
10/8/2022,2022,10,32,23,24,23,82,997.59,0.0,6.0
10/9/2022,2022,10,33,24,25,23,79,997.75,0.0,4.0
11/1/2022,2022,11,31,22,24,21,81,997.18,0.0,4.0
11/10/2022,2022,11,32,19,22,17,75,999.14,0.0,9.0
11/11/2022,2022,11,32,19,22,17,75,998.61,0.0,4.0
11/12/2022,2022,11,33,20,23,19,76,997.58,0.0,7.0
11/13/2022,2022,11,33,21,23,19,76,996.79,0.0,6.0
11/14/2022,2022,11,29,23,24,22,82,997.28,0.0,4.0
11/15/2022,2022,11,32,24,25,22,82,996.85,0.0,9.0
11/16/2022,2022,11,32,23,24,22,83,995.59,0.0,4.0
11/17/2022,2022,11,33,24,24,23,80,994.96,0.0,6.0
11/18/2022,2022,11,30,24,25,23,86,996.55,0.0,6.0
11/19/2022,2022,11,32,24,24,23,83,996.3,0.0,6.0
11/2/2022,2022,11,32,21,22,21,78,996.19,0.0,6.0
11/20/2022,2022,11,34,24,24,22,77,994.84,0.0,6.0
11/21/2022,2022,11,34,24,24,23,78,993.89,0.0,6.0
11/22/2022,2022,11,32,23,24,22,80,993.91,0.0,6.0
11/23/2022,2022,11,32,23,24,21,79,994.65,0.0,9.0
11/24/2022,2022,11,29,24,24,22,87,995.53,0.0,6.0
11/25/2022,2022,11,28,23,24,22,93,997.2,0.0,6.0
11/26/2022,2022,11,30,23,26,22,89,996.43,1.0,6.0
11/27/2022,2022,11,31,25,24,23,87,995.12,0.0,6.0
11/28/2022,2022,11,32,24,25,23,84,995.6,0.0,6.0
11/29/2022,2022,11,33,24,26,22,83,996.2,0.0,6.0
11/3/2022,2022,11,32,20,22,19,79,996.68,0.0,6.0
11/30/2022,2022,11,33,24,26,23,86,996.64,0.0,4.0
11/4/2022,2022,11,31,21,22,19,77,998.69,0.0,6.0
11/5/2022,2022,11,32,21,21,18,74,1000.59,0.0,7.0
11/6/2022,2022,11,32,20,22,19,76,1000.31,0.0,6.0
11/7/2022,2022,11,32,20,22,19,77,999.31,0.0,6.0
11/8/2022,2022,11,32,20,22,19,77,999.11,0.0,4.0
11/9/2022,2022,11,32,19,21,18,75,999.29,0.0,6.0
12/1/2022,2022,12,29,22,24,21,90,997.14,0.0,9.0
12/10/2022,2022,12,32,22,24,21,80,996.11,0.0,4.0
12/11/2022,2022,12,32,22,23,22,80,996.35,0.0,6.0
12/12/2022,2022,12,31,22,22,21,80,997.24,0.0,6.0
12/13/2022,2022,12,27,20,21,19,82,999.05,0.0,6.0
12/14/2022,2022,12,28,18,19,17,81,999.85,0.0,6.0
12/15/2022,2022,12,28,17,19,15,76,998.33,0.0,6.0
12/16/2022,2022,12,28,16,20,16,79,997.29,0.0,7.0
12/17/2022,2022,12,29,18,21,17,75,998.74,0.0,4.0
12/18/2022,2022,12,26,22,19,14,66,1001.15,0.0,11.0
12/19/2022,2022,12,26,19,17,13,67,1000.28,0.0,11.0
12/2/2022,2022,12,31,22,24,22,83,996.83,0.0,4.0
12/20/2022,2022,12,28,15,19,14,78,998.1,0.0,6.0
12/21/2022,2022,12,29,16,19,16,77,997.66,0.0,6.0
12/22/2022,2022,12,30,17,21,16,77,996.75,0.0,6.0
12/23/2022,2022,12,30,19,21,18,78,996.86,0.0,4.0
12/24/2022,2022,12,29,19,20,17,75,999.05,0.0,6.0
12/25/2022,2022,12,27,17,18,15,75,1001.19,0.0,9.0
12/26/2022,2022,12,28,16,19,16,79,1002.04,0.0,4.0
12/27/2022,2022,12,29,16,18,16,75,1001.29,0.0,6.0
12/28/2022,2022,12,29,17,19,16,75,1001.11,0.0,6.0
12/29/2022,2022,12,29,17,19,16,75,1001.95,0.0,7.0
12/3/2022,2022,12,31,23,23,22,82,996.86,0.0,6.0
12/30/2022,2022,12,29,17,18,16,76,1003.0,0.0,7.0
12/31/2022,2022,12,28,17,19,16,78,1002.8,0.0,6.0
12/4/2022,2022,12,32,22,24,21,81,997.18,0.0,4.0
12/5/2022,2022,12,31,23,24,22,84,997.75,0.0,4.0
12/6/2022,2022,12,30,23,23,22,82,997.21,0.0,6.0
12/7/2022,2022,12,31,22,23,21,84,997.24,0.0,4.0
12/8/2022,2022,12,31,23,24,22,82,997.33,0.0,4.0
12/9/2022,2022,12,32,22,24,21,81,996.79,0.0,6.0
1/1/2023,2023,1,28,17,18,15,77,1002.49,0.0,6.0
1/10/2023,2023,1,32,22,21,17,69,998.24,0.0,7.0
1/11/2023,2023,1,31,20,22,19,76,996.9,0.0,6.0
1/12/2023,2023,1,31,21,22,19,78,996.36,0.0,6.0
1/13/2023,2023,1,33,17,19,16,67,996.99,0.0,17.0
1/14/2023,2023,1,32,16,17,13,60,995.69,0.0,11.0
1/15/2023,2023,1,33,16,17,11,60,995.31,0.0,6.0
1/16/2023,2023,1,32,15,18,14,67,996.74,0.0,4.0
1/17/2023,2023,1,31,17,21,15,72,998.4,0.0,6.0
1/18/2023,2023,1,31,21,20,17,71,1000.46,0.0,6.0
1/19/2023,2023,1,30,17,18,15,70,1000.4,0.0,6.0
1/2/2023,2023,1,28,15,19,14,76,1003.13,0.0,6.0
1/20/2023,2023,1,31,16,18,16,75,999.99,0.0,6.0
1/21/2023,2023,1,31,17,18,13,69,999.09,0.0,4.0
1/22/2023,2023,1,33,15,18,14,71,997.83,0.0,4.0
1/23/2023,2023,1,33,15,17,13,67,996.71,0.0,6.0
1/24/2023,2023,1,32,15,18,13,67,998.23,0.0,11.0
1/25/2023,2023,1,29,17,17,14,69,999.19,0.0,6.0
1/26/2023,2023,1,31,15,18,14,71,998.14,0.0,6.0
1/27/2023,2023,1,31,15,18,14,71,998.09,0.0,6.0
1/28/2023,2023,1,29,18,17,16,69,999.12,0.0,7.0
1/29/2023,2023,1,28,16,16,12,67,1000.99,0.0,9.0
1/3/2023,2023,1,28,18,19,16,76,1002.59,0.0,9.0
1/30/2023,2023,1,28,14,16,10,66,1001.98,0.0,7.0
1/31/2023,2023,1,31,13,16,12,68,998.11,0.0,4.0
1/4/2023,2023,1,29,18,21,17,80,1001.74,0.0,6.0
1/5/2023,2023,1,30,19,20,18,78,1001.5,0.0,6.0
1/6/2023,2023,1,29,17,19,16,74,1002.33,0.0,11.0
1/7/2023,2023,1,29,20,17,12,57,1001.26,0.0,15.0
1/8/2023,2023,1,28,18,18,14,65,1000.53,0.0,6.0
1/9/2023,2023,1,28,21,20,14,68,1000.55,0.0,9.0
2/1/2023,2023,2,32,15,17,14,67,996.29,0.0,4.0
2/10/2023,2023,2,36,20,19,16,55,995.63,0.0,4.0
2/11/2023,2023,2,36,21,17,14,49,995.37,0.0,13.0
2/12/2023,2023,2,36,19,18,12,45,995.59,0.0,11.0
2/13/2023,2023,2,36,19,17,14,50,995.69,0.0,11.0
2/14/2023,2023,2,37,20,17,13,49,995.55,0.0,6.0
2/15/2023,2023,2,34,20,22,15,63,997.08,0.0,11.0
2/16/2023,2023,2,31,24,21,19,69,999.94,0.0,9.0
2/17/2023,2023,2,28,22,19,15,67,1001.09,0.0,7.0
2/18/2023,2023,2,31,20,18,15,65,999.48,0.0,4.0
2/19/2023,2023,2,34,17,18,12,63,998.04,0.0,9.0
2/2/2023,2023,2,34,17,23,16,70,996.3,0.0,6.0
2/20/2023,2023,2,33,19,20,16,61,998.04,0.0,13.0
2/21/2023,2023,2,33,21,19,17,65,998.74,0.0,9.0
2/22/2023,2023,2,33,19,19,17,63,998.94,0.0,6.0
2/23/2023,2023,2,36,19,20,17,63,997.7,0.0,4.0
2/24/2023,2023,2,36,21,19,16,58,997.41,0.0,4.0
2/25/2023,2023,2,32,22,18,15,57,1001.05,0.0,24.0
2/26/2023,2023,2,31,22,17,13,54,1004.43,0.0,11.0
2/27/2023,2023,2,31,16,15,12,58,1004.2,0.0,7.0
2/28/2023,2023,2,33,15,16,10,58,1002.55,0.0,6.0
2/3/2023,2023,2,34,20,21,18,68,996.34,0.0,6.0
2/4/2023,2023,2,33,23,22,20,73,995.56,0.0,4.0
2/5/2023,2023,2,34,22,23,21,75,995.18,0.0,7.0
2/6/2023,2023,2,36,22,23,14,66,994.94,0.0,11.0
2/7/2023,2023,2,36,22,21,15,53,995.09,0.0,11.0
2/8/2023,2023,2,36,19,24,13,60,995.18,0.0,19.0
2/9/2023,2023,2,36,20,18,15,54,995.16,0.0,4.0
3/1/2023,2023,3,36,17,16,13,58,1001.01,0.0,6.0
3/10/2023,2023,3,36,22,21,18,61,997.11,0.0,6.0
3/11/2023,2023,3,36,23,24,20,65,996.68,0.0,4.0
3/12/2023,2023,3,36,24,24,21,67,996.74,0.0,7.0
3/13/2023,2023,3,28,22,23,20,83,1000.2,2.1,9.0
3/14/2023,2023,3,32,21,21,19,73,997.59,0.0,4.0
3/15/2023,2023,3,35,21,22,19,66,996.05,0.0,6.0
3/16/2023,2023,3,36,23,22,20,64,996.71,0.0,6.0
3/17/2023,2023,3,36,23,22,19,62,996.59,0.0,6.0
3/18/2023,2023,3,38,26,22,21,60,995.12,0.0,6.0
3/19/2023,2023,3,36,23,23,20,67,994.61,0.0,7.0
3/2/2023,2023,3,35,17,18,12,56,1000.56,0.0,6.0
3/20/2023,2023,3,37,23,22,21,64,994.01,0.0,9.0
3/21/2023,2023,3,37,27,22,19,52,993.64,0.0,13.0
3/22/2023,2023,3,37,27,21,17,46,992.44,0.0,19.0
3/23/2023,2023,3,38,27,21,17,47,992.43,0.0,15.0
3/24/2023,2023,3,38,26,22,16,48,993.46,0.0,15.0
3/25/2023,2023,3,38,26,19,16,43,993.3,0.0,13.0
3/26/2023,2023,3,38,24,21,13,42,992.71,0.0,19.0
3/27/2023,2023,3,39,24,20,12,44,992.9,0.0,15.0
3/28/2023,2023,3,38,25,24,17,53,994.16,0.0,6.0
3/29/2023,2023,3,38,24,22,17,54,994.98,0.0,15.0
3/3/2023,2023,3,34,18,18,15,61,1001.68,0.0,6.0
3/30/2023,2023,3,39,24,21,17,49,993.29,0.0,11.0
3/31/2023,2023,3,38,28,22,16,44,993.11,0.0,9.0
3/4/2023,2023,3,33,18,18,15,61,1002.54,0.0,4.0
3/5/2023,2023,3,33,18,18,16,63,1001.93,0.0,6.0
3/6/2023,2023,3,33,19,19,16,63,1000.43,0.0,7.0
3/7/2023,2023,3,36,19,19,17,62,999.5,0.0,7.0
3/8/2023,2023,3,37,20,19,17,59,998.81,0.0,7.0
3/9/2023,2023,3,36,20,21,17,61,997.59,0.0,7.0
4/1/2023,2023,4,40,28,22,17,45,992.58,0.0,7.0
4/10/2023,2023,4,40,30,21,17,41,994.29,0.0,13.0
4/11/2023,2023,4,40,29,22,15,42,993.4,0.0,13.0
4/12/2023,2023,4,42,29,24,21,51,992.24,0.0,13.0
4/13/2023,2023,4,40,29,24,23,55,992.19,0.0,15.0
4/14/2023,2023,4,41,28,23,20,51,992.29,0.0,17.0
4/15/2023,2023,4,44,28,23,20,49,991.61,0.0,11.0
4/16/2023,2023,4,41,28,23,20,49,991.73,0.0,15.0
4/17/2023,2023,4,40,29,23,21,53,992.95,0.0,17.0
4/18/2023,2023,4,41,29,23,19,49,992.75,0.0,15.0
4/19/2023,2023,4,38,29,24,21,55,990.61,0.0,22.0
4/2/2023,2023,4,38,28,21,18,51,992.83,0.0,15.0
4/20/2023,2023,4,38,29,24,22,57,988.95,0.0,22.0
4/21/2023,2023,4,39,29,25,22,56,989.49,0.0,15.0
4/22/2023,2023,4,40,29,26,20,51,989.84,0.0,15.0
4/23/2023,2023,4,39,29,23,19,51,992.35,0.0,6.0
4/24/2023,2023,4,39,26,24,17,57,995.24,0.0,6.0
4/25/2023,2023,4,41,28,25,22,63,993.1,4.0,19.0
4/26/2023,2023,4,29,26,24,22,76,994.5,0.0,7.0
4/27/2023,2023,4,36,24,24,23,72,994.76,0.0,6.0
4/28/2023,2023,4,39,26,24,22,61,993.6,0.0,9.0
4/29/2023,2023,4,39,30,25,22,56,992.26,0.2,15.0
4/3/2023,2023,4,38,27,21,16,48,992.89,0.0,19.0
4/30/2023,2023,4,34,23,26,22,71,993.68,8.0,24.0
4/4/2023,2023,4,37,28,22,18,49,992.14,0.0,19.0
4/5/2023,2023,4,39,28,22,14,46,992.38,0.0,15.0
4/6/2023,2023,4,41,27,22,19,47,992.96,0.0,15.0
4/7/2023,2023,4,39,28,23,20,52,993.88,0.0,6.0
4/8/2023,2023,4,39,28,23,19,55,996.01,0.0,7.0
4/9/2023,2023,4,39,27,24,21,56,996.24,0.0,7.0
5/1/2023,2023,5,35,24,25,22,73,994.64,0.0,6.0
5/10/2023,2023,5,32,26,24,23,77,994.24,0.4,15.0
5/11/2023,2023,5,35,26,24,24,73,994.75,0.0,6.0
5/12/2023,2023,5,31,25,26,23,83,995.23,5.0,7.0
5/13/2023,2023,5,35,25,26,24,80,994.38,0.0,6.0
5/14/2023,2023,5,32,25,24,23,84,993.8,0.0,6.0
5/15/2023,2023,5,30,24,26,23,84,994.96,7.0,6.0
5/16/2023,2023,5,32,27,23,22,71,996.03,0.0,11.0
5/17/2023,2023,5,35,28,22,21,60,995.64,0.0,17.0
5/18/2023,2023,5,35,29,22,21,57,995.0,0.0,22.0
5/19/2023,2023,5,36,29,22,20,55,992.84,0.0,20.0
5/2/2023,2023,5,38,27,24,23,67,994.29,0.0,6.0
5/20/2023,2023,5,37,28,23,22,58,992.06,0.0,19.0
5/21/2023,2023,5,37,29,24,22,60,992.85,0.0,15.0
5/22/2023,2023,5,38,27,23,21,61,993.45,0.0,15.0
5/23/2023,2023,5,36,28,24,21,60,993.51,0.0,15.0
5/24/2023,2023,5,37,29,23,22,58,992.6,0.0,19.0
5/25/2023,2023,5,36,29,23,21,58,993.24,0.0,19.0
5/26/2023,2023,5,37,29,23,22,56,993.05,0.0,15.0
5/27/2023,2023,5,37,29,23,21,55,991.79,0.0,19.0
5/28/2023,2023,5,38,26,24,22,62,991.16,6.0,15.0
5/29/2023,2023,5,33,25,25,24,80,992.74,0.0,4.0
5/3/2023,2023,5,37,25,26,23,71,995.3,1.0,6.0
5/30/2023,2023,5,37,27,25,24,69,991.86,0.0,6.0
5/31/2023,2023,5,37,28,24,23,62,990.81,0.0,17.0
5/4/2023,2023,5,39,28,25,23,59,992.58,0.0,9.0
5/5/2023,2023,5,38,30,24,21,53,990.21,0.0,11.0
5/6/2023,2023,5,39,30,24,21,51,988.85,0.0,19.0
5/7/2023,2023,5,39,30,24,20,52,988.64,0.0,19.0
5/8/2023,2023,5,39,29,26,20,56,989.71,0.0,17.0
5/9/2023,2023,5,37,27,24,22,65,992.8,0.0,6.0
6/1/2023,2023,6,36,29,23,19,56,990.53,0.0,19.0
6/10/2023,2023,6,35,26,25,22,73,990.11,0.0,19.0
6/11/2023,2023,6,34,27,24,22,70,989.51,0.0,13.0
6/12/2023,2023,6,35,26,24,22,67,989.81,0.0,13.0
6/13/2023,2023,6,32,27,24,23,72,990.59,0.0,7.0
6/14/2023,2023,6,32,26,24,22,75,992.41,0.4,9.0
6/15/2023,2023,6,32,24,25,23,76,992.69,2.0,9.0
6/16/2023,2023,6,34,27,24,23,67,991.79,0.0,11.0
6/17/2023,2023,6,37,28,24,22,62,992.2,0.0,9.0
6/18/2023,2023,6,35,28,23,21,62,992.5,0.0,17.0
6/19/2023,2023,6,33,28,23,21,63,992.68,0.0,15.0
6/2/2023,2023,6,36,28,22,19,55,991.16,0.0,19.0
6/20/2023,2023,6,34,28,23,20,63,993.16,0.0,15.0
6/21/2023,2023,6,33,26,23,21,67,994.18,0.0,11.0
6/22/2023,2023,6,33,27,24,21,68,994.26,0.0,19.0
6/23/2023,2023,6,35,28,23,21,62,993.16,0.0,15.0
6/24/2023,2023,6,31,28,23,20,64,992.5,0.0,19.0
6/25/2023,2023,6,33,27,23,22,65,992.21,0.0,11.0
6/26/2023,2023,6,31,26,24,22,73,992.9,0.0,15.0
6/27/2023,2023,6,34,27,23,21,66,992.71,0.2,13.0
6/28/2023,2023,6,37,28,25,23,66,992.94,0.0,17.0
6/29/2023,2023,6,37,28,24,23,62,991.91,0.0,15.0
6/3/2023,2023,6,37,29,22,22,56,992.1,0.0,15.0
6/30/2023,2023,6,36,29,24,22,62,990.99,0.0,17.0
6/4/2023,2023,6,36,29,25,22,59,991.71,0.4,13.0
6/5/2023,2023,6,37,28,24,22,60,990.65,0.0,9.0
6/6/2023,2023,6,36,27,24,22,66,990.26,0.0,15.0
6/7/2023,2023,6,33,26,26,23,78,990.98,0.0,9.0
6/8/2023,2023,6,32,26,25,23,83,991.76,9.4,4.0
6/9/2023,2023,6,32,25,25,24,85,991.41,3.0,6.0
7/1/2023,2023,7,37,29,24,23,59,990.93,0.0,11.0
7/10/2023,2023,7,35,27,25,24,75,993.28,0.0,7.0
7/11/2023,2023,7,34,26,24,22,73,993.94,0.0,9.0
7/12/2023,2023,7,34,27,24,22,65,994.16,0.0,13.0
7/13/2023,2023,7,36,28,23,22,61,994.08,0.0,19.0
7/14/2023,2023,7,34,28,23,22,64,993.72,0.0,19.0
7/15/2023,2023,7,33,28,23,21,64,992.43,0.0,19.0
7/16/2023,2023,7,34,27,23,21,62,990.43,0.0,20.0
7/17/2023,2023,7,36,28,23,22,64,988.25,0.0,20.0
7/18/2023,2023,7,33,27,23,22,66,988.54,0.0,24.0
7/19/2023,2023,7,31,27,23,22,67,989.11,0.0,19.0
7/2/2023,2023,7,37,27,24,22,65,991.94,0.2,15.0
7/20/2023,2023,7,33,24,24,22,71,990.91,0.1,15.0
7/21/2023,2023,7,37,28,24,22,63,992.1,0.0,15.0
7/22/2023,2023,7,36,26,26,23,71,993.23,0.0,6.0
7/23/2023,2023,7,34,24,26,23,77,993.66,0.0,9.0
7/24/2023,2023,7,33,25,26,23,78,992.44,0.2,6.0
7/25/2023,2023,7,34,27,23,22,66,992.58,0.0,19.0
7/26/2023,2023,7,33,28,24,22,65,993.31,0.0,17.0
7/27/2023,2023,7,32,27,23,22,67,992.24,0.0,19.0
7/28/2023,2023,7,32,28,24,22,67,989.66,0.0,20.0
7/29/2023,2023,7,31,28,23,22,68,989.29,0.0,22.0
7/3/2023,2023,7,31,26,25,22,80,993.31,0.1,6.0
7/30/2023,2023,7,32,27,25,22,72,989.34,0.0,15.0
7/31/2023,2023,7,29,26,26,24,89,990.81,1.7,6.0
7/4/2023,2023,7,31,26,26,23,86,993.78,5.0,6.0
7/5/2023,2023,7,31,24,25,23,85,993.91,1.0,7.0
7/6/2023,2023,7,36,26,23,22,63,994.45,0.0,11.0
7/7/2023,2023,7,38,28,24,22,60,993.6,0.0,15.0
7/8/2023,2023,7,37,29,25,23,62,993.34,0.0,15.0
7/9/2023,2023,7,36,27,25,23,66,992.75,0.0,13.0
8/1/2023,2023,8,32,26,26,23,82,991.35,3.0,11.0
8/10/2023,2023,8,30,26,24,23,74,994.34,0.2,17.0
8/11/2023,2023,8,33,26,23,22,69,993.0,0.0,17.0
8/12/2023,2023,8,34,28,24,23,70,991.63,0.0,13.0
8/13/2023,2023,8,33,28,25,22,69,991.68,0.0,15.0
8/14/2023,2023,8,34,27,24,22,70,991.63,0.0,17.0
8/15/2023,2023,8,32,28,23,21,65,991.86,0.0,19.0
8/16/2023,2023,8,34,27,24,22,71,992.55,0.0,15.0
8/17/2023,2023,8,34,26,23,22,67,993.19,0.0,17.0
8/18/2023,2023,8,35,27,23,22,63,992.65,0.0,19.0
8/19/2023,2023,8,36,28,23,19,59,992.35,0.0,17.0
8/2/2023,2023,8,31,26,25,23,78,991.66,0.0,11.0
8/20/2023,2023,8,36,28,24,23,63,990.98,0.0,17.0
8/21/2023,2023,8,34,26,26,24,83,991.88,14.0,7.0
8/22/2023,2023,8,33,26,24,18,69,992.83,0.0,17.0
8/23/2023,2023,8,34,27,23,22,67,992.72,0.0,15.0
8/24/2023,2023,8,33,27,23,22,68,992.31,0.0,15.0
8/25/2023,2023,8,32,27,23,22,68,992.99,0.0,15.0
8/26/2023,2023,8,31,27,23,21,70,993.36,0.2,17.0
8/27/2023,2023,8,33,27,23,22,68,992.15,0.0,17.0
8/28/2023,2023,8,34,27,23,22,66,990.9,0.0,15.0
8/29/2023,2023,8,35,27,26,22,71,990.09,0.0,11.0
8/3/2023,2023,8,30,26,24,22,75,991.68,0.2,15.0
8/30/2023,2023,8,35,26,25,24,79,991.61,0.0,9.0
8/31/2023,2023,8,34,26,26,22,77,992.43,0.4,7.0
8/4/2023,2023,8,31,26,24,23,76,993.87,0.2,13.0
8/5/2023,2023,8,31,26,26,22,80,995.01,0.7,9.0
8/6/2023,2023,8,31,26,24,21,74,992.95,0.0,11.0
8/7/2023,2023,8,29,24,26,22,87,991.99,0.2,9.0
8/8/2023,2023,8,28,24,26,23,92,992.79,0.4,6.0
8/9/2023,2023,8,31,24,24,22,82,994.35,0.4,13.0
9/1/2023,2023,9,36,27,25,22,67,991.65,0.0,15.0
9/10/2023,2023,9,33,27,26,23,76,990.56,4.8,11.0
9/11/2023,2023,9,32,25,26,24,85,991.7,0.2,7.0
9/12/2023,2023,9,29,26,25,23,84,992.96,1.2,9.0
9/13/2023,2023,9,30,25,26,23,86,993.79,0.4,6.0
9/14/2023,2023,9,33,26,24,23,73,993.35,0.0,17.0
9/15/2023,2023,9,33,27,27,22,76,991.96,2.2,13.0
9/16/2023,2023,9,28,25,26,24,92,992.06,4.1,4.0
9/17/2023,2023,9,29,24,25,24,93,992.53,24.0,7.0
9/18/2023,2023,9,30,24,27,23,94,994.63,2.0,7.0
9/19/2023,2023,9,29,24,25,24,90,996.81,0.0,4.0
9/2/2023,2023,9,35,26,26,23,72,990.24,0.0,7.0
9/20/2023,2023,9,34,26,24,23,74,995.71,0.0,11.0
9/21/2023,2023,9,36,26,25,24,73,995.0,0.0,9.0
9/22/2023,2023,9,34,26,27,25,81,994.39,0.0,4.0
9/23/2023,2023,9,34,26,26,25,80,994.36,0.0,6.0
9/24/2023,2023,9,36,25,26,24,76,993.05,0.0,7.0
9/25/2023,2023,9,35,26,26,24,77,992.16,0.0,6.0
9/26/2023,2023,9,33,25,26,24,83,991.58,16.0,6.0
9/27/2023,2023,9,27,25,26,24,95,990.71,0.4,9.0
9/28/2023,2023,9,29,24,26,24,92,991.75,0.0,7.0
9/29/2023,2023,9,28,24,26,23,92,994.88,0.0,4.0
9/3/2023,2023,9,34,27,26,24,75,989.13,0.0,11.0
9/30/2023,2023,9,29,25,26,24,91,996.33,2.2,4.0
9/4/2023,2023,9,36,25,27,24,77,988.44,4.0,7.0
9/5/2023,2023,9,30,25,26,24,92,990.76,0.0,6.0
9/6/2023,2023,9,32,25,24,23,81,993.53,0.2,11.0
9/7/2023,2023,9,33,26,24,22,71,994.15,0.0,15.0
9/8/2023,2023,9,33,27,24,23,70,993.26,0.2,17.0
9/9/2023,2023,9,33,27,24,22,68,991.29,0.0,11.0
10/1/2023,2023,10,32,24,25,23,82,995.31,0.0,11.0
10/10/2023,2023,10,26,24,24,24,96,997.48,1.0,4.0
10/11/2023,2023,10,31,24,25,23,90,998.28,12.0,6.0
10/12/2023,2023,10,32,25,26,24,87,999.15,0.0,6.0
10/13/2023,2023,10,34,24,26,23,81,998.43,0.0,4.0
10/14/2023,2023,10,32,24,26,23,84,996.58,0.0,7.0
10/15/2023,2023,10,33,26,26,24,85,995.21,0.4,4.0
10/16/2023,2023,10,32,25,25,24,84,996.66,6.0,6.0
10/17/2023,2023,10,31,24,26,23,87,997.25,16.0,4.0
10/18/2023,2023,10,34,24,26,23,81,997.26,0.0,6.0
10/19/2023,2023,10,34,25,27,24,81,996.95,0.0,4.0
10/2/2023,2023,10,33,25,24,23,76,995.34,0.0,13.0
10/20/2023,2023,10,34,25,26,24,80,996.99,0.0,6.0
10/21/2023,2023,10,30,23,25,22,88,999.47,0.0,9.0
10/22/2023,2023,10,31,24,25,23,89,1000.09,0.0,6.0
10/23/2023,2023,10,32,25,26,23,83,998.99,0.0,4.0
10/24/2023,2023,10,33,25,26,23,81,998.34,0.0,4.0
10/25/2023,2023,10,33,25,27,24,82,997.91,0.0,4.0
10/26/2023,2023,10,27,26,26,24,93,997.6,0.2,0.0
10/27/2023,2023,10,32,24,27,24,87,997.2,0.3,6.0
10/28/2023,2023,10,31,24,26,23,87,997.21,0.0,4.0
10/29/2023,2023,10,27,23,25,23,94,997.9,2.0,6.0
10/3/2023,2023,10,34,25,24,23,72,995.44,0.0,11.0
10/30/2023,2023,10,32,23,25,22,88,998.47,0.0,9.0
10/31/2023,2023,10,30,22,25,22,87,1000.64,0.0,9.0
10/4/2023,2023,10,35,26,27,23,73,994.78,0.0,11.0
10/5/2023,2023,10,33,25,27,24,88,993.64,0.0,0.0
10/6/2023,2023,10,27,25,26,24,96,993.9,0.2,4.0
10/7/2023,2023,10,29,25,26,23,87,994.41,0.0,6.0
10/8/2023,2023,10,29,25,24,22,79,995.79,0.0,11.0
10/9/2023,2023,10,30,25,24,23,82,996.78,0.0,11.0
11/1/2023,2023,11,31,23,25,23,84,999.83,0.0,4.0
11/10/2023,2023,11,33,25,27,24,83,998.18,0.0,4.0
11/11/2023,2023,11,32,25,27,24,86,998.69,0.4,4.0
11/12/2023,2023,11,31,23,26,22,88,999.51,7.2,4.0
11/13/2023,2023,11,32,25,26,24,85,999.38,0.0,6.0
11/14/2023,2023,11,31,25,25,23,83,1000.53,0.0,4.0
11/15/2023,2023,11,32,24,24,23,80,1000.99,0.0,7.0
11/16/2023,2023,11,32,23,24,23,81,1001.68,0.0,7.0
11/17/2023,2023,11,29,24,24,19,75,1003.28,0.0,11.0
11/18/2023,2023,11,29,22,21,17,71,1002.74,0.0,6.0
11/19/2023,2023,11,29,20,21,16,74,1001.64,0.0,6.0
11/2/2023,2023,11,32,24,26,23,85,998.48,0.0,6.0
11/20/2023,2023,11,29,19,20,17,75,1001.1,0.0,7.0
11/21/2023,2023,11,30,19,22,18,79,999.2,0.0,4.0
11/22/2023,2023,11,30,19,22,19,79,997.62,0.0,6.0
11/23/2023,2023,11,31,20,21,19,79,997.84,0.0,9.0
11/24/2023,2023,11,30,19,23,18,79,999.1,0.0,7.0
11/25/2023,2023,11,31,21,23,19,78,999.51,0.0,7.0
11/26/2023,2023,11,31,20,22,19,76,1000.51,0.0,7.0
11/27/2023,2023,11,29,23,23,21,78,1000.01,0.0,4.0
11/28/2023,2023,11,29,22,23,21,82,998.99,0.0,4.0
11/29/2023,2023,11,30,21,22,20,77,999.37,0.0,6.0
11/3/2023,2023,11,33,24,25,23,81,995.93,0.0,4.0
11/30/2023,2023,11,31,22,23,21,80,999.85,0.0,7.0
11/4/2023,2023,11,34,24,26,23,83,995.72,0.0,0.0
11/5/2023,2023,11,34,24,27,23,81,997.01,0.0,6.0
11/6/2023,2023,11,34,25,27,24,81,997.16,0.0,4.0
11/7/2023,2023,11,33,25,26,24,82,997.43,0.0,4.0
11/8/2023,2023,11,33,24,26,24,82,996.76,0.0,6.0
11/9/2023,2023,11,33,24,26,23,84,997.13,0.0,6.0
12/1/2023,2023,12,31,21,24,21,80,999.19,0.0,4.0
12/10/2023,2023,12,33,23,25,22,77,995.3,0.0,6.0
12/11/2023,2023,12,33,24,24,23,80,996.39,0.0,4.0
12/12/2023,2023,12,33,23,24,22,80,996.74,0.0,6.0
12/13/2023,2023,12,32,22,24,22,81,998.49,0.0,6.0
12/14/2023,2023,12,32,22,23,21,78,999.47,0.0,9.0
12/15/2023,2023,12,33,21,23,21,78,998.84,0.0,6.0
12/16/2023,2023,12,33,21,23,19,80,998.47,0.0,0.0
12/17/2023,2023,12,31,22,23,20,77,999.29,0.0,6.0
12/18/2023,2023,12,31,22,23,21,78,1000.24,0.0,6.0
12/19/2023,2023,12,32,21,22,20,81,1000.4,0.0,4.0
12/2/2023,2023,12,30,24,24,22,82,999.37,0.0,4.0
12/20/2023,2023,12,31,20,22,19,77,999.54,0.0,6.0
12/21/2023,2023,12,29,22,21,19,77,1000.68,0.0,7.0
12/22/2023,2023,12,26,19,21,16,74,1003.61,0.0,6.0
12/23/2023,2023,12,26,16,16,12,71,1005.71,0.0,11.0
12/24/2023,2023,12,27,15,16,14,71,1006.2,0.0,9.0
12/25/2023,2023,12,27,17,17,13,68,1004.69,0.0,7.0
12/26/2023,2023,12,28,17,18,13,69,1003.9,0.0,9.0
12/27/2023,2023,12,30,18,19,16,71,1003.74,0.0,7.0
12/28/2023,2023,12,31,18,19,16,73,1002.11,0.0,6.0
12/29/2023,2023,12,32,18,19,16,72,1000.66,0.0,6.0
12/3/2023,2023,12,31,23,23,22,82,999.34,0.0,4.0
12/30/2023,2023,12,32,18,20,16,70,999.36,0.0,6.0
12/31/2023,2023,12,32,18,23,17,75,999.04,0.0,6.0
12/4/2023,2023,12,31,22,24,21,82,998.65,0.0,4.0
12/5/2023,2023,12,32,22,25,21,82,997.64,0.0,6.0
12/6/2023,2023,12,33,23,24,22,79,998.24,0.0,6.0
12/7/2023,2023,12,31,24,23,22,82,998.45,0.0,4.0
12/8/2023,2023,12,32,22,22,20,77,998.26,0.0,6.0
12/9/2023,2023,12,33,22,24,21,76,996.93,0.0,4.0
1/1/2024,2024,1,32,19,21,18,73,998.75,0.0,6.0
1/10/2024,2024,1,34,20,23,17,65,996.2,0.0,4.0
1/11/2024,2024,1,35,22,21,17,64,996.78,0.0,4.0
1/12/2024,2024,1,34,21,20,18,62,996.29,0.0,4.0
1/13/2024,2024,1,34,22,23,18,66,996.96,0.0,7.0
1/14/2024,2024,1,30,22,23,20,77,999.29,0.0,9.0
1/15/2024,2024,1,31,22,22,19,76,999.16,0.0,4.0
1/16/2024,2024,1,33,20,21,19,72,998.78,0.0,9.0
1/17/2024,2024,1,32,19,21,18,72,998.36,0.0,7.0
1/18/2024,2024,1,33,20,22,19,73,997.94,0.0,7.0
1/19/2024,2024,1,34,20,21,18,68,997.26,0.0,6.0
1/2/2024,2024,1,33,19,21,18,73,998.4,0.0,4.0
1/20/2024,2024,1,34,19,18,13,61,997.34,0.0,13.0
1/21/2024,2024,1,33,18,17,14,55,997.94,0.0,15.0
1/22/2024,2024,1,34,16,17,13,58,999.0,0.0,6.0
1/23/2024,2024,1,32,16,21,14,66,999.99,0.0,6.0
1/24/2024,2024,1,29,21,21,17,69,1001.8,0.0,6.0
1/25/2024,2024,1,25,19,18,17,76,1004.4,0.0,6.0
1/26/2024,2024,1,26,18,20,17,79,1004.89,0.0,4.0
1/27/2024,2024,1,29,20,21,18,78,1003.0,0.2,4.0
1/28/2024,2024,1,28,21,22,21,87,1002.36,0.2,6.0
1/29/2024,2024,1,26,21,23,19,89,1002.28,0.2,6.0
1/3/2024,2024,1,32,19,20,18,73,998.47,0.0,6.0
1/30/2024,2024,1,24,22,22,21,94,1001.63,0.4,4.0
1/31/2024,2024,1,32,21,22,20,82,1000.7,0.0,7.0
1/4/2024,2024,1,32,19,21,18,73,999.11,0.0,6.0
1/5/2024,2024,1,31,19,20,18,74,999.2,0.0,7.0
1/6/2024,2024,1,32,20,20,18,73,999.3,0.0,6.0
1/7/2024,2024,1,32,20,22,18,73,999.5,0.0,7.0
1/8/2024,2024,1,33,20,22,19,73,998.78,0.0,6.0
1/9/2024,2024,1,34,21,22,17,68,997.06,0.0,4.0
2/1/2024,2024,2,34,20,21,17,66,999.99,0.0,6.0
2/10/2024,2024,2,32,22,23,20,73,1000.79,0.0,13.0
2/11/2024,2024,2,31,22,21,18,64,1004.5,0.0,9.0
2/12/2024,2024,2,33,20,21,18,70,1003.69,0.0,6.0
2/13/2024,2024,2,34,19,20,18,67,1001.58,0.0,7.0
2/14/2024,2024,2,36,18,18,17,62,999.53,0.0,7.0
2/15/2024,2024,2,37,19,20,17,63,999.35,0.0,6.0
2/16/2024,2024,2,36,19,21,17,63,998.64,0.0,6.0
2/17/2024,2024,2,37,21,22,18,62,996.6,0.0,11.0
2/18/2024,2024,2,37,22,22,18,61,996.91,0.0,13.0
2/19/2024,2024,2,37,22,20,16,54,996.78,0.0,7.0
2/2/2024,2024,2,35,22,21,18,61,998.47,0.0,13.0
2/20/2024,2024,2,37,23,21,14,51,995.84,0.0,15.0
2/21/2024,2024,2,36,23,21,17,55,995.75,0.0,7.0
2/22/2024,2024,2,36,21,21,17,57,996.86,0.0,6.0
2/23/2024,2024,2,38,22,21,17,53,997.46,0.0,7.0
2/24/2024,2024,2,38,23,24,18,56,997.4,0.0,9.0
2/25/2024,2024,2,38,24,24,20,61,996.98,0.0,4.0
2/26/2024,2024,2,37,27,25,21,64,997.16,0.0,6.0
2/27/2024,2024,2,36,25,24,22,69,996.75,0.0,6.0
2/28/2024,2024,2,36,26,23,20,63,995.29,0.0,6.0
2/29/2024,2024,2,39,24,23,19,58,995.38,0.0,6.0
2/3/2024,2024,2,34,21,19,17,59,998.85,0.0,11.0
2/4/2024,2024,2,34,21,17,13,53,999.54,0.0,9.0
2/5/2024,2024,2,34,17,17,12,54,999.08,0.0,15.0
2/6/2024,2024,2,36,18,17,9,53,999.43,0.0,13.0
2/7/2024,2024,2,36,18,18,16,57,998.15,0.0,6.0
2/8/2024,2024,2,36,21,19,17,57,996.31,0.0,11.0
2/9/2024,2024,2,36,20,23,18,68,997.84,0.0,6.0
3/1/2024,2024,3,38,24,22,18,57,995.96,0.0,11.0
3/10/2024,2024,3,38,24,20,16,50,996.98,0.0,13.0
3/11/2024,2024,3,38,24,23,17,49,997.78,0.0,7.0
3/12/2024,2024,3,38,25,19,16,46,996.89,0.0,9.0
3/13/2024,2024,3,37,22,19,11,43,996.72,0.0,15.0
3/14/2024,2024,3,38,26,18,8,37,996.08,0.0,13.0
3/15/2024,2024,3,39,26,18,12,40,995.71,0.0,7.0
3/16/2024,2024,3,39,24,22,17,51,996.55,0.0,7.0
3/17/2024,2024,3,37,26,22,19,55,996.51,0.0,6.0
3/18/2024,2024,3,41,27,22,19,53,994.95,0.0,4.0
3/19/2024,2024,3,38,24,22,19,59,996.05,0.4,15.0
3/2/2024,2024,3,36,24,24,21,66,996.25,0.0,6.0
3/20/2024,2024,3,29,23,23,21,81,1001.16,0.0,6.0
3/21/2024,2024,3,33,24,24,21,73,998.39,0.3,6.0
3/22/2024,2024,3,36,25,22,19,59,994.11,0.0,11.0
3/23/2024,2024,3,38,26,21,16,49,993.56,0.0,11.0
3/24/2024,2024,3,38,23,17,14,41,995.51,0.0,11.0
3/25/2024,2024,3,39,22,18,12,41,995.76,0.0,6.0
3/26/2024,2024,3,39,22,22,16,52,996.83,0.0,6.0
3/27/2024,2024,3,36,26,24,21,64,998.66,0.0,6.0
3/28/2024,2024,3,40,25,23,16,55,995.76,0.0,9.0
3/29/2024,2024,3,38,25,22,19,53,995.19,0.0,7.0
3/3/2024,2024,3,38,24,23,21,61,996.01,0.0,4.0
3/30/2024,2024,3,40,26,22,14,43,996.43,0.0,17.0
3/31/2024,2024,3,39,28,19,13,33,995.9,0.0,11.0
3/4/2024,2024,3,38,26,20,15,46,995.26,0.0,19.0
3/5/2024,2024,3,39,24,21,14,42,994.03,0.0,7.0
3/6/2024,2024,3,39,26,22,21,53,992.89,0.0,6.0
3/7/2024,2024,3,39,25,23,19,60,992.89,0.0,6.0
3/8/2024,2024,3,38,25,24,20,58,993.55,0.0,7.0
3/9/2024,2024,3,38,28,22,17,50,994.65,0.0,19.0
4/1/2024,2024,4,40,29,21,16,38,993.22,0.0,13.0
4/10/2024,2024,4,36,28,23,19,57,996.44,0.0,11.0
4/11/2024,2024,4,39,26,24,18,53,995.99,0.0,6.0
4/12/2024,2024,4,40,28,25,21,51,994.56,0.0,6.0
4/13/2024,2024,4,42,27,23,20,51,994.18,0.0,7.0
4/14/2024,2024,4,41,26,24,22,65,994.35,21.0,7.0
4/15/2024,2024,4,41,25,25,21,64,994.93,0.0,6.0
4/16/2024,2024,4,40,27,25,22,65,993.56,0.0,7.0
4/17/2024,2024,4,39,29,24,22,54,992.55,0.0,15.0
4/18/2024,2024,4,39,29,23,18,46,991.63,0.0,13.0
4/19/2024,2024,4,38,29,23,18,49,990.59,0.0,19.0
4/2/2024,2024,4,41,29,21,16,43,991.85,0.0,15.0
4/20/2024,2024,4,38,29,22,18,46,990.5,0.0,19.0
4/21/2024,2024,4,39,29,24,19,52,991.25,0.0,17.0
4/22/2024,2024,4,40,30,25,21,52,990.81,0.0,19.0
4/23/2024,2024,4,41,30,25,22,54,990.34,0.0,17.0
4/24/2024,2024,4,40,30,24,21,53,990.9,0.0,9.0
4/25/2024,2024,4,41,29,23,21,50,991.36,0.0,17.0
4/26/2024,2024,4,40,31,24,21,49,990.64,0.0,19.0
4/27/2024,2024,4,42,31,24,18,47,990.53,0.0,19.0
4/28/2024,2024,4,42,30,25,20,49,990.84,0.0,13.0
4/29/2024,2024,4,41,30,24,22,52,991.64,0.0,11.0
4/3/2024,2024,4,41,29,22,17,44,992.62,0.0,19.0
4/30/2024,2024,4,40,31,24,22,51,989.66,0.0,17.0
4/4/2024,2024,4,41,29,22,19,46,992.59,0.0,15.0
4/5/2024,2024,4,42,29,23,19,46,991.45,0.0,13.0
4/6/2024,2024,4,41,29,26,19,55,992.13,0.0,9.0
4/7/2024,2024,4,41,29,24,19,51,991.91,0.0,11.0
4/8/2024,2024,4,41,31,21,15,37,992.88,0.0,7.0
4/9/2024,2024,4,42,31,24,18,46,993.34,0.0,6.0
5/1/2024,2024,5,42,32,25,23,55,989.02,0.0,17.0
5/10/2024,2024,5,39,27,27,24,71,995.59,2.0,11.0
5/11/2024,2024,5,38,27,26,23,76,997.31,0.0,9.0
5/12/2024,2024,5,42,29,26,22,64,995.93,0.0,11.0
5/13/2024,2024,5,41,26,26,22,59,994.29,0.0,15.0
5/14/2024,2024,5,39,26,27,23,68,995.52,1.0,11.0
5/15/2024,2024,5,39,28,28,24,67,994.99,7.0,9.0
5/16/2024,2024,5,41,29,28,24,67,993.98,0.0,9.0
5/17/2024,2024,5,39,29,27,22,69,993.54,0.0,13.0
5/18/2024,2024,5,41,28,28,24,68,991.82,0.0,13.0
5/19/2024,2024,5,39,32,27,23,59,990.03,0.0,20.0
5/2/2024,2024,5,42,32,24,22,51,989.68,0.0,17.0
5/20/2024,2024,5,40,30,27,23,58,989.9,0.0,17.0
5/21/2024,2024,5,34,28,28,23,69,991.9,0.0,15.0
5/22/2024,2024,5,37,28,27,24,71,992.78,0.0,7.0
5/23/2024,2024,5,34,27,27,24,81,991.42,6.0,9.0
5/24/2024,2024,5,32,26,28,24,91,991.4,15.0,6.0
5/25/2024,2024,5,33,27,28,25,86,992.63,0.2,6.0
5/26/2024,2024,5,36,27,28,24,82,993.15,0.0,9.0
5/27/2024,2024,5,37,27,28,23,73,992.27,0.0,15.0
5/28/2024,2024,5,35,28,27,23,78,991.7,0.0,9.0
5/29/2024,2024,5,34,28,28,24,81,991.42,1.0,11.0
5/3/2024,2024,5,41,31,25,19,52,991.76,0.0,17.0
5/30/2024,2024,5,37,28,27,24,73,990.91,2.0,15.0
5/31/2024,2024,5,37,27,28,24,68,990.98,0.0,19.0
5/4/2024,2024,5,42,32,26,20,51,991.38,0.0,19.0
5/5/2024,2024,5,42,32,26,18,49,991.03,0.0,22.0
5/6/2024,2024,5,43,31,25,19,52,992.4,0.0,15.0
5/7/2024,2024,5,42,28,27,21,56,994.71,0.0,13.0
5/8/2024,2024,5,40,27,26,23,63,995.15,0.0,9.0
5/9/2024,2024,5,39,29,25,22,59,994.19,0.0,11.0
6/1/2024,2024,6,37,27,28,23,71,992.45,2.0,11.0
6/10/2024,2024,6,37,28,27,23,76,989.71,0.0,9.0
6/11/2024,2024,6,35,27,28,23,84,990.86,14.6,7.0
6/12/2024,2024,6,34,26,26,23,74,993.9,0.2,15.0
6/13/2024,2024,6,33,28,27,22,74,994.01,0.0,17.0
6/14/2024,2024,6,34,28,27,22,77,991.77,0.0,19.0
6/15/2024,2024,6,34,28,28,23,78,991.76,1.0,11.0
6/16/2024,2024,6,36,29,27,23,71,992.28,0.0,17.0
6/17/2024,2024,6,37,30,26,23,68,992.48,0.0,17.0
6/18/2024,2024,6,34,29,26,22,70,992.2,0.0,20.0
6/19/2024,2024,6,37,28,26,22,69,991.29,0.0,19.0
6/2/2024,2024,6,33,27,28,24,81,994.19,1.0,15.0
6/20/2024,2024,6,36,28,27,23,70,990.91,0.0,15.0
6/21/2024,2024,6,39,28,26,23,66,989.95,0.0,13.0
6/22/2024,2024,6,39,29,27,23,64,988.53,0.0,15.0
6/23/2024,2024,6,37,28,26,23,67,989.36,0.2,20.0
6/24/2024,2024,6,36,28,27,22,76,989.62,0.0,13.0
6/25/2024,2024,6,34,26,29,23,78,988.32,43.0,9.0
6/26/2024,2024,6,31,27,28,24,91,990.09,5.6,6.0
6/27/2024,2024,6,36,26,28,23,75,992.73,0.0,13.0
6/28/2024,2024,6,38,29,27,23,67,993.09,0.0,17.0
6/29/2024,2024,6,38,30,27,23,68,993.25,0.0,17.0
6/3/2024,2024,6,33,27,27,24,79,993.13,1.0,11.0
6/30/2024,2024,6,34,27,26,23,70,994.19,0.0,17.0
6/4/2024,2024,6,36,28,26,23,72,993.25,0.0,20.0
6/5/2024,2024,6,36,28,28,22,73,992.9,0.3,20.0
6/6/2024,2024,6,34,27,28,23,81,993.13,2.0,13.0
6/7/2024,2024,6,35,27,28,23,77,991.77,0.2,13.0
6/8/2024,2024,6,36,27,26,23,73,990.04,0.2,19.0
6/9/2024,2024,6,37,29,27,23,70,989.78,0.0,22.0
7/1/2024,2024,7,34,27,26,22,73,993.74,1.0,20.0
7/10/2024,2024,7,37,30,26,22,65,993.51,0.0,17.0
7/11/2024,2024,7,36,29,26,22,67,992.59,0.0,22.0
7/12/2024,2024,7,35,28,25,22,68,990.85,0.0,19.0
7/13/2024,2024,7,35,29,26,22,67,989.11,0.0,19.0
7/14/2024,2024,7,37,27,26,22,67,989.81,0.4,20.0
7/15/2024,2024,7,35,29,24,22,64,991.23,0.0,20.0
7/16/2024,2024,7,33,26,26,23,77,988.83,11.4,22.0
7/17/2024,2024,7,36,26,27,23,78,988.61,0.0,13.0
7/18/2024,2024,7,34,27,26,23,73,989.53,0.0,19.0
7/19/2024,2024,7,34,28,26,23,73,990.41,0.0,19.0
7/2/2024,2024,7,34,28,26,22,68,992.25,0.0,20.0
7/20/2024,2024,7,35,28,27,23,73,991.67,0.0,19.0
7/21/2024,2024,7,34,26,26,23,77,991.69,2.0,17.0
7/22/2024,2024,7,34,28,26,23,74,993.13,0.0,17.0
7/23/2024,2024,7,34,29,25,22,72,991.5,0.0,22.0
7/24/2024,2024,7,34,28,26,22,77,988.63,0.2,17.0
7/25/2024,2024,7,31,27,27,22,81,986.24,4.6,19.0
7/26/2024,2024,7,32,26,27,23,82,987.68,3.0,13.0
7/27/2024,2024,7,34,27,27,24,79,989.66,1.2,11.0
7/28/2024,2024,7,32,27,27,23,78,990.28,0.0,15.0
7/29/2024,2024,7,33,27,26,23,76,989.75,0.0,19.0
7/3/2024,2024,7,37,28,26,23,69,992.8,0.0,17.0
7/30/2024,2024,7,31,26,28,23,88,990.77,6.0,4.0
7/31/2024,2024,7,30,27,27,24,88,991.9,13.0,6.0
7/4/2024,2024,7,36,28,27,23,74,994.24,0.0,9.0
7/5/2024,2024,7,37,27,27,22,72,992.41,0.0,11.0
7/6/2024,2024,7,38,29,27,22,69,991.13,0.0,13.0
7/7/2024,2024,7,38,28,27,23,70,991.33,0.0,9.0
7/8/2024,2024,7,38,27,28,23,78,991.1,0.4,11.0
7/9/2024,2024,7,38,27,29,23,66,992.33,0.0,17.0
8/1/2024,2024,8,30,27,27,24,92,992.97,6.0,4.0
8/10/2024,2024,8,37,30,26,22,66,992.35,0.0,19.0
8/11/2024,2024,8,37,30,26,23,67,990.49,0.0,26.0
8/12/2024,2024,8,33,29,26,23,69,990.44,0.0,20.0
8/13/2024,2024,8,34,27,26,21,73,992.06,0.0,24.0
8/14/2024,2024,8,37,27,26,23,73,992.59,0.0,13.0
8/15/2024,2024,8,37,28,27,23,69,991.79,0.0,17.0
8/16/2024,2024,8,36,28,26,23,69,991.41,0.0,20.0
8/17/2024,2024,8,37,29,26,23,67,992.88,0.0,20.0
8/18/2024,2024,8,37,29,28,23,72,993.35,0.6,13.0
8/19/2024,2024,8,37,29,26,23,69,992.91,0.2,24.0
8/2/2024,2024,8,31,26,27,24,92,993.1,8.4,4.0
8/20/2024,2024,8,34,27,26,23,73,994.08,0.0,11.0
8/21/2024,2024,8,33,27,26,23,75,994.05,1.0,22.0
8/22/2024,2024,8,37,28,25,22,69,994.6,0.0,20.0
8/23/2024,2024,8,34,26,26,23,71,995.71,0.8,15.0
8/24/2024,2024,8,37,27,26,23,70,994.81,0.0,17.0
8/25/2024,2024,8,37,27,26,23,71,994.09,0.1,22.0
8/26/2024,2024,8,37,28,26,22,75,992.6,0.5,15.0
8/27/2024,2024,8,35,28,27,23,74,992.75,2.0,19.0
8/28/2024,2024,8,37,27,26,23,77,990.71,6.0,9.0
8/29/2024,2024,8,33,26,28,24,88,991.18,17.4,7.0
8/3/2024,2024,8,35,27,28,22,80,993.42,0.0,11.0
8/30/2024,2024,8,36,25,27,22,77,992.17,0.0,20.0
8/31/2024,2024,8,37,29,26,22,69,993.33,0.0,15.0
8/4/2024,2024,8,36,26,27,22,73,993.31,0.0,22.0
8/5/2024,2024,8,36,26,26,23,70,992.64,0.0,19.0
8/6/2024,2024,8,34,29,27,22,72,992.81,0.0,13.0
8/7/2024,2024,8,37,28,27,22,71,993.64,0.0,13.0
8/8/2024,2024,8,36,28,26,22,66,994.68,0.0,19.0
8/9/2024,2024,8,36,29,26,23,68,993.75,0.0,20.0
9/1/2024,2024,9,37,29,27,23,70,992.33,0.0,19.0
9/10/2024,2024,9,29,26,27,23,88,990.61,3.2,7.0
9/11/2024,2024,9,33,25,27,23,86,992.27,0.0,15.0
9/12/2024,2024,9,34,25,27,23,84,993.42,12.0,7.0
9/13/2024,2024,9,36,27,27,23,75,991.98,0.0,19.0
9/14/2024,2024,9,36,28,26,23,69,990.49,0.0,17.0
9/15/2024,2024,9,36,29,26,22,68,990.29,0.0,22.0
9/16/2024,2024,9,37,29,28,22,70,990.15,0.4,19.0
9/17/2024,2024,9,34,28,27,23,77,990.0,0.0,17.0
9/18/2024,2024,9,36,27,27,24,81,989.1,0.0,11.0
9/19/2024,2024,9,37,26,27,24,80,988.39,3.0,7.0
9/2/2024,2024,9,34,26,27,23,80,991.39,7.0,11.0
9/20/2024,2024,9,36,26,26,23,79,988.64,1.9,11.0
9/21/2024,2024,9,31,26,26,24,93,989.33,26.0,6.0
9/22/2024,2024,9,31,26,27,24,89,990.06,5.2,7.0
9/23/2024,2024,9,32,25,26,24,90,993.11,6.0,7.0
9/24/2024,2024,9,32,26,26,24,91,995.02,3.5,6.0
9/25/2024,2024,9,32,25,26,23,83,996.24,1.0,7.0
9/26/2024,2024,9,34,26,27,24,84,996.23,1.0,6.0
9/27/2024,2024,9,37,26,27,24,77,995.61,0.0,7.0
9/28/2024,2024,9,38,27,28,25,74,994.53,0.0,7.0
9/29/2024,2024,9,38,28,27,24,69,993.41,0.0,17.0
9/3/2024,2024,9,36,27,27,25,81,991.76,0.0,9.0
9/30/2024,2024,9,34,26,26,22,67,992.41,0.0,19.0
9/4/2024,2024,9,37,27,28,23,71,990.85,0.0,17.0
9/5/2024,2024,9,37,29,26,22,67,990.28,0.0,19.0
9/6/2024,2024,9,36,29,26,22,68,990.56,0.0,22.0
9/7/2024,2024,9,34,29,26,22,67,990.94,0.0,22.0
9/8/2024,2024,9,33,29,26,23,73,991.66,0.0,17.0
9/9/2024,2024,9,31,26,26,23,84,991.23,3.0,11.0
10/1/2024,2024,10,34,26,27,24,83,991.39,49.0,7.0
10/10/2024,2024,10,34,26,27,23,79,995.7,0.0,7.0
10/11/2024,2024,10,34,25,27,24,81,995.4,9.0,9.0
10/12/2024,2024,10,34,25,27,24,80,996.63,0.0,9.0
10/13/2024,2024,10,34,26,27,23,82,996.68,3.0,7.0
10/14/2024,2024,10,35,26,28,24,78,995.67,0.0,6.0
10/15/2024,2024,10,37,27,28,24,75,995.41,0.0,7.0
10/16/2024,2024,10,36,26,28,24,77,995.74,0.0,6.0
10/17/2024,2024,10,33,26,26,23,81,995.97,0.0,9.0
10/18/2024,2024,10,36,26,28,24,75,995.23,0.0,6.0
10/19/2024,2024,10,34,25,27,24,84,995.92,6.0,13.0
10/2/2024,2024,10,32,26,27,24,92,994.04,21.0,9.0
10/20/2024,2024,10,31,25,27,23,93,996.9,19.0,9.0
10/21/2024,2024,10,32,25,26,24,85,997.44,2.0,6.0
10/22/2024,2024,10,34,26,28,24,81,996.76,1.0,9.0
10/23/2024,2024,10,34,25,26,23,77,997.42,1.0,7.0
10/24/2024,2024,10,35,25,26,23,76,996.61,0.0,6.0
10/25/2024,2024,10,37,25,27,22,70,995.02,0.0,9.0
10/26/2024,2024,10,37,27,27,23,71,992.7,0.0,56.0
10/27/2024,2024,10,38,28,28,23,71,990.9,0.0,13.0
10/28/2024,2024,10,37,27,27,23,72,990.98,0.0,7.0
10/29/2024,2024,10,36,26,27,22,72,993.39,0.0,11.0
10/3/2024,2024,10,29,26,27,24,96,995.5,3.2,9.0
10/30/2024,2024,10,36,26,27,23,74,995.08,0.0,7.0
10/31/2024,2024,10,38,26,27,23,71,995.39,0.0,7.0
10/4/2024,2024,10,32,26,27,23,86,996.41,1.0,6.0
10/5/2024,2024,10,34,27,27,24,79,996.65,0.0,6.0
10/6/2024,2024,10,35,26,27,24,78,997.12,0.0,7.0
10/7/2024,2024,10,35,26,26,23,76,998.2,0.0,9.0
10/8/2024,2024,10,35,25,27,23,78,997.76,0.0,7.0
10/9/2024,2024,10,34,26,27,24,80,996.43,0.0,13.0
11/1/2024,2024,11,38,26,27,23,72,994.92,0.0,7.0
11/10/2024,2024,11,34,23,24,20,72,998.2,0.0,9.0
11/11/2024,2024,11,34,22,24,20,73,997.8,0.0,7.0
11/12/2024,2024,11,35,22,24,20,72,996.83,0.0,7.0
11/13/2024,2024,11,36,22,25,21,72,995.27,0.0,4.0
11/14/2024,2024,11,36,23,26,21,70,995.25,0.0,6.0
11/15/2024,2024,11,37,24,26,22,72,994.83,0.0,56.0
11/16/2024,2024,11,36,25,27,23,74,994.43,0.0,7.0
11/17/2024,2024,11,33,26,26,22,77,995.21,0.0,9.0
11/18/2024,2024,11,33,24,26,21,78,997.36,2.1,9.0
11/19/2024,2024,11,34,22,24,21,73,998.41,0.0,11.0
11/2/2024,2024,11,36,26,27,22,75,996.84,0.0,9.0
11/20/2024,2024,11,34,23,24,20,70,998.0,0.0,9.0
11/21/2024,2024,11,33,22,23,20,74,997.66,0.0,7.0
11/22/2024,2024,11,34,22,23,19,73,997.79,0.0,9.0
11/23/2024,2024,11,33,23,24,20,72,998.38,0.0,9.0
11/24/2024,2024,11,33,23,24,21,73,998.26,0.0,9.0
11/25/2024,2024,11,34,23,24,21,72,997.48,0.0,9.0
11/26/2024,2024,11,34,24,25,22,74,997.36,0.0,9.0
11/27/2024,2024,11,32,24,24,21,76,997.75,0.0,11.0
11/28/2024,2024,11,32,23,23,19,74,999.54,0.0,9.0
11/29/2024,2024,11,31,23,21,17,70,1000.87,0.0,11.0
11/3/2024,2024,11,33,24,26,21,73,998.35,0.0,9.0
11/30/2024,2024,11,32,19,21,17,69,999.03,0.0,9.0
11/4/2024,2024,11,34,23,25,18,70,998.13,0.0,9.0
11/5/2024,2024,11,29,26,25,21,84,999.41,0.0,11.0
11/6/2024,2024,11,29,25,24,21,82,999.74,0.1,7.0
11/7/2024,2024,11,28,24,25,22,87,999.19,0.0,9.0
11/8/2024,2024,11,28,25,24,21,83,999.2,0.0,9.0
11/9/2024,2024,11,33,24,24,19,74,998.9,0.0,9.0
12/1/2024,2024,12,32,19,22,17,70,996.61,0.0,7.0
12/10/2024,2024,12,34,22,24,19,69,995.87,0.0,7.0
12/11/2024,2024,12,36,22,24,21,68,995.65,0.0,9.0
12/12/2024,2024,12,34,21,24,18,72,995.68,0.0,7.0
12/13/2024,2024,12,30,24,24,21,80,997.34,0.0,4.0
12/14/2024,2024,12,30,24,24,20,77,998.89,0.0,7.0
12/15/2024,2024,12,30,23,22,17,74,1001.14,0.0,13.0
12/16/2024,2024,12,31,22,21,17,74,1001.98,0.0,9.0
12/17/2024,2024,12,32,20,21,17,69,1000.59,0.0,7.0
12/18/2024,2024,12,32,20,22,17,75,999.78,0.0,6.0
12/19/2024,2024,12,32,21,21,17,69,999.84,0.0,7.0
12/2/2024,2024,12,34,20,23,18,70,995.75,0.0,6.0
12/20/2024,2024,12,31,18,19,14,63,999.26,0.0,7.0
12/21/2024,2024,12,31,17,18,14,68,998.96,0.0,6.0
12/22/2024,2024,12,29,17,19,14,68,999.43,0.0,7.0
12/23/2024,2024,12,31,17,18,13,65,999.25,0.0,11.0
12/24/2024,2024,12,32,17,19,13,64,999.72,0.0,11.0
12/25/2024,2024,12,33,18,19,15,64,1000.48,0.0,13.0
12/26/2024,2024,12,34,18,19,16,62,1001.49,0.0,11.0
12/27/2024,2024,12,34,20,22,17,67,1001.33,0.0,9.0
12/28/2024,2024,12,33,22,22,19,74,1001.51,0.0,9.0
12/29/2024,2024,12,32,22,22,17,71,1001.23,0.0,13.0
12/3/2024,2024,12,35,21,24,18,68,996.09,0.0,6.0
12/30/2024,2024,12,32,19,21,17,66,999.91,0.0,11.0
12/31/2024,2024,12,32,18,21,10,66,999.72,0.0,9.0
12/4/2024,2024,12,35,22,24,19,68,995.84,0.0,7.0
12/5/2024,2024,12,34,24,24,21,70,995.8,0.0,9.0
12/6/2024,2024,12,35,23,23,19,67,995.23,0.0,9.0
12/7/2024,2024,12,34,23,23,19,71,996.29,0.0,6.0
12/8/2024,2024,12,34,22,24,20,71,997.31,0.0,4.0
12/9/2024,2024,12,33,23,23,19,70,997.45,0.0,7.0
1/1/2025,2025,1,32,18,19,16,66,998.82,0.0,9.0
1/10/2025,2025,1,32,20,19,15,67,1002.13,0.0,7.0
1/11/2025,2025,1,30,19,18,12,63,1004.31,0.0,15.0
1/12/2025,2025,1,27,16,15,9,61,1005.29,0.0,17.0
1/13/2025,2025,1,29,13,14,9,59,1002.33,0.0,11.0
1/14/2025,2025,1,30,13,15,11,60,1001.69,0.0,9.0
1/15/2025,2025,1,32,14,16,11,56,1002.02,0.0,11.0
1/16/2025,2025,1,32,17,18,13,65,1002.39,0.0,11.0
1/17/2025,2025,1,32,18,19,15,65,1000.04,0.0,11.0
1/18/2025,2025,1,33,17,18,14,60,999.04,0.0,7.0
1/19/2025,2025,1,33,16,17,13,61,997.72,0.0,9.0
1/2/2025,2025,1,33,18,19,15,62,998.21,0.0,7.0
1/20/2025,2025,1,31,16,18,14,65,996.54,0.0,7.0
1/21/2025,2025,1,34,16,18,14,62,996.45,0.0,7.0
1/22/2025,2025,1,34,17,19,14,62,996.59,0.0,6.0
1/23/2025,2025,1,36,18,19,15,65,997.18,0.0,6.0
1/24/2025,2025,1,37,18,25,12,58,995.47,0.0,17.0
1/25/2025,2025,1,37,18,17,13,52,995.19,0.0,11.0
1/26/2025,2025,1,37,17,19,13,61,995.51,0.0,6.0
1/27/2025,2025,1,30,21,18,13,61,997.89,0.0,9.0
1/28/2025,2025,1,31,17,17,12,62,1000.8,0.0,11.0
1/29/2025,2025,1,32,18,17,12,63,1001.66,0.0,15.0
1/3/2025,2025,1,32,17,18,13,62,999.42,0.0,9.0
1/30/2025,2025,1,33,17,18,13,65,998.42,0.0,9.0
1/31/2025,2025,1,37,20,21,16,63,996.2,0.0,17.0
1/4/2025,2025,1,32,16,18,14,61,999.05,0.0,9.0
1/5/2025,2025,1,31,16,17,12,61,1000.99,0.0,7.0
1/6/2025,2025,1,31,15,17,12,61,999.72,0.0,9.0
1/7/2025,2025,1,31,16,17,13,63,998.97,0.0,6.0
1/8/2025,2025,1,32,17,19,15,65,997.92,0.0,9.0
1/9/2025,2025,1,33,19,19,16,64,999.37,0.0,9.0
2/1/2025,2025,2,37,20,21,12,56,995.11,0.0,9.0
2/10/2025,2025,2,35,19,18,15,61,998.79,0.0,9.0
2/11/2025,2025,2,37,19,19,15,60,998.15,0.0,11.0
2/12/2025,2025,2,37,21,19,16,56,997.2,0.0,6.0
2/13/2025,2025,2,38,21,19,17,55,996.78,0.0,9.0
2/14/2025,2025,2,38,23,19,12,45,996.11,0.0,19.0
2/15/2025,2025,2,37,22,16,9,38,995.21,0.0,13.0
2/16/2025,2025,2,38,22,18,13,45,995.6,0.0,9.0
2/17/2025,2025,2,38,22,19,14,47,997.19,0.0,6.0
2/18/2025,2025,2,37,22,22,17,59,997.6,0.0,9.0
2/19/2025,2025,2,36,23,24,20,71,997.73,0.0,11.0
2/2/2025,2025,2,38,17,17,8,48,994.6,0.0,9.0
2/20/2025,2025,2,36,23,24,18,69,997.96,0.0,20.0
2/21/2025,2025,2,31,23,22,20,72,998.94,0.0,9.0
2/22/2025,2025,2,36,31,22,20,67,998.65,0.0,0.0
2/23/2025,2025,2,36,28,24,19,62,999.5,0.0,4.0
2/24/2025,2025,2,31,24,23,19,73,1002.33,10.0,7.0
2/25/2025,2025,2,26,22,23,19,85,1004.65,0.6,9.0
2/26/2025,2025,2,34,22,23,19,73,1003.26,0.0,9.0
2/27/2025,2025,2,37,23,24,20,65,998.44,0.0,11.0
2/28/2025,2025,2,41,28,24,21,65,996.69,0.0,7.0
2/3/2025,2025,2,38,18,19,14,55,995.23,0.0,7.0
2/4/2025,2025,2,34,19,21,15,66,997.16,0.0,11.0
2/5/2025,2025,2,34,21,21,18,66,996.13,0.0,11.0
2/6/2025,2025,2,37,22,22,17,62,995.47,0.0,9.0
2/7/2025,2025,2,37,22,22,17,64,996.55,0.0,9.0
2/8/2025,2025,2,34,22,22,16,64,997.74,0.0,9.0
2/9/2025,2025,2,33,23,20,14,56,998.94,0.0,9.0
3/1/2025,2025,3,41,28,23,18,53,994.95,0.0,15.0
3/10/2025,2025,3,39,23,23,21,61,997.88,0.0,9.0
3/11/2025,2025,3,41,24,24,19,62,996.16,0.0,11.0
3/12/2025,2025,3,41,26,24,19,57,993.73,0.0,13.0
3/13/2025,2025,3,39,26,24,21,60,994.11,0.0,9.0
3/14/2025,2025,3,39,25,24,21,63,995.54,0.0,9.0
3/15/2025,2025,3,42,25,23,15,53,995.54,0.0,7.0
3/16/2025,2025,3,42,29,23,16,42,994.65,0.0,15.0
3/17/2025,2025,3,39,27,26,19,58,994.85,0.0,9.0
3/18/2025,2025,3,38,27,26,21,61,996.89,0.0,9.0
3/19/2025,2025,3,34,27,23,18,56,1000.83,0.0,13.0
3/2/2025,2025,3,41,26,23,12,44,993.46,0.0,17.0
3/20/2025,2025,3,34,24,21,17,56,1002.84,0.0,11.0
3/21/2025,2025,3,36,23,21,16,58,1002.14,0.0,11.0
3/22/2025,2025,3,37,22,20,16,56,1000.14,0.0,7.0
3/23/2025,2025,3,39,22,23,17,57,998.44,0.0,6.0
3/24/2025,2025,3,42,26,24,18,54,995.35,0.0,9.0
3/25/2025,2025,3,42,30,24,14,41,991.81,0.0,17.0
3/26/2025,2025,3,42,29,24,11,39,990.59,0.0,19.0
3/27/2025,2025,3,41,27,21,11,38,990.03,0.0,22.0
3/28/2025,2025,3,40,29,24,13,41,990.08,0.0,17.0
3/29/2025,2025,3,42,30,24,17,46,992.13,0.0,15.0
3/3/2025,2025,3,41,24,21,13,46,992.97,0.0,15.0
3/30/2025,2025,3,42,32,26,19,54,993.99,0.0,11.0
3/31/2025,2025,3,39,28,27,18,69,995.75,0.0,7.0
3/4/2025,2025,3,40,24,21,13,52,992.65,0.0,13.0
3/5/2025,2025,3,39,28,23,13,49,992.43,0.0,17.0
3/6/2025,2025,3,41,23,21,16,50,993.86,0.0,7.0
3/7/2025,2025,3,38,26,25,17,58,994.14,9.0,9.0
3/8/2025,2025,3,28,24,22,19,76,998.16,0.0,9.0
3/9/2025,2025,3,33,23,23,20,72,998.94,0.0,7.0
4/1/2025,2025,4,39,28,26,22,63,995.68,0.0,7.0
4/10/2025,2025,4,40,28,26,21,65,993.7,0.0,9.0
4/11/2025,2025,4,39,28,26,22,69,992.08,0.0,15.0
4/12/2025,2025,4,37,28,27,22,72,992.51,0.0,15.0
4/13/2025,2025,4,39,27,27,22,74,993.77,1.2,11.0
4/14/2025,2025,4,34,26,27,23,83,996.04,15.4,13.0
4/15/2025,2025,4,38,28,27,23,71,995.51,0.0,7.0
4/16/2025,2025,4,39,26,30,22,75,994.2,45.0,13.0
4/17/2025,2025,4,39,27,27,22,68,994.08,0.0,17.0
4/18/2025,2025,4,39,31,26,22,62,993.12,0.0,19.0
4/19/2025,2025,4,40,31,27,22,63,992.44,0.0,19.0
4/2/2025,2025,4,39,28,26,22,64,995.97,0.0,7.0
4/20/2025,2025,4,39,29,28,22,66,993.5,0.8,11.0
4/21/2025,2025,4,41,29,27,23,61,994.85,0.0,13.0
4/22/2025,2025,4,42,32,27,19,54,994.74,0.0,15.0
4/23/2025,2025,4,42,32,26,21,55,993.26,0.0,19.0
4/24/2025,2025,4,41,32,27,20,53,992.84,0.0,19.0
4/25/2025,2025,4,43,32,26,16,55,992.88,0.0,20.0
4/26/2025,2025,4,43,33,27,22,57,993.05,0.0,19.0
4/27/2025,2025,4,41,29,27,23,61,994.5,0.0,6.0
4/28/2025,2025,4,41,27,26,21,64,994.45,5.0,17.0
4/29/2025,2025,4,35,27,27,24,77,994.9,1.0,7.0
4/3/2025,2025,4,41,28,26,21,60,996.75,0.0,9.0
4/30/2025,2025,4,38,27,28,23,72,994.11,1.4,7.0
4/4/2025,2025,4,42,32,26,21,57,995.5,0.0,13.0
4/5/2025,2025,4,41,25,28,19,61,994.84,6.0,17.0
4/6/2025,2025,4,41,29,26,21,64,995.01,0.0,15.0
4/7/2025,2025,4,39,27,26,21,65,996.18,0.0,13.0
4/8/2025,2025,4,42,27,26,21,60,997.61,0.0,11.0
4/9/2025,2025,4,42,28,26,18,60,995.36,0.2,11.0
5/1/2025,2025,5,38,27,27,23,72,995.77,1.0,7.0
5/10/2025,2025,5,41,28,28,23,72,991.02,0.0,7.0
5/11/2025,2025,5,39,27,28,24,75,991.26,5.2,9.0
5/12/2025,2025,5,35,27,27,23,79,992.01,2.0,9.0
5/13/2025,2025,5,34,27,30,23,85,992.11,16.0,13.0
5/14/2025,2025,5,36,27,28,24,83,992.86,6.0,6.0
5/15/2025,2025,5,34,28,28,24,89,993.64,5.0,9.0
5/16/2025,2025,5,37,28,28,24,85,993.21,3.0,11.0
5/17/2025,2025,5,38,27,28,24,77,993.79,2.0,11.0
5/18/2025,2025,5,38,27,28,24,77,994.0,1.0,9.0
5/19/2025,2025,5,38,29,29,24,76,992.35,4.0,11.0
5/2/2025,2025,5,39,28,28,23,68,994.0,0.0,9.0
5/20/2025,2025,5,39,29,29,24,73,992.58,0.0,11.0
5/21/2025,2025,5,37,29,29,23,76,993.2,0.0,19.0
5/22/2025,2025,5,40,28,28,24,71,991.33,0.0,17.0
5/23/2025,2025,5,38,31,27,23,65,989.89,0.0,20.0
5/24/2025,2025,5,35,27,28,24,80,989.27,28.0,17.0
5/25/2025,2025,5,34,27,28,24,87,991.51,47.0,11.0
5/26/2025,2025,5,33,27,29,24,89,991.6,21.0,9.0
5/27/2025,2025,5,34,28,29,24,87,990.57,17.0,7.0
5/28/2025,2025,5,34,28,29,24,81,990.01,0.0,7.0
5/29/2025,2025,5,36,27,29,23,77,990.92,5.0,11.0
5/3/2025,2025,5,38,28,28,23,74,993.25,14.0,13.0
5/30/2025,2025,5,36,28,29,24,86,991.68,9.8,7.0
5/31/2025,2025,5,34,28,29,24,85,992.59,11.0,9.0
5/4/2025,2025,5,39,28,28,23,66,991.75,0.0,9.0
5/5/2025,2025,5,41,32,27,22,58,991.81,0.0,13.0
5/6/2025,2025,5,42,32,27,23,55,991.28,0.0,11.0
5/7/2025,2025,5,42,31,27,23,61,990.88,0.0,13.0
5/8/2025,2025,5,41,31,28,22,63,991.09,0.0,15.0
5/9/2025,2025,5,42,28,27,22,65,990.82,1.0,15.0
6/1/2025,2025,6,34,28,28,23,78,992.63,0.0,11.0
6/10/2025,2025,6,37,29,29,23,75,989.23,2.0,11.0
6/11/2025,2025,6,36,31,27,22,68,990.5,0.0,17.0
6/12/2025,2025,6,38,29,27,23,70,990.36,0.0,15.0
6/13/2025,2025,6,37,30,28,22,70,990.63,0.0,15.0
6/14/2025,2025,6,36,29,29,23,76,991.5,2.0,13.0
6/15/2025,2025,6,35,29,28,23,77,991.89,0.2,13.0
6/16/2025,2025,6,36,28,28,23,75,993.14,0.0,15.0
6/17/2025,2025,6,36,29,28,23,73,993.91,0.0,17.0
6/18/2025,2025,6,37,27,28,22,70,993.66,0.4,17.0
6/19/2025,2025,6,37,30,27,22,69,993.47,0.0,17.0
6/2/2025,2025,6,37,28,28,21,76,991.67,0.0,22.0
6/20/2025,2025,6,36,29,27,22,71,992.89,0.1,22.0
6/21/2025,2025,6,37,30,27,21,67,991.36,0.0,19.0
6/22/2025,2025,6,37,28,28,23,77,990.91,3.2,13.0
6/23/2025,2025,6,37,27,29,23,78,990.83,67.0,9.0
6/24/2025,2025,6,37,27,28,23,78,991.21,0.4,20.0
6/25/2025,2025,6,38,27,28,23,71,992.56,0.0,19.0
6/26/2025,2025,6,37,30,27,22,71,992.85,0.0,19.0
6/27/2025,2025,6,32,27,27,22,75,992.35,0.0,17.0
6/28/2025,2025,6,33,26,28,23,80,991.4,8.0,13.0
6/29/2025,2025,6,34,28,26,22,79,990.68,0.0,15.0
6/3/2025,2025,6,36,28,28,23,77,991.86,0.0,15.0
6/30/2025,2025,6,36,28,28,23,81,990.11,0.0,15.0
6/4/2025,2025,6,37,29,28,22,69,992.91,0.2,20.0
6/5/2025,2025,6,39,29,27,22,66,992.65,0.0,22.0
6/6/2025,2025,6,38,31,27,23,65,992.53,0.0,19.0
6/7/2025,2025,6,39,31,28,23,66,991.78,0.0,17.0
6/8/2025,2025,6,39,28,28,23,67,990.71,7.0,15.0
6/9/2025,2025,6,37,28,28,23,77,988.97,4.0,9.0
7/1/2025,2025,7,36,28,27,23,73,991.49,0.0,19.0
7/10/2025,2025,7,36,29,27,22,73,990.8,0.0,19.0
7/11/2025,2025,7,34,30,26,22,74,988.41,0.0,22.0
7/12/2025,2025,7,36,27,27,23,74,989.54,0.4,20.0
7/13/2025,2025,7,36,29,27,23,71,991.74,0.2,17.0
7/14/2025,2025,7,38,30,27,23,68,991.96,0.0,19.0
7/15/2025,2025,7,39,29,27,23,67,990.53,0.6,20.0
7/16/2025,2025,7,36,28,28,24,78,991.34,0.4,17.0
7/17/2025,2025,7,36,28,28,23,78,991.75,1.0,15.0
7/18/2025,2025,7,37,28,28,23,75,991.14,0.2,15.0
7/19/2025,2025,7,36,27,27,22,69,988.69,0.0,19.0
7/2/2025,2025,7,34,26,26,23,74,992.1,0.0,15.0
7/20/2025,2025,7,36,29,26,23,69,988.19,0.0,22.0
7/21/2025,2025,7,34,29,27,23,74,989.01,0.0,17.0
7/22/2025,2025,7,32,27,27,23,79,987.21,1.8,20.0
7/23/2025,2025,7,30,27,26,23,90,985.65,20.0,15.0
7/24/2025,2025,7,31,27,28,24,92,988.36,6.4,9.0
7/25/2025,2025,7,32,26,28,23,91,990.46,4.2,6.0
7/26/2025,2025,7,33,27,28,24,83,990.74,1.2,13.0
7/27/2025,2025,7,34,27,28,23,81,989.92,2.0,15.0
7/28/2025,2025,7,32,28,29,23,87,989.21,2.4,15.0
7/29/2025,2025,7,34,28,27,24,79,989.5,0.0,19.0
7/3/2025,2025,7,33,27,26,22,74,993.53,0.2,17.0
7/30/2025,2025,7,34,29,27,24,77,990.99,0.2,17.0
7/31/2025,2025,7,37,29,28,24,75,990.88,0.0,19.0
7/4/2025,2025,7,36,29,26,23,70,992.93,0.0,19.0
7/5/2025,2025,7,36,30,27,23,70,991.48,0.0,17.0
7/6/2025,2025,7,33,29,27,22,73,991.64,0.0,19.0
7/7/2025,2025,7,36,27,26,22,73,992.11,0.0,17.0
7/8/2025,2025,7,34,28,27,24,80,992.19,6.0,7.0
7/9/2025,2025,7,36,28,27,24,72,992.45,0.0,20.0
8/1/2025,2025,8,37,29,27,24,73,990.59,0.0,19.0
8/10/2025,2025,8,37,31,27,19,69,993.22,0.0,22.0
8/11/2025,2025,8,38,28,27,23,70,991.46,0.0,24.0
8/12/2025,2025,8,38,28,28,23,73,991.4,9.0,13.0
8/13/2025,2025,8,37,29,27,23,68,993.03,0.0,17.0
8/14/2025,2025,8,37,30,27,23,68,992.2,0.6,22.0
8/15/2025,2025,8,37,28,27,23,72,990.02,0.6,19.0
8/16/2025,2025,8,34,27,28,24,86,989.65,0.0,7.0
8/17/2025,2025,8,34,27,27,24,88,992.78,3.4,6.0
8/18/2025,2025,8,35,26,26,23,75,994.17,0.0,17.0
8/19/2025,2025,8,37,29,26,22,69,994.02,0.0,22.0
8/2/2025,2025,8,37,30,27,23,72,992.14,0.0,15.0
8/20/2025,2025,8,38,29,26,21,65,993.8,0.0,19.0
8/21/2025,2025,8,38,28,27,22,66,993.9,0.0,19.0
8/22/2025,2025,8,38,28,28,22,74,993.18,0.2,15.0
8/23/2025,2025,8,35,27,27,22,74,993.22,0.0,17.0
8/24/2025,2025,8,38,28,27,22,69,992.44,0.0,15.0
8/25/2025,2025,8,39,27,28,22,71,990.34,0.0,13.0
8/26/2025,2025,8,32,29,26,21,71,990.86,0.0,20.0
8/27/2025,2025,8,31,28,27,21,77,992.84,1.0,15.0
8/28/2025,2025,8,33,28,26,20,71,993.3,0.0,17.0
8/29/2025,2025,8,37,27,26,20,66,993.75,0.0,24.0
8/3/2025,2025,8,38,30,27,23,69,993.75,0.0,19.0
8/30/2025,2025,8,30,27,25,22,75,993.65,0.0,15.0
8/4/2025,2025,8,37,31,27,23,69,993.25,0.0,22.0
8/5/2025,2025,8,38,31,27,23,69,992.42,0.0,20.0
8/6/2025,2025,8,38,28,27,23,68,991.91,0.0,19.0
8/7/2025,2025,8,37,27,29,23,78,993.41,11.0,11.0
8/8/2025,2025,8,38,27,27,24,71,995.06,0.0,19.0
8/9/2025,2025,8,38,30,27,23,68,995.06,0.0,17.0
9/10/2025,2025,9,33,27,28,24,88,992.62,16.2,6.0
9/11/2025,2025,9,34,27,28,23,82,993.63,20.0,9.0
9/12/2025,2025,9,37,27,29,24,80,993.21,4.0,7.0
9/13/2025,2025,9,37,28,29,24,77,993.78,0.0,7.0
9/14/2025,2025,9,36,27,28,23,76,994.4,0.0,9.0
9/15/2025,2025,9,34,27,28,24,84,994.28,2.0,6.0
9/16/2025,2025,9,34,27,27,23,80,994.51,0.4,11.0
9/17/2025,2025,9,37,27,28,23,78,992.69,2.0,9.0
9/18/2025,2025,9,37,27,29,24,79,991.53,0.0,11.0
9/19/2025,2025,9,34,27,28,24,86,991.85,67.0,7.0
9/20/2025,2025,9,34,27,29,24,85,990.83,2.6,7.0
9/21/2025,2025,9,36,27,29,24,82,990.79,1.0,9.0
9/22/2025,2025,9,34,27,28,22,81,992.06,0.2,9.0
9/23/2025,2025,9,34,27,28,23,84,990.74,0.6,7.0
9/24/2025,2025,9,36,28,29,22,83,988.92,0.0,9.0
9/25/2025,2025,9,36,28,28,22,80,989.95,0.0,9.0
9/26/2025,2025,9,36,28,28,23,79,991.91,0.2,6.0
9/27/2025,2025,9,35,27,28,24,83,993.71,13.0,7.0
9/28/2025,2025,9,38,28,29,24,75,991.14,0.0,9.0
9/29/2025,2025,9,37,29,28,24,74,987.61,0.2,13.0
9/3/2025,2025,9,38,27,28,23,66,993.06,0.0,15.0
9/30/2025,2025,9,31,25,28,24,91,989.67,22.4,13.0
9/4/2025,2025,9,39,29,28,22,69,992.29,0.0,15.0
9/5/2025,2025,9,36,28,29,23,76,992.03,2.0,17.0
9/6/2025,2025,9,36,27,29,23,80,992.14,2.0,7.0
9/7/2025,2025,9,34,27,28,23,82,991.48,9.0,9.0
9/8/2025,2025,9,34,27,28,23,81,991.13,7.2,11.0
9/9/2025,2025,9,34,27,28,24,89,992.17,14.0,9.0
10/1/2025,2025,10,31,25,26,24,90,995.76,0.6,4.0
10/10/2025,2025,10,37,27,28,23,77,995.43,0.0,7.0
10/11/2025,2025,10,37,28,28,24,80,994.66,0.0,11.0
10/12/2025,2025,10,37,27,28,24,79,994.35,0.0,6.0
10/13/2025,2025,10,37,27,29,23,78,994.74,30.0,7.0
10/14/2025,2025,10,34,27,27,23,83,994.81,4.7,4.0
10/15/2025,2025,10,31,27,28,24,90,994.49,2.0,6.0
10/16/2025,2025,10,35,26,28,23,81,996.01,7.0,11.0
10/17/2025,2025,10,35,28,28,24,80,996.38,0.0,13.0
10/18/2025,2025,10,37,3,29,24,77,995.65,0.0,7.0
10/19/2025,2025,10,36,28,28,24,76,994.58,0.0,11.0
10/2/2025,2025,10,39,28,26,24,80,996.89,0.6,9.0
10/20/2025,2025,10,36,28,28,22,73,994.99,0.0,9.0
10/21/2025,2025,10,36,27,27,23,76,995.54,0.0,7.0
10/22/2025,2025,10,36,27,27,22,73,996.36,0.0,9.0
10/23/2025,2025,10,34,23,26,21,70,997.0,0.2,9.0
10/24/2025,2025,10,34,26,24,22,82,997.71,0.0,4.0
10/25/2025,2025,10,34,26,27,23,82,997.32,0.0,4.0
10/26/2025,2025,10,34,26,26,22,76,997.22,0.0,7.0
10/27/2025,2025,10,33,25,28,23,81,998.29,5.0,13.0
10/28/2025,2025,10,36,25,27,22,75,997.59,0.0,7.0
10/29/2025,2025,10,37,26,27,22,72,996.54,0.0,7.0
10/3/2025,2025,10,39,28,29,24,77,995.81,0.0,4.0
10/30/2025,2025,10,36,26,28,22,77,995.97,3.0,7.0
10/31/2025,2025,10,29,27,28,24,88,996.07,13.0,11.0
10/4/2025,2025,10,37,27,29,23,77,995.18,25.0,7.0
10/5/2025,2025,10,37,27,28,22,79,994.71,0.0,15.0
10/6/2025,2025,10,36,29,27,22,70,994.7,0.0,22.0
10/7/2025,2025,10,36,29,27,21,69,995.29,0.0,19.0
10/8/2025,2025,10,36,27,28,22,76,995.83,0.0,13.0
10/9/2025,2025,10,36,27,29,24,78,995.82,5.0,9.0
11/1/2025,2025,11,29,27,26,23,94,996.05,43.0,9.0
11/10/2025,2025,11,34,27,28,22,79,994.76,0.0,15.0
11/11/2025,2025,11,36,26,28,22,76,994.34,0.0,9.0
11/12/2025,2025,11,36,26,27,23,79,995.56,0.0,6.0
11/13/2025,2025,11,35,26,27,23,82,997.76,0.0,9.0
11/14/2025,2025,11,34,27,26,23,77,998.36,0.0,9.0
11/15/2025,2025,11,33,24,26,21,75,999.43,0.0,7.0
11/16/2025,2025,11,33,24,26,19,73,1000.26,0.0,11.0
11/17/2025,2025,11,29,25,25,22,86,1000.01,0.4,6.0
11/18/2025,2025,11,29,23,25,22,91,1000.23,4.8,7.0
11/19/2025,2025,11,29,23,24,19,83,1001.83,0.0,11.0
11/2/2025,2025,11,31,27,27,23,92,995.66,32.0,7.0
11/20/2025,2025,11,28,23,23,20,84,1002.47,0.0,7.0
11/21/2025,2025,11,29,22,23,19,76,1002.62,0.0,13.0
11/22/2025,2025,11,31,21,22,18,70,1001.24,0.0,11.0
11/23/2025,2025,11,32,21,24,18,74,1000.53,0.0,6.0
11/24/2025,2025,11,32,21,23,18,75,999.94,0.0,7.0
11/25/2025,2025,11,31,21,22,17,71,1000.2,0.0,11.0
11/26/2025,2025,11,30,19,21,17,72,1000.13,0.0,11.0
11/27/2025,2025,11,29,18,19,13,67,1002.11,0.0,15.0
11/28/2025,2025,11,29,16,16,11,67,1001.21,0.0,7.0
11/29/2025,2025,11,31,14,18,12,69,999.39,0.0,6.0
11/3/2025,2025,11,32,26,27,23,90,995.47,5.0,7.0
11/30/2025,2025,11,32,16,19,13,68,998.51,0.0,9.0
11/4/2025,2025,11,33,26,27,23,85,995.94,5.0,7.0
11/5/2025,2025,11,33,26,27,23,85,995.18,0.0,7.0
11/6/2025,2025,11,29,26,25,23,91,994.86,0.0,6.0
11/7/2025,2025,11,36,26,29,23,80,993.23,0.0,11.0
11/8/2025,2025,11,29,26,24,23,94,994.12,43.0,9.0
11/9/2025,2025,11,34,27,28,23,86,994.7,5.0,6.0
12/1/2025,2025,12,32,16,19,14,68,998.09,0.0,7.0
12/10/2025,2025,12,32,19,21,15,69,1000.38,0.0,11.0
12/11/2025,2025,12,31,22,23,18,75,999.95,0.0,7.0
12/12/2025,2025,12,29,23,23,20,84,999.25,0.0,9.0
12/13/2025,2025,12,29,24,24,21,84,999.36,0.0,9.0
12/14/2025,2025,12,29,24,24,21,84,999.91,0.0,11.0
12/15/2025,2025,12,33,23,24,21,76,999.85,0.0,9.0
12/16/2025,2025,12,33,21,23,19,76,999.0,0.0,6.0
12/17/2025,2025,12,33,21,24,19,76,999.39,0.0,7.0
12/18/2025,2025,12,32,22,23,19,76,999.64,0.0,9.0
12/19/2025,2025,12,32,21,23,19,73,997.9,0.0,6.0
12/2/2025,2025,12,33,18,23,16,70,997.32,0.0,7.0
12/20/2025,2025,12,33,19,22,17,72,997.19,0.0,7.0
12/21/2025,2025,12,32,20,21,15,72,998.97,0.0,9.0
12/22/2025,2025,12,32,19,22,16,70,998.31,0.0,9.0
12/23/2025,2025,12,33,21,23,19,73,996.6,0.0,9.0
12/24/2025,2025,12,34,21,24,19,73,996.25,0.0,7.0
12/25/2025,2025,12,34,21,23,17,69,996.96,0.0,7.0
12/26/2025,2025,12,32,19,22,17,72,998.15,0.0,6.0
12/27/2025,2025,12,32,19,22,17,72,998.66,0.0,7.0
12/28/2025,2025,12,33,21,21,18,70,999.26,0.0,9.0
12/29/2025,2025,12,33,19,22,18,71,998.51,0.0,6.0
12/3/2025,2025,12,33,20,23,18,72,998.59,0.0,9.0
12/30/2025,2025,12,33,19,22,17,70,997.06,0.0,7.0
12/31/2025,2025,12,33,19,23,17,71,995.59,0.0,4.0
12/4/2025,2025,12,33,21,24,18,72,999.62,0.0,4.0
12/5/2025,2025,12,33,24,24,21,78,1000.58,0.0,4.0
12/6/2025,2025,12,34,23,26,21,78,998.97,0.0,6.0
12/7/2025,2025,12,34,22,25,20,76,999.15,0.0,4.0
12/8/2025,2025,12,32,23,23,20,78,999.95,0.0,7.0
12/9/2025,2025,12,31,22,21,16,71,1000.39,0.0,13.0
1/1/2026,2026,1,33,19,22,17,72,996.44,0.0,9.0
1/10/2026,2026,1,29,13,17,11,64,1001.85,0.0,7.0
1/11/2026,2026,1,28,14,16,12,66,1003.57,0.0,9.0
1/12/2026,2026,1,30,14,17,12,67,1002.92,0.0,7.0
1/13/2026,2026,1,32,16,18,13,65,1001.22,0.0,7.0
1/14/2026,2026,1,32,17,20,15,68,998.9,0.0,6.0
1/15/2026,2026,1,33,18,21,16,67,998.18,0.0,7.0
1/16/2026,2026,1,34,20,21,17,63,996.62,0.0,15.0
1/17/2026,2026,1,34,19,22,17,64,995.26,0.0,7.0
1/18/2026,2026,1,35,20,21,16,65,994.91,0.0,6.0
1/19/2026,2026,1,35,19,20,14,66,995.61,0.0,9.0
1/2/2026,2026,1,33,19,21,17,70,999.09,0.0,7.0
1/20/2026,2026,1,35,18,24,16,69,996.38,0.0,7.0
1/21/2026,2026,1,34,19,20,14,66,997.81,0.0,7.0
1/22/2026,2026,1,34,19,24,16,68,999.48,0.0,9.0
1/23/2026,2026,1,32,18,19,15,67,1002.18,0.0,6.0
1/24/2026,2026,1,32,17,18,15,64,1001.83,0.0,6.0
1/25/2026,2026,1,33,17,18,12,61,1000.13,0.0,9.0
1/26/2026,2026,1,33,17,19,14,65,1000.28,0.0,7.0
1/27/2026,2026,1,34,18,19,14,62,1000.98,0.0,7.0
1/28/2026,2026,1,33,18,20,16,65,1000.51,0.0,7.0
1/29/2026,2026,1,34,19,21,16,63,999.62,0.0,9.0
1/3/2026,2026,1,31,19,20,16,69,1001.23,0.0,9.0
1/30/2026,2026,1,35,19,21,15,62,1000.11,0.0,9.0
1/31/2026,2026,1,34,19,20,14,61,1000.17,0.0,9.0
1/4/2026,2026,1,32,18,19,16,72,1000.68,0.0,4.0
1/5/2026,2026,1,32,17,21,16,68,1000.93,0.0,9.0
1/6/2026,2026,1,31,18,20,16,72,1001.17,0.0,7.0
1/7/2026,2026,1,29,19,19,14,69,1002.83,0.0,7.0
1/8/2026,2026,1,29,17,16,11,61,1003.88,0.0,11.0
1/9/2026,2026,1,29,14,17,8,62,1003.85,0.0,11.0
2/1/2026,2026,2,34,19,20,16,65,1000.51,0.0,9.0
2/10/2026,2026,2,37,23,22,18,67,998.83,0.0,6.0
2/11/2026,2026,2,38,22,22,17,64,999.5,0.0,7.0
2/12/2026,2026,2,38,22,22,18,60,998.12,0.0,6.0
2/13/2026,2026,2,38,36,19,14,51,996.65,0.0,6.0
2/14/2026,2026,2,38,21,19,15,50,996.3,0.0,6.0
2/15/2026,2026,2,38,22,22,18,62,995.73,0.0,7.0
2/16/2026,2026,2,39,23,21,18,56,996.06,0.0,9.0
2/17/2026,2026,2,37,26,23,18,63,995.61,0.0,9.0
2/18/2026,2026,2,37,24,23,20,63,997.84,0.0,9.0
2/19/2026,2026,2,37,24,23,19,63,999.44,0.0,7.0
2/2/2026,2026,2,33,19,21,17,66,1001.68,0.0,11.0
2/20/2026,2026,2,37,24,22,19,59,999.36,0.0,11.0
2/21/2026,2026,2,39,23,22,19,67,995.15,0.0,13.0
2/22/2026,2026,2,38,26,23,19,64,993.11,0.0,7.0
2/23/2026,2026,2,39,26,23,19,59,993.19,0.0,11.0
2/24/2026,2026,2,36,23,24,21,70,994.83,8.2,11.0
2/25/2026,2026,2,34,23,23,20,71,995.97,0.0,9.0
2/26/2026,2026,2,34,23,23,19,71,993.85,0.0,6.0
2/27/2026,2026,2,37,26,23,19,60,992.04,0.0,15.0
2/28/2026,2026,2,37,25,22,17,54,991.75,0.0,17.0
2/3/2026,2026,2,33,19,21,16,63,1002.75,0.0,11.0
2/4/2026,2026,2,36,19,19,15,60,1000.8,0.0,7.0
2/5/2026,2026,2,36,19,19,16,61,998.66,0.0,15.0
2/6/2026,2026,2,37,21,21,15,60,997.62,0.0,13.0
2/7/2026,2026,2,37,22,21,17,62,996.51,0.0,7.0
2/8/2026,2026,2,37,21,23,18,64,996.94,0.0,7.0
2/9/2026,2026,2,34,24,23,18,67,998.56,0.0,11.0
3/1/2026,2026,3,37,25,21,12,43,992.5,0.0,20.0
3/10/2026,2026,3,36,26,22,18,59,999.55,0.0,7.0
3/11/2026,2026,3,37,22,22,19,69,998.59,0.0,19.0
3/12/2026,2026,3,36,22,22,18,67,997.63,0.0,6.0
3/13/2026,2026,3,31,23,22,20,74,999.13,0.0,9.0
3/14/2026,2026,3,35,23,21,19,68,999.9,0.0,6.0
3/15/2026,2026,3,37,23,22,18,62,999.36,0.0,7.0
3/16/2026,2026,3,36,23,22,19,67,997.38,0.0,11.0
3/17/2026,2026,3,38,25,22,17,65,996.51,0.0,11.0
3/18/2026,2026,3,39,22,22,16,56,996.65,0.0,11.0
3/19/2026,2026,3,40,26,21,17,50,995.93,0.0,13.0
3/2/2026,2026,3,37,25,19,12,43,993.85,0.0,22.0
3/20/2026,2026,3,39,26,22,16,49,995.34,0.0,7.0
3/21/2026,2026,3,39,23,23,19,60,995.69,0.0,7.0
3/22/2026,2026,3,39,28,22,18,48,995.36,0.0,17.0
3/23/2026,2026,3,39,27,21,16,43,995.18,0.0,17.0
3/24/2026,2026,3,40,24,22,16,46,993.7,0.0,13.0
3/25/2026,2026,3,40,26,22,11,42,993.98,0.0,7.0
3/26/2026,2026,3,42,26,22,18,45,993.89,0.0,15.0
3/3/2026,2026,3,38,22,20,11,47,994.44,0.0,11.0
3/4/2026,2026,3,38,24,22,17,54,994.19,0.0,11.0
3/5/2026,2026,3,38,26,23,17,58,993.54,0.0,11.0
3/6/2026,2026,3,36,26,23,18,64,996.19,0.0,9.0
3/7/2026,2026,3,37,24,23,20,65,997.36,0.0,9.0
3/8/2026,2026,3,38,23,23,19,61,996.79,0.0,7.0
3/9/2026,2026,3,37,26,22,19,61,997.88,0.0,9.0
4/17/2026,2026,4,34,34,19,19,41,,0.0,7.0
4/18/2026,2026,4,41,28,23,11,41,992.68,0.0,13.0
4/19/2026,2026,4,40,28,22,14,41,993.42,0.0,19.0
4/20/2026,2026,4,39,28,23,17,48,992.69,0.0,17.0
4/21/2026,2026,4,40,29,24,19,50,991.96,0.0,13.0
4/22/2026,2026,4,41,31,25,20,52,991.63,0.0,17.0
4/23/2026,2026,4,40,29,25,19,51,991.64,0.0,17.0
4/24/2026,2026,4,42,27,24,21,50,991.85,0.0,15.0
4/25/2026,2026,4,37,27,26,23,72,995.09,2.0,19.0
4/26/2026,2026,4,39,26,25,19,60,993.77,0.0,11.0
4/27/2026,2026,4,40,26,24,19,48,992.35,0.0,17.0
4/28/2026,2026,4,38,29,23,16,47,992.72,0.0,17.0
4/29/2026,2026,4,39,29,25,19,48,993.38,0.0,22.0
4/30/2026,2026,4,39,24,26,21,67,995.15,0.0,11.0
5/1/2026,2026,5,39,24,25,22,72,994.06,2.0,9.0
5/10/2026,2026,5,37,27,27,24,73,993.84,1.0,7.0
5/11/2026,2026,5,36,26,27,20,73,994.04,0.2,9.0
5/12/2026,2026,5,35,27,27,24,78,993.83,0.0,13.0
5/13/2026,2026,5,37,26,26,25,80,991.54,5.0,7.0
5/14/2026,2026,5,34,26,27,23,74,990.56,3.0,15.0
5/15/2026,2026,5,32,27,26,25,79,991.96,0.0,15.0
5/16/2026,2026,5,35,27,26,24,74,991.1,0.0,19.0
5/17/2026,2026,5,38,27,26,24,65,990.83,0.0,15.0
5/18/2026,2026,5,38,25,27,24,72,988.6,16.0,15.0
5/19/2026,2026,5,36,26,27,25,88,987.71,0.0,6.0
5/2/2026,2026,5,39,24,24,18,53,993.33,0.0,11.0
5/20/2026,2026,5,34,26,28,25,82,988.08,2.0,17.0
5/21/2026,2026,5,36,26,27,26,83,990.8,3.0,7.0
5/22/2026,2026,5,37,27,27,26,79,992.7,4.0,17.0
5/23/2026,2026,5,36,26,28,26,81,993.72,0.01,7.0
5/24/2026,2026,5,38,27,27,25,69,993.93,0.0,17.0
5/25/2026,2026,5,37,27,26,24,70,993.85,0.0,17.0
5/26/2026,2026,5,36,29,26,24,69,994.42,0.0,19.0
5/27/2026,2026,5,37,28,27,24,68,992.87,0.0,15.0
5/28/2026,2026,5,38,25,27,24,76,994.23,23.0,11.0
5/29/2026,2026,5,36,26,27,25,76,992.98,0.0,11.0
5/3/2026,2026,5,39,27,23,18,51,993.79,0.0,19.0
5/30/2026,2026,5,35,26,27,25,80,993.27,12.0,9.0
5/31/2026,2026,5,37,26,27,26,74,993.35,10.0,9.0
5/4/2026,2026,5,42,26,24,19,52,994.79,0.2,11.0
5/5/2026,2026,5,37,25,27,23,74,995.74,1.0,9.0
5/6/2026,2026,5,39,27,26,23,60,993.55,0.0,13.0
5/7/2026,2026,5,41,3,27,24,64,992.57,0.0,11.0
5/8/2026,2026,5,41,3,26,23,69,994.34,6.8,15.0
5/9/2026,2026,5,34,26,27,25,76,994.85,2.4,7.0
6/1/2026,2026,6,37,27,27,25,76,992.95,0.0,7.0
6/10/2026,2026,6,32,26,27,26,89,991.35,24.0,13.0
6/11/2026,2026,6,34,27,27,24,87,993.56,6.0,20.0
6/12/2026,2026,6,34,26,27,26,89,995.48,26.0,6.0
6/13/2026,2026,6,34,26,28,25,83,995.08,2.0,9.0
6/14/2026,2026,6,34,26,27,24,78,993.83,3.0,11.0
6/15/2026,2026,6,35,26,27,24,75,993.13,0.0,13.0
6/16/2026,2026,6,35,26,27,24,77,994.15,5.2,15.0
6/17/2026,2026,6,33,26,26,24,75,994.79,0.0,22.0
6/18/2026,2026,6,34,27,26,23,72,995.26,0.0,19.0
6/19/2026,2026,6,34,27,25,24,71,994.83,0.0,20.0
6/2/2026,2026,6,37,27,27,25,68,991.48,0.0,7.0
6/20/2026,2026,6,35,27,26,24,71,994.32,0.0,17.0
6/21/2026,2026,6,34,28,25,23,67,995.83,0.0,17.0
6/22/2026,2026,6,35,28,26,24,67,995.2,0.0,20.0
6/23/2026,2026,6,36,28,25,22,67,993.14,0.0,19.0
6/24/2026,2026,6,36,28,27,24,72,992.47,0.6,13.0
6/25/2026,2026,6,36,28,26,22,69,993.21,0.0,17.0
6/26/2026,2026,6,35,27,26,23,68,993.25,0.0,19.0
6/27/2026,2026,6,37,28,27,24,70,992.53,0.0,17.0
6/28/2026,2026,6,36,29,26,24,67,992.1,0.0,22.0
6/29/2026,2026,6,36,27,26,24,69,991.46,0.0,24.0
6/3/2026,2026,6,39,28,27,24,68,989.96,0.0,9.0
6/30/2026,2026,6,32,26,26,24,77,990.89,0.0,19.0
6/4/2026,2026,6,38,27,28,24,75,988.81,1.0,11.0
6/5/2026,2026,6,34,27,28,26,87,988.14,17.2,6.0
6/6/2026,2026,6,33,27,28,25,85,989.81,21.0,7.0
6/7/2026,2026,6,33,27,27,25,79,991.51,4.8,11.0
6/8/2026,2026,6,33,27,27,24,77,992.21,0.0,15.0
6/9/2026,2026,6,35,27,27,25,78,991.71,0.6,15.0
7/1/2026,2026,7,37,27,26,24,71,990.71,0.0,20.0
7/10/2026,2026,7,31,26,26,23,77,992.51,2.21,22.0
7/11/2026,2026,7,32,28,26,24,76,990.54,0.0,17.0
7/12/2026,2026,7,32,28,25,24,74,988.84,0.01,22.0
7/13/2026,2026,7,32,26,25,23,75,990.14,0.0,19.0
7/14/2026,2026,7,34,26,26,23,77,990.96,0.0,17.0
7/15/2026,2026,7,34,26,26,24,82,992.18,6.0,11.0
7/16/2026,2026,7,32,26,27,24,80,993.18,0.0,19.0
7/17/2026,2026,7,32,27,26,22,75,994.31,0.0,19.0
7/18/2026,2026,7,34,28,25,22,69,993.91,0.0,19.0
7/19/2026,2026,7,34,29,24,22,66,994.22,0.0,17.0
7/2/2026,2026,7,36,27,27,24,76,990.36,1.0,11.0
7/20/2026,2026,7,35,28,24,23,65,994.54,0.0,19.0
7/21/2026,2026,7,33,28,24,22,70,995.05,0.01,15.0
7/22/2026,2026,7,33,27,26,23,73,994.84,0.0,19.0
7/23/2026,2026,7,34,28,26,24,72,992.75,0.01,19.0
7/24/2026,2026,7,35,29,26,24,70,991.19,0.01,22.0
7/25/2026,2026,7,36,29,26,24,68,990.42,0.0,20.0
7/26/2026,2026,7,35,29,26,24,68,991.18,0.0,20.0
7/27/2026,2026,7,35,26,25,24,69,991.39,0.0,19.0
7/28/2026,2026,7,34,26,27,24,72,991.85,3.6,19.0
7/29/2026,2026,7,35,28,26,24,72,991.46,0.0,17.0
7/3/2026,2026,7,34,26,27,24,80,990.04,25.0,11.0
7/30/2026,2026,7,33,28,26,24,71,991.19,0.0,20.0
7/31/2026,2026,7,35,29,26,24,68,991.26,0.0,20.0
7/4/2026,2026,7,33,27,26,24,75,991.9,0.0,17.0
7/5/2026,2026,7,34,26,27,24,77,992.29,4.0,15.0
7/6/2026,2026,7,33,27,27,26,80,992.43,0.0,13.0
7/7/2026,2026,7,32,26,26,24,75,992.55,1.0,19.0
7/8/2026,2026,7,31,28,25,23,72,993.65,0.0,17.0
7/9/2026,2026,7,32,26,25,23,73,993.48,0.01,20.0
8/1/2026,2026,8,35,29,26,24,69,991.44,0.0,17.0
8/10/2026,2026,8,34,28,26,25,77,990.81,0.0,17.0
8/11/2026,2026,8,32,28,27,24,79,991.1,1.0,15.0
8/12/2026,2026,8,33,27,26,24,74,993.16,0.2,19.0
8/13/2026,2026,8,32,29,25,24,74,992.55,0.0,20.0
8/14/2026,2026,8,34,28,26,24,69,991.79,0.0,19.0
8/15/2026,2026,8,33,27,26,24,75,992.51,1.6,17.0
8/16/2026,2026,8,33,27,27,24,78,993.79,0.21,15.0
8/17/2026,2026,8,36,27,27,24,73,994.57,0.0,22.0
8/18/2026,2026,8,35,29,26,24,70,993.14,0.01,19.0
8/19/2026,2026,8,32,29,26,24,72,991.27,0.0,22.0
8/2/2026,2026,8,34,29,27,24,74,991.94,0.0,13.0
8/3/2026,2026,8,35,27,26,24,69,992.61,0.0,17.0
8/4/2026,2026,8,34,29,25,24,69,993.35,0.0,20.0
8/5/2026,2026,8,34,28,26,24,71,991.68,0.0,20.0
8/6/2026,2026,8,37,27,26,25,72,990.43,0.0,15.0
8/7/2026,2026,8,36,27,28,26,79,990.5,6.0,9.0
8/8/2026,2026,8,35,28,27,25,75,991.8,0.0,15.0
8/9/2026,2026,8,33,28,27,25,75,992.12,0.0,17.0
