Year,Month,Day,Temperature (°F),Dew Point (°F),Humidity (%),Wind Speed (mph),Pressure (in),Precipitation (in),สถานีบ้านมาบป่าแฝก (1687),สถานีบ้านลานตาเกลี้ยง (501261),Rainfall_Avg (mm)
2014,1,1,70.3,59.5,72,0.8,29.6,0,0.0,0.0,0.0
2014,1,2,73.6,62.4,70.7,2.4,29.5,0,0.0,0.0,0.0
2014,1,3,74.4,64.3,73.4,1,29.5,0,0.0,0.0,0.0
2014,1,4,75.3,65.9,74.6,0.8,29.5,0,0.0,0.0,0.0
2014,1,5,75.1,64.8,73,1.3,29.4,0,0.0,0.0,0.0
2014,1,6,75.4,65.1,72.3,1.8,29.4,0,0.0,0.0,0.0
2014,1,7,77.1,62.3,63.6,1.4,29.4,0,0.0,0.0,0.0
2014,1,8,75.8,62.9,68.1,1.8,29.5,0,0.0,0.0,0.0
2014,1,9,76,64.6,70.3,1,29.5,0,0.0,0.0,0.0
2014,1,10,79.7,64.7,62.8,2.5,29.5,0,0.0,0.0,0.0
2014,1,11,75.1,64.1,71.9,1.1,29.6,0,0.0,0.0,0.0
2014,1,12,74.5,62.6,69.6,1,29.6,0,0.0,0.0,0.0
2014,1,13,72.5,60.5,69,1.5,29.6,0,0.0,0.0,0.0
2014,1,14,71.3,58.4,66.9,1.8,29.6,0,0.0,0.0,0.0
2014,1,15,69.3,58.3,71.1,0.5,29.6,0,0.0,0.0,0.0
2014,1,16,69.5,53.9,62.4,1.6,29.6,0,0.0,0.0,0.0
2014,1,17,68,55.3,67,1.4,29.6,0,0.0,0.0,0.0
2014,1,18,67.8,55.3,67.9,1.9,29.7,0,0.0,0.0,0.0
2014,1,19,67,54.3,66.5,1.4,29.7,0,0.0,0.0,0.0
2014,1,20,66.8,53.4,66.6,1.6,29.7,0,0.0,0.0,0.0
2014,1,21,67.6,53.6,64.5,2.1,29.7,0,0.0,0.0,0.0
2014,1,22,64.6,52,66.9,1.4,29.7,0,0.0,0.0,0.0
2014,1,23,63.6,47.9,62.3,2.5,29.6,0,0.0,0.0,0.0
2014,1,24,64.8,48.8,62.6,0.8,29.5,0,0.0,0.0,0.0
2014,1,25,67.6,53,64.5,0.8,29.5,0,0.0,0.0,0.0
2014,1,26,70,54.8,63.8,1,29.5,0,0.0,0.0,0.0
2014,1,27,71.4,58,66.5,1.9,29.5,0,0.0,0.0,0.0
2014,1,28,72.9,58.6,66.1,2,29.5,0,0.0,0.0,0.0
2014,1,29,73.9,59.5,65.8,1.4,29.5,0,0.0,0.0,0.0
2014,1,30,74.3,61,66.3,1,29.5,0,0.0,0.0,0.0
2014,1,31,75.1,58.5,61.6,1.5,29.5,0,0.0,0.0,0.0
2014,2,1,76.3,61,63.3,1.4,29.5,0,0.0,0.0,0.0
2014,2,2,79.4,62.5,60.4,1.5,29.4,0,0.0,0.0,0.0
2014,2,3,83.3,61.4,52,3,29.3,0,0.0,0.0,0.0
2014,2,4,80.5,56.5,49.3,3.9,29.3,0,0.0,0.0,0.0
2014,2,5,78.9,54.9,49.8,2.4,29.3,0,0.0,0.0,0.0
2014,2,6,78.8,54.1,48.5,2.6,29.3,0,0.0,0.0,0.0
2014,2,7,77.9,52.9,45.5,2.1,29.3,0,0.0,0.0,0.0
2014,2,8,79.6,54.5,45.3,4.1,29.3,0,0.0,0.0,0.0
2014,2,9,80.3,53.4,41.5,3,29.3,0,0.0,0.0,0.0
2014,2,10,78,57.6,51.5,1.9,29.3,0,0.0,0.0,0.0
2014,2,11,78.3,61.1,58.8,0.9,29.3,0,0.0,0.0,0.0
2014,2,12,78.8,63.1,61,1.1,29.4,0,0.0,0.0,0.0
2014,2,13,80.1,64,60,1.5,29.4,0,0.0,0.0,0.0
2014,2,14,80.5,63.4,58,2.4,29.4,0,0.0,0.0,0.0
2014,2,15,80.4,64.9,61.3,1.3,29.4,0,0.0,0.0,0.0
2014,2,16,81.6,67,62.6,2.3,29.4,0,0.0,0.0,0.0
2014,2,17,83.1,65.6,57.9,3.5,29.4,0,0.0,0.0,0.0
2014,2,18,83.8,63.9,52.9,7.6,29.4,0,0.0,0.0,0.0
2014,2,19,84.8,61.1,47.4,5.1,29.4,0,0.0,0.0,0.0
2014,2,20,79.8,60.6,52.6,4.5,29.5,0,0.0,0.0,0.0
2014,2,21,78.3,63.4,61.4,2.1,29.6,0,0.0,0.0,0.0
2014,2,22,80.6,66,63.8,1.6,29.5,0,0.0,0.0,0.0
2014,2,23,82.4,63.9,56.4,2.5,29.5,0,0.0,0.0,0.0
2014,2,24,83,63,54,1.9,29.5,0,0.0,0.0,0.0
2014,2,25,85.3,61.8,47.4,2,29.5,0,0.0,0.0,0.0
2014,2,26,84.3,60.6,47.9,1.4,29.4,0,0.0,0.0,0.0
2014,2,27,84.5,59.5,44.6,1.6,29.4,0,0.0,0.0,0.0
2014,2,28,85.4,64.1,50.6,4.4,29.4,0,0.0,0.0,0.0
2014,3,1,86.6,65.4,50.6,3,29.4,0,0.0,0.0,0.0
2014,3,2,88.3,62.4,43.3,2.1,29.4,0,0.0,0.0,0.0
2014,3,3,88.8,61.3,41.4,3.9,29.4,0,0.0,0.0,0.0
2014,3,4,88.3,53.5,31.3,5.3,29.4,0,0.0,0.0,0.0
2014,3,5,85.8,49.9,31.8,5.6,29.4,0,0.0,0.0,0.0
2014,3,6,84.1,48.6,32.3,5.3,29.4,0,0.0,0.0,0.0
2014,3,7,82.5,56,43.6,1.5,29.4,0,0.0,0.0,0.0
2014,3,8,84.9,54.5,38.3,3.1,29.4,0,0.0,0.0,0.0
2014,3,9,85.6,53.8,35.8,3.8,29.4,0,0.0,0.0,0.0
2014,3,10,85.3,60.4,44.3,0.6,29.4,0,0.0,0.0,0.0
2014,3,11,86.4,62.1,46.4,1.4,29.4,0,0.0,0.0,0.0
2014,3,12,88,62.6,43.9,3.5,29.4,0,0.0,0.0,0.0
2014,3,13,89.3,60.5,39.9,3.9,29.4,0,0.0,0.0,0.0
2014,3,14,87.9,64.6,48,0.9,29.4,0,0.0,0.0,0.0
2014,3,15,87.3,67.5,52.8,1.4,29.4,0,0.0,0.0,0.0
2014,3,16,87.9,67.9,53,0.9,29.5,0,0.0,0.0,0.0
2014,3,17,87.3,67.5,53.8,2.9,29.5,0,0.0,0.0,0.0
2014,3,18,88.8,66.5,50.8,2.9,29.4,0,0.0,0.0,0.0
2014,3,19,92.4,60.9,36.5,7.6,29.4,0,0.0,0.0,0.0
2014,3,20,92,55.3,30.8,5.4,29.4,0,0.0,0.0,0.0
2014,3,21,88.5,62.8,44.1,3,29.3,0,0.0,0.0,0.0
2014,3,22,80.8,69.8,69.8,3,29.4,0.02,0.0,0.0,0.0
2014,3,23,80.4,70.5,73,2.1,29.5,0.02,0.0,0.0,0.0
2014,3,24,84.8,68.3,61.1,1.3,29.4,0,0.0,0.0,0.0
2014,3,25,84.8,67.9,58.3,2.5,29.4,0,0.0,0.0,0.0
2014,3,26,87.4,62.9,50.8,2.5,29.4,0,0.0,0.0,0.0
2014,3,27,90.1,60,37.6,1.9,29.3,0,0.0,0.0,0.0
2014,3,28,91.9,57.8,33.8,5.6,29.3,0,0.0,0.0,0.0
2014,3,29,92.3,61.3,37,2.6,29.3,0,0.0,0.0,0.0
2014,3,30,90.9,65.6,44,1.4,29.3,0,0.0,0.0,0.0
2014,3,31,92.8,55.5,29.4,6,29.3,0,0.0,0.0,0.0
2014,4,1,93.3,56.9,31.5,6.1,29.3,0,0.0,0.0,0.0
2014,4,2,92.3,68,47,3.5,29.3,0,0.0,0.0,0.0
2014,4,3,89.8,70.9,55.5,5.6,29.3,0,0.0,0.0,0.0
2014,4,4,82.9,70,67.9,1.4,29.4,0.1,0.0,0.0,0.0
2014,4,5,80.9,69.8,71.5,1.5,29.4,0.06,0.0,0.0,0.0
2014,4,6,85.3,69.3,62.6,3.5,29.4,0,0.0,0.0,0.0
2014,4,7,89.3,62.1,41,7.9,29.4,0,0.0,0.0,0.0
2014,4,8,89.6,66.6,48.1,6.9,29.4,0,0.0,0.0,0.0
2014,4,9,90.6,68.8,49.9,7.3,29.4,0,0.0,0.0,0.0
2014,4,10,89.6,69.1,51.4,4.9,29.4,0,0.0,0.0,0.0
2014,4,11,91.6,69.3,48.6,5.6,29.4,0,0.0,0.0,0.0
2014,4,12,88.8,68.5,51.9,4.4,29.4,0,0.0,0.0,0.0
2014,4,13,86.3,70.9,61.6,3,29.4,0,0.0,0.0,0.0
2014,4,14,85.5,70.5,62.6,2.5,29.4,0,0.0,0.0,0.0
2014,4,15,83.8,72.4,70.3,2.5,29.4,1.09,0.0,0.0,0.0
2014,4,16,84.9,71.6,65.4,1.4,29.4,0,0.0,0.0,0.0
2014,4,17,88.8,71.8,59.3,2.4,29.3,0,0.0,0.0,0.0
2014,4,18,89.1,72.9,60.9,3.6,29.4,0,0.0,0.0,0.0
2014,4,19,88.6,72.3,59.9,1.3,29.3,0,0.0,0.0,0.0
2014,4,20,90.4,72.9,57,3,29.3,0,0.0,0.0,0.0
2014,4,21,90.4,73.6,59,3.9,29.3,0,0.0,0.0,0.0
2014,4,22,92.1,70.9,50.9,5,29.4,0,0.0,0.0,0.0
2014,4,23,92.3,71,50.8,7.9,29.3,0,0.0,0.0,0.0
2014,4,24,91.4,70.8,51,5.9,29.3,0,0.0,0.0,0.0
2014,4,25,91.4,69.6,50.5,4.6,29.3,0,0.0,0.0,0.0
2014,4,26,89,74.1,62.5,2.5,29.3,0.76,0.0,0.0,0.0
2014,4,27,87,72.9,64.1,2.5,29.4,0.76,0.0,0.0,0.0
2014,4,28,91,70.3,50.9,3.5,29.4,0,0.0,0.0,0.0
2014,4,29,88.1,72.9,62.5,3.5,29.4,0,0.0,0.0,0.0
2014,4,30,88.6,70.3,57.4,3.9,29.3,0,0.0,0.0,0.0
2014,5,1,85.8,71.1,65.4,2.4,29.3,0.36,0.0,0.0,0.0
2014,5,2,85.8,72.8,67.8,3,29.4,0.36,0.0,0.0,0.0
2014,5,3,84.4,73.9,72.6,2.4,29.4,0.05,0.0,0.0,0.0
2014,5,4,86.1,73.8,69.5,1.6,29.4,0.8,0.0,0.0,0.0
2014,5,5,88,74.1,65.9,0.9,29.4,0,0.0,0.0,0.0
2014,5,6,86.6,73.1,65.3,2.3,29.4,0,0.0,0.0,0.0
2014,5,7,84.9,72.9,68.9,3,29.4,0,0.0,0.0,0.0
2014,5,8,88.4,70.6,59.1,6,29.4,0,0.0,0.0,0.0
2014,5,9,88.8,70.1,55,4.9,29.3,0.03,0.0,0.0,0.0
2014,5,10,89,70,55.3,7,29.3,0.05,0.0,0.0,0.0
2014,5,11,90,70.5,53.6,9.3,29.3,0.05,0.0,0.0,0.0
2014,5,12,92,72.3,53.3,7.6,29.3,0,0.0,0.0,0.0
2014,5,13,89.9,71.6,54.9,11.5,29.3,0,0.0,0.0,0.0
2014,5,14,90.5,68.4,48.9,8.8,29.3,0,0.0,0.0,0.0
2014,5,15,90.4,69.6,51.4,11.1,29.2,0,0.0,0.0,0.0
2014,5,16,91.8,70,49.9,6.3,29.3,0,0.0,0.0,0.0
2014,5,17,92,70,48.9,7.8,29.3,0,0.0,0.0,0.0
2014,5,18,87.6,71.9,60.6,5.1,29.3,0,0.0,0.0,0.0
2014,5,19,83.8,74.9,76,2.3,29.4,1.36,0.0,0.0,0.0
2014,5,20,89,70.8,55.6,5.8,29.3,0.04,0.0,0.0,0.0
2014,5,21,88.3,69.3,54,8.1,29.3,0,0.0,0.0,0.0
2014,5,22,87.9,71.6,59,4,29.3,0,0.0,0.0,0.0
2014,5,23,88.6,71,56.6,5.8,29.3,0,0.0,0.0,0.0
2014,5,24,91.5,70.5,51.4,7.3,29.3,0,0.0,0.0,0.0
2014,5,25,92.4,71.3,51.4,4.4,29.4,0,0.0,0.0,0.0
2014,5,26,89.8,71.8,56.3,3.8,29.4,0,0.0,0.0,0.0
2014,5,27,89.6,72.1,57.4,5,29.3,0,16.0,0.0,8.0
2014,5,28,84.9,74,70.4,4.4,29.4,0.12,0.0,0.0,0.0
2014,5,29,86.6,72.1,64.3,6.4,29.3,0.14,0.0,0.0,0.0
2014,5,30,87.8,72.9,62.5,6.6,29.3,0.02,0.0,0.0,0.0
2014,5,31,88.6,71.8,58.4,6.3,29.3,0,0.0,0.0,0.0
2014,6,1,85.8,74.8,70,3,29.3,0,0.0,0.0,0.0
2014,6,2,88.4,72.6,61.5,4.3,29.3,0,0.0,0.0,0.0
2014,6,3,90.1,70,52.3,9,29.2,0,0.0,0.0,0.0
2014,6,4,90.8,71,52.6,7.8,29.2,0,0.0,0.0,0.0
2014,6,5,89,71.6,57.3,11.1,29.2,0,23.0,0.0,11.5
2014,6,6,85.6,72.8,67.8,5.5,29.2,0.06,0.0,0.0,0.0
2014,6,7,81.6,76.3,83.8,0.8,29.2,1.09,0.0,0.0,0.0
2014,6,8,81.9,76.4,83.8,1.4,29.2,1.07,0.0,0.0,0.0
2014,6,9,82.5,76.1,81.4,1.6,29.2,0.38,0.0,0.0,0.0
2014,6,10,84.4,75.5,75.1,1.9,29.2,0.37,0.0,0.0,0.0
2014,6,11,82.9,74.4,76.3,3.3,29.2,1.35,0.0,0.0,0.0
2014,6,12,83.3,76.1,79.6,2,29.1,1.35,0.0,0.0,0.0
2014,6,13,81.6,76.4,85.1,0.6,29.1,0.14,38.0,0.0,19.0
2014,6,14,81.6,75.8,83.4,1.9,29.2,0.17,0.0,0.0,0.0
2014,6,15,81.1,76.9,87.6,0.5,29.2,0.45,0.0,0.0,0.0
2014,6,16,82.8,76.9,82.1,1.3,29.2,0.48,0.0,0.0,0.0
2014,6,17,83.4,77.3,82.6,0.3,29.2,0.17,1.5,0.0,0.75
2014,6,18,83.5,76.3,79.1,2.6,29.2,0.06,0.0,0.0,0.0
2014,6,19,84.8,73.1,68.9,2.3,29.3,0,0.0,0.0,0.0
2014,6,20,83.9,74.6,74,2.6,29.3,0.54,0.0,0.0,0.0
2014,6,21,84.1,73.3,71.3,3.8,29.3,0.54,0.0,0.0,0.0
2014,6,22,84.4,72.9,68.3,5.5,29.3,0,0.0,0.0,0.0
2014,6,23,85,71.8,64.9,4.8,29.3,0,0.0,0.0,0.0
2014,6,24,83.3,72.9,71.4,3.9,29.2,0.09,0.0,0.0,0.0
2014,6,25,82.8,76.1,81.1,1.1,29.3,0.44,0.0,0.0,0.0
2014,6,26,83.4,75.9,78.6,2.3,29.4,0.37,0.0,0.0,0.0
2014,6,27,85.4,72.6,66.1,7,29.4,0.06,0.0,0.0,0.0
2014,6,28,85.3,70.8,61.9,11,29.3,0,0.0,0.0,0.0
2014,6,29,86.3,70.5,60.3,8.8,29.3,0,0.0,0.0,0.0
2014,6,30,84,70.9,64.5,7.4,29.3,0,0.0,0.0,0.0
2014,7,1,83.6,71.9,67.3,3.8,29.4,0,0.0,0.0,0.0
2014,7,2,85.4,70.8,62.3,5,29.3,0,0.0,0.0,0.0
2014,7,3,85.5,70.9,62,8.6,29.3,0,0.0,0.0,0.0
2014,7,4,87,70.8,59.4,7,29.2,0,0.0,0.0,0.0
2014,7,5,87.6,70.9,58.4,8.1,29.3,0,0.0,0.0,0.0
2014,7,6,87,71.9,60.8,11,29.3,0,0.0,0.0,0.0
2014,7,7,85.5,71.6,63.3,9.9,29.2,0,0.0,0.0,0.0
2014,7,8,86.5,71.1,60.1,8.6,29.2,0,0.0,0.0,0.0
2014,7,9,84.6,70.3,62.3,8.4,29.2,0,0.0,0.0,0.0
2014,7,10,83.8,72.3,68.8,3.6,29.2,0,0.0,0.0,0.0
2014,7,11,82.8,73.6,75,1.8,29.3,0.08,0.0,0.0,0.0
2014,7,12,85.5,74.3,70.4,1.5,29.2,0.08,0.0,0.0,0.0
2014,7,13,83.3,75.8,79.9,0.8,29.3,1.2,0.0,0.0,0.0
2014,7,14,81.4,75.9,83.5,2.5,29.3,1.38,0.0,0.0,0.0
2014,7,15,81.3,74.9,81.9,2.9,29.3,0.89,0.0,0.0,0.0
2014,7,16,81.5,73.5,78.4,3.3,29.3,0.78,0.0,0.0,0.0
2014,7,17,84.8,71.6,65,7.1,29.3,0.23,0.0,0.0,0.0
2014,7,18,81.8,72.9,73.9,6.4,29.2,0.04,0.0,0.0,0.0
2014,7,19,81.9,72.5,74.3,4.5,29.3,0.05,0.0,0.0,0.0
2014,7,20,79.8,73.5,81.5,1.9,29.3,0.26,0.0,0.0,0.0
2014,7,21,78.3,74,87.4,1.1,29.3,0.42,0.0,0.0,0.0
2014,7,22,81.8,72.1,74.4,3.8,29.3,0.35,0.0,0.0,0.0
2014,7,23,83,71.5,67.6,5.6,29.3,0.06,0.0,0.0,0.0
2014,7,24,84.4,71.8,66.4,6.6,29.3,0,0.0,0.0,0.0
2014,7,25,83.6,73.9,74,2.4,29.3,0.13,0.0,0.0,0.0
2014,7,26,81,76.1,85.8,0.9,29.3,0.4,0.0,0.0,0.0
2014,7,27,80,73.9,82.9,1.3,29.4,1.39,0.0,0.0,0.0
2014,7,28,79.9,73.5,82,1.3,29.3,1.24,0.0,0.0,0.0
2014,7,29,83.8,71.8,67.4,6.8,29.3,0.07,0.0,0.0,0.0
2014,7,30,84,71.8,67,4.8,29.3,0,0.0,0.0,0.0
2014,7,31,84.4,71.6,66.3,8.3,29.3,0,0.0,0.0,0.0
2014,8,1,84.5,70.9,63.5,8.1,29.3,0,0.0,0.0,0.0
2014,8,2,82.5,71,68,7.3,29.3,0,0.0,0.0,0.0
2014,8,3,80.9,73,77.3,1.5,29.3,0.13,0.0,0.0,0.0
2014,8,4,82.6,73.1,73,4.8,29.3,0.13,0.0,0.0,0.0
2014,8,5,81.8,71.9,72.6,5.6,29.3,0.25,0.0,0.0,0.0
2014,8,6,83.3,71,67.3,5.4,29.3,0,0.0,0.0,0.0
2014,8,7,81.9,74,77.4,1.6,29.3,0.03,0.0,0.0,0.0
2014,8,8,81.5,75.3,82.3,1.3,29.3,0.06,0.0,0.0,0.0
2014,8,9,82.3,73,74.6,3.9,29.4,0.06,0.0,0.0,0.0
2014,8,10,81.9,72.9,74.5,2.6,29.4,0,0.0,0.0,0.0
2014,8,11,83,70.6,66.1,7.4,29.3,0,0.0,0.0,0.0
2014,8,12,83.1,71.1,67.6,7.1,29.3,0,0.0,0.0,0.0
2014,8,14,83.8,71,65.9,6.1,29.4,0,0.0,0.0,0.0
2014,8,15,83.9,73.1,71.1,3.9,29.4,0,0.0,0.0,0.0
2014,8,16,80.9,73.5,79.4,1.6,29.4,0.56,0.0,0.0,0.0
2014,8,17,84.9,72.3,68.4,4.4,29.4,0.56,0.0,0.0,0.0
2014,8,18,87,71.8,60.6,5.8,29.4,0,0.0,0.0,0.0
2014,8,19,86,72.3,63.6,5.5,29.4,0,0.0,0.0,0.0
2014,8,20,84.3,71.3,65,5.8,29.4,0,0.0,0.0,0.0
2014,8,21,80.4,73.4,79.5,1.6,29.4,0.02,0.0,0.0,0.0
2014,8,22,81.5,74.3,79.5,2.6,29.4,0,0.0,0.0,0.0
2014,8,23,84,73.6,72.3,0.4,29.4,0,0.0,0.0,0.0
2014,8,24,85.8,72.1,63.9,7,29.4,0,0.0,0.0,0.0
2014,8,25,85.3,72.8,66.3,8.3,29.3,0.32,0.0,0.0,0.0
2014,8,26,82.1,73.9,76.6,3.6,29.3,0.62,0.0,0.0,0.0
2014,8,27,81.6,75.1,82.4,0.6,29.3,2.15,0.0,0.0,0.0
2014,8,28,81.3,74.5,81.3,3.8,29.3,1.66,0.0,0.0,0.0
2014,8,29,81.1,72.9,77.4,2.1,29.3,1.66,0.0,0.0,0.0
2014,8,30,80.6,73.5,79.3,1,29.4,0.47,0.0,0.0,0.0
2014,8,31,81.4,74.5,80.4,1.5,29.3,0.09,0.0,0.0,0.0
2014,9,1,85.3,71.8,64.5,5.8,29.3,0.09,0.0,0.0,0.0
2014,9,2,82.3,74.3,77.4,2.9,29.3,0.19,0.0,0.0,0.0
2014,9,3,78.3,75.1,90.5,0,29.4,0.66,0.0,0.0,0.0
2014,9,4,80.6,73.6,80.3,4.1,29.4,1.02,0.0,0.0,0.0
2014,9,5,82.4,71.5,70.3,4.3,29.3,0.03,0.0,0.0,0.0
2014,9,6,84.3,72.1,68.3,3.8,29.3,0,0.0,0.0,0.0
2014,9,7,84,71.6,66.9,5.4,29.4,0,0.0,0.0,0.0
2014,9,8,84.8,71.4,65.3,7,29.3,0,0.0,0.0,0.0
2014,9,9,84.9,71.8,65.3,6,29.3,0,0.0,0.0,0.0
2014,9,10,85.5,72.4,65.5,3.8,29.3,0,0.0,0.0,0.0
2014,9,11,85.1,73.9,70.4,3.3,29.4,0.08,0.0,0.0,0.0
2014,9,12,85.3,72.5,66.3,7.3,29.3,0.08,0.0,0.0,0.0
2014,9,13,86.4,71.8,62.3,7.6,29.3,0,0.0,0.0,0.0
2014,9,14,86.1,71.3,61.5,6.9,29.3,0.23,0.0,0.0,0.0
2014,9,15,86.6,72.5,63.5,6.3,29.3,0.24,0.0,0.0,0.0
2014,9,16,85.3,71,62.9,10.3,29.2,0,0.0,0.0,0.0
2014,9,17,84.4,71.3,64.5,8.8,29.2,0,0.0,0.0,0.0
2014,9,18,80.4,72.6,78.1,2.6,29.4,0.31,0.0,0.0,0.0
2014,9,19,83.9,72.1,68.3,5.1,29.4,0.31,0.0,0.0,0.0
2014,9,20,86.4,70.8,61,7,29.4,0,0.0,0.0,0.0
2014,9,21,86.1,71.6,62.9,6.8,29.4,0,0.0,0.0,0.0
2014,9,22,84.5,70.5,63.5,6.4,29.4,0.04,0.0,0.0,0.0
2014,9,23,85.5,70.9,61.9,10.3,29.4,0,0.0,0.0,0.0
2014,9,24,84.8,72.6,68.4,4,29.4,0,66.0,0.0,33.0
2014,9,25,79.6,75,86.3,0.3,29.4,3.29,0.0,0.0,0.0
2014,9,26,80.6,76,85.9,1.5,29.4,0.41,0.0,0.0,0.0
2014,9,27,82,77.5,87,0,29.4,0.16,0.5,0.0,0.25
2014,9,28,86,75.3,70.8,3.3,29.4,0.16,0.0,0.0,0.0
2014,9,29,82.5,76.1,82.5,1,29.4,0.47,0.0,0.0,0.0
2014,9,30,81.8,75,81.3,0.3,29.4,0.57,0.0,0.0,0.0
2014,10,1,80.4,75.9,86.6,0.8,29.4,0.37,0.0,0.0,0.0
2014,10,2,81.3,74.6,81.8,1.3,29.4,0.46,0.0,0.0,0.0
2014,10,3,83.4,75.6,79.3,1.4,29.4,0.09,0.0,0.0,0.0
2014,10,4,83.6,74.8,76.1,0.9,29.4,0,0.0,0.0,0.0
2014,10,5,82.8,73.6,76,1.6,29.4,0,0.0,0.0,0.0
2014,10,6,78.3,73.8,86.3,2.1,29.4,1.66,0.0,0.0,0.0
2014,10,7,79.9,71.6,78,0.9,29.4,0.14,0.0,0.0,0.0
2014,10,8,81.5,73,76.9,1,29.4,0,0.0,0.0,0.0
2014,10,9,80,73.9,83.3,1.6,29.4,0,0.0,0.0,0.0
2014,10,10,80.3,75,84.9,1.3,29.4,0.36,4.0,0.0,2.0
2014,10,11,84.3,73.3,70.8,1.4,29.4,0.36,0.0,0.0,0.0
2014,10,12,80.8,74.4,81.4,1.8,29.4,0.33,0.0,0.0,0.0
2014,10,13,81,73.4,78.6,0.6,29.5,0.33,0.0,0.0,0.0
2014,10,14,81.1,72.5,76.8,0.4,29.5,0,0.0,0.0,0.0
2014,10,15,80,73,79.5,2.3,29.5,0,0.0,0.0,0.0
2014,10,16,79,71.8,80,1,29.5,0,0.0,0.0,0.0
2014,10,17,79.4,71.4,78.8,0.9,29.5,0,0.0,0.0,0.0
2014,10,18,81.1,72.4,76,0.4,29.5,0,0.0,0.0,0.0
2014,10,19,80.6,74.4,81.5,0.6,29.4,0,0.0,0.0,0.0
2014,10,20,78.1,74.1,87.8,1.9,29.5,0.15,0.0,0.0,0.0
2014,10,21,79.9,74.1,83.4,1.8,29.5,0.26,18.0,0.0,9.0
2014,10,22,79,75,88.6,0.9,29.5,2.8,0.0,0.0,0.0
2014,10,23,78.4,73.8,86.5,1.8,29.5,3.24,0.0,0.0,0.0
2014,10,24,77.8,74.5,89.8,0.9,29.5,1.42,0.0,0.0,0.0
2014,10,25,79,73.6,84.8,1.1,29.5,1.42,0.0,0.0,0.0
2014,10,26,82,75,80.5,0.5,29.5,0,0.0,0.0,0.0
2014,10,27,82.4,75.3,79.6,0.9,29.5,0,0.0,0.0,0.0
2014,10,28,83.1,74.8,77.8,0.6,29.4,0,0.0,0.0,0.0
2014,10,29,80.5,75.4,84.4,1.3,29.4,0.02,0.0,0.0,0.0
2014,10,30,81.8,75.9,83,2,29.4,0.02,0.0,0.0,0.0
2014,10,31,82,75.4,81.3,1,29.4,0,0.0,0.0,0.0
2014,11,1,82.9,75.6,80.3,1,29.4,0,0.0,0.0,0.0
2014,11,2,81,76.3,85.9,0,29.4,0,0.0,0.0,0.0
2014,11,3,81.9,74.1,78.5,1.8,29.5,0,0.0,0.0,0.0
2014,11,4,79.5,72.3,79.6,0.3,29.5,0,0.0,0.0,0.0
2014,11,5,77.8,75.1,91.9,1.1,29.5,0.94,0.0,0.0,0.0
2014,11,6,77.9,75,91,0.8,29.5,1.07,0.0,0.0,0.0
2014,11,7,80.8,75.5,85.1,1.1,29.5,0.35,0.0,0.0,0.0
2014,11,8,81.9,75.6,82,1.5,29.5,0,0.0,0.0,0.0
2014,11,9,80.1,74.9,85.4,0.6,29.5,0.15,0.0,0.0,0.0
2014,11,10,81.3,75.5,83.9,0.8,29.5,0.15,0.0,0.0,0.0
2014,11,11,82,73.9,78.4,0.3,29.5,0,0.0,0.0,0.0
2014,11,12,81.8,74.6,79.9,0.6,29.5,0,0.5,0.0,0.25
2014,11,13,81.1,74.1,80.1,0.8,29.5,0,0.0,0.0,0.0
2014,11,14,80.4,73.8,81.6,1.5,29.5,0,0.0,0.0,0.0
2014,11,15,79.8,72.3,79.4,1.5,29.5,0,0.0,0.0,0.0
2014,11,16,79.9,72.6,80,1.1,29.5,0,0.0,0.0,0.0
2014,11,17,80,71.8,77.8,2.3,29.5,0,0.0,0.0,0.0
2014,11,18,78.6,70.5,78.3,1,29.6,0,0.0,0.0,0.0
2014,11,19,78,68.8,75.4,1.5,29.6,0,0.0,0.0,0.0
2014,11,20,75.6,68,78.4,0.9,29.5,0,0.0,0.0,0.0
2014,11,21,75.9,68,78.3,0.8,29.5,0,0.0,0.0,0.0
2014,11,22,76.4,68.8,79.4,0.5,29.5,0,0.0,0.0,0.0
2014,11,23,76.8,68.3,76.9,1.1,29.5,0,0.0,0.0,0.0
2014,11,24,75.8,67.3,77.5,1,29.5,0,0.0,0.0,0.0
2014,11,25,75.9,66.5,75.5,1.4,29.4,0,0.0,0.0,0.0
2014,11,26,78.3,68.4,74.3,1.8,29.4,0,0.0,0.0,0.0
2014,11,27,80,70.4,74.5,0.8,29.4,0,0.0,0.0,0.0
2014,11,28,80.8,71.1,73.8,1,29.4,0,0.0,0.0,0.0
2014,11,29,80.8,69.8,71.9,0.4,29.4,0,0.0,0.0,0.0
2014,11,30,78.9,66,67.3,2.6,29.4,0,0.0,0.0,0.0
2014,12,1,76.9,64.5,67.5,1.4,29.4,0,0.0,0.0,0.0
2014,12,2,78.9,64.6,63.6,3.8,29.4,0,0.0,0.0,0.0
2014,12,3,80,70.9,74.5,1.1,29.4,0,0.0,0.0,0.0
2014,12,4,78.8,72,80.6,0.6,29.5,0,0.0,0.0,0.0
2014,12,5,77.8,73,85.1,0.4,29.5,0.28,0.0,0.0,0.0
2014,12,6,80.1,72.4,78.6,1,29.5,0.28,0.0,0.0,0.0
2014,12,7,81,72.6,77.3,1,29.4,0,0.0,0.0,0.0
2014,12,8,80.5,71.9,76.5,2.1,29.5,0,0.0,0.0,0.0
2014,12,9,78.6,69.5,75.4,1.3,29.5,0,0.0,0.0,0.0
2014,12,10,77.8,68.4,75.1,1.1,29.5,0,0.0,0.0,0.0
2014,12,11,76.5,66.6,74.8,0.9,29.5,0,0.0,0.0,0.0
2014,12,12,76.1,66.6,75.1,0.8,29.6,0,0.0,0.0,0.0
2014,12,13,74.6,63.9,71.6,1.8,29.6,0,0.0,0.0,0.0
2014,12,14,75,64.1,71.6,1.8,29.6,0,0.0,0.0,0.0
2014,12,15,76.1,64.8,70.4,0.9,29.5,0,0.0,0.0,0.0
2014,12,16,75.3,65,73.1,1.5,29.6,0,0.0,0.0,0.0
2014,12,17,74.3,61.4,66.4,2.5,29.6,0,0.0,0.0,0.0
2014,12,18,72.9,59.4,65,1.1,29.6,0,0.0,0.0,0.0
2014,12,19,71.9,59.9,68.8,0.8,29.6,0,0.0,0.0,0.0
2014,12,20,73.9,61.1,67.6,2.3,29.6,0,0.0,0.0,0.0
2014,12,21,74.1,62.6,69.4,1,29.5,0,0.0,0.0,0.0
2014,12,22,70.8,57,63.8,1.6,29.6,0,0.0,0.0,0.0
2014,12,23,68.9,55.8,66.8,1,29.6,0,0.0,0.0,0.0
2014,12,24,69.5,58,69.6,1,29.6,0,0.0,0.0,0.0
2014,12,25,73.6,60.8,67.3,2.1,29.5,0,0.0,0.0,0.0
2014,12,26,76.8,64.4,67.9,1.5,29.5,0,0.0,0.0,0.0
2014,12,27,78.9,68.8,73.1,0.8,29.5,0,0.0,0.0,0.0
2014,12,28,79.9,69.3,71.3,0.9,29.5,0,0.0,0.0,0.0
2014,12,29,76.9,65.1,69.3,1.4,29.5,0,0.0,0.0,0.0
2014,12,30,74.6,62.4,68.5,1.6,29.5,0,0.0,0.0,0.0
2014,12,31,73.5,61.5,69.5,1.4,29.5,0,0.0,0.0,0.0
2015,1,1,72.6,59.3,65.1,1.9,29.6,0,0.0,0.0,0.0
2015,1,2,68.8,55,65.3,1,29.6,0,0.0,0.0,0.0
2015,1,3,68.9,54.8,65.5,1,29.6,0,0.0,0.0,0.0
2015,1,4,72,57.4,64.9,0.3,29.5,0,0.0,0.0,0.0
2015,1,5,77,61,60.5,1.1,29.4,0,0.0,0.0,0.0
2015,1,6,80.5,65,61.5,2.1,29.4,0,0.0,0.0,0.0
2015,1,7,79.8,66.8,67.6,0.9,29.4,0,0.0,0.0,0.0
2015,1,8,74.4,68,80.8,0.8,29.5,0.01,2.5,0.0,1.25
2015,1,9,71.9,67.9,87.9,1.5,29.5,0.25,15.0,0.0,7.5
2015,1,10,68,66.1,93.9,0.9,29.5,1.76,15.5,0.0,7.75
2015,1,11,67,64.1,89.4,1.4,29.6,1.44,0.0,0.0,0.0
2015,1,12,71.4,62.5,76,1,29.6,0.18,0.0,0.0,0.0
2015,1,13,69.6,57.9,69,1.6,29.6,0,0.0,0.0,0.0
2015,1,14,69.5,56.5,67.3,1,29.6,0,0.0,0.0,0.0
2015,1,15,70.1,57.8,69.3,2.1,29.6,0,0.0,0.0,0.0
2015,1,16,72.4,59.8,69,0.8,29.6,0,0.0,0.0,0.0
2015,1,17,71.8,58.8,66.8,1.4,29.6,0,0.0,0.0,0.0
2015,1,18,70.5,58.6,68.9,0.8,29.6,0,0.0,0.0,0.0
2015,1,19,70.6,59,70,2,29.6,0,0.0,0.0,0.0
2015,1,20,71.8,60.1,70.5,1.8,29.6,0,0.0,0.0,0.0
2015,1,21,73.4,62,71.1,1.1,29.6,0,0.0,0.0,0.0
2015,1,22,74.9,63.3,70.8,1,29.6,0,0.0,0.0,0.0
2015,1,23,75.5,61.8,66.6,0.6,29.5,0,0.0,0.0,0.0
2015,1,24,75.3,59.8,61.6,1,29.5,0,0.0,0.0,0.0
2015,1,25,75.1,60,63.8,1,29.5,0,0.0,0.0,0.0
2015,1,26,75.6,61.3,65.1,0.4,29.5,0,0.0,0.0,0.0
2015,1,27,76,61.4,64.6,1.1,29.5,0,0.0,0.0,0.0
2015,1,28,75.9,59.8,61.9,0.5,29.4,0,0.0,0.0,0.0
2015,1,29,75.5,58.9,61.5,1.4,29.5,0,0.0,0.0,0.0
2015,1,30,75.6,60.9,63.9,0.6,29.5,0,0.0,0.0,0.0
2015,1,31,77.9,66.4,69.3,0.9,29.5,0,0.0,0.0,0.0
2015,2,1,77.6,63.6,65.4,1.8,29.6,0,0.0,0.0,0.0
2015,2,2,75.4,62,66.1,1.1,29.6,0,0.0,0.0,0.0
2015,2,3,76.8,63.1,66,1,29.6,0,0.0,0.0,0.0
2015,2,4,77,62.5,65,0.8,29.6,0,0.0,0.0,0.0
2015,2,5,76.4,61.1,62.8,1.6,29.6,0,0.0,0.0,0.0
2015,2,6,75.5,60.1,62.5,2,29.6,0,0.0,0.0,0.0
2015,2,7,75.4,61.5,65.9,1,29.5,0,0.0,0.0,0.0
2015,2,8,75.8,61.8,64.9,1.1,29.5,0,0.0,0.0,0.0
2015,2,9,75.6,60.8,63.5,1.6,29.6,0,0.0,0.0,0.0
2015,2,10,76.1,61.3,63.4,0.9,29.5,0,0.0,0.0,0.0
2015,2,11,79,61.9,58.9,1.5,29.5,0,0.0,0.0,0.0
2015,2,12,80.1,62.8,57.3,2.3,29.4,0,0.0,0.0,0.0
2015,2,13,82.8,57.8,45.5,3.6,29.4,0,0.0,0.0,0.0
2015,2,14,79.4,51.1,40.3,5.1,29.4,0,0.0,0.0,0.0
2015,2,15,75.5,54,49.4,0.9,29.4,0,0.0,0.0,0.0
2015,2,16,78,57.1,52.9,1.6,29.5,0,0.0,0.0,0.0
2015,2,17,78,58.6,53.8,1,29.4,0,0.0,0.0,0.0
2015,2,18,78.6,62,58.4,0.9,29.4,0,0.0,0.0,0.0
2015,2,19,80.5,61.8,55.6,2.6,29.5,0,0.0,0.0,0.0
2015,2,20,81.1,67.8,65.5,1.4,29.5,0,0.0,0.0,0.0
2015,2,21,81.5,66,64.1,0.4,29.4,0,0.0,0.0,0.0
2015,2,22,81.6,65,61,2.1,29.4,0,0.0,0.0,0.0
2015,2,23,83,65.4,57.6,1.8,29.4,0,0.0,0.0,0.0
2015,2,24,83.6,62.6,53.3,2.9,29.4,0,0.0,0.0,0.0
2015,2,25,84.4,60.6,47.8,1.5,29.4,0,0.0,0.0,0.0
2015,2,26,86,59.6,42.8,1.4,29.4,0,0.0,0.0,0.0
2015,2,27,84.5,60.3,46.5,1.6,29.4,0,0.0,0.0,0.0
2015,2,28,84.8,60,45.5,0.3,29.4,0,0.0,0.0,0.0
2015,3,1,84.8,65,53.8,0.6,29.4,0,0.0,0.0,0.0
2015,3,2,85.5,68.1,58.5,0.5,29.4,0,0.0,0.0,0.0
2015,3,3,90,62.8,41.6,4.3,29.4,0,0.0,0.0,0.0
2015,3,4,90.6,64.3,43.8,6.5,29.4,0,0.0,0.0,0.0
2015,3,5,90.8,61.5,39.9,4.1,29.4,0,0.0,0.0,0.0
2015,3,6,89.3,61,43.5,1.9,29.4,0,0.0,0.0,0.0
2015,3,7,87.9,63.9,46.6,1.9,29.4,0,0.0,0.0,0.0
2015,3,8,87.9,61.1,44.1,1.1,29.4,0,0.0,0.0,0.0
2015,3,9,89.3,62.4,42.8,1.5,29.5,0,0.0,0.0,0.0
2015,3,10,88.1,64.1,45.8,1.4,29.4,0,0.0,0.0,0.0
2015,3,11,90.6,64.5,42.8,2.3,29.5,0,0.0,0.0,0.0
2015,3,12,89.9,65,46.1,2.6,29.4,0,0.0,0.0,0.0
2015,3,13,90.4,58,35.4,3.1,29.4,0,0.0,0.0,0.0
2015,3,14,89.8,53,29,5.9,29.5,0,0.0,0.0,0.0
2015,3,15,89.3,51.6,29.6,4.8,29.5,0,0.0,0.0,0.0
2015,3,16,89,61.4,40.9,1.5,29.4,0,0.0,0.0,0.0
2015,3,17,86.8,64.2,48.4,1.8,29.4,0,0.0,0.0,0.0
2015,3,19,92.8,68.2,46.7,1.3,29.4,0,0.0,0.0,0.0
2015,3,20,90.5,69.5,52.9,2.3,29.4,0,0.0,0.0,0.0
2015,3,21,88.8,72.8,61,2.3,29.4,0,4.5,0.0,2.25
2015,3,22,83.3,70,67.4,1.5,29.4,0.54,0.0,0.0,0.0
2015,3,23,84.9,72.6,67.3,2.1,29.4,0,0.0,0.0,0.0
2015,3,24,79.6,70.5,74.4,1.9,29.5,0,2.5,0.0,1.25
2015,3,25,77.1,69.4,78.1,2.8,29.6,0.38,0.0,0.0,0.0
2015,3,26,79.1,68.8,71.3,3.4,29.6,0.06,0.5,0.0,0.25
2015,3,27,82.5,67.8,64.4,1.3,29.6,0,0.0,0.0,0.0
2015,3,28,84.4,68.5,60.1,1.5,29.5,0,0.0,0.0,0.0
2015,3,29,85.6,69.1,60.4,2.3,29.4,0,0.0,0.0,0.0
2015,3,30,86.3,68.5,58.4,1.4,29.4,0,0.0,0.0,0.0
2015,3,31,89.8,64.9,46.1,5.5,29.4,0,0.0,0.0,0.0
2015,4,1,89.9,59.5,37.4,7.3,29.4,0,0.0,0.0,0.0
2015,4,2,89.5,59.9,38.1,9,29.3,0,0.0,0.0,0.0
2015,4,3,89.8,63.9,44.1,8.5,29.3,0,0.0,0.0,0.0
2015,4,4,91,65.9,45.6,6.4,29.3,0,0.0,0.0,0.0
2015,4,5,92,67.3,45.6,4.4,29.3,0,0.0,0.0,0.0
2015,4,6,92.5,68,45.6,4.4,29.3,0,0.0,0.0,0.0
2015,4,7,93,63.4,41.8,2.3,29.3,0,0.0,0.0,0.0
2015,4,8,88.6,71,56.6,2.6,29.4,0,0.0,0.0,0.0
2015,4,9,84.9,71.3,64.6,1.9,29.4,0.02,0.0,0.0,0.0
2015,4,10,87,70.8,59.6,3,29.4,0.02,0.0,0.0,0.0
2015,4,11,88.9,69,52.8,3.6,29.4,0.24,44.0,0.0,22.0
2015,4,12,81.5,70.5,71.4,2.9,29.5,0.26,32.0,0.0,16.0
2015,4,13,79.6,71.8,77.4,0.8,29.6,2.04,0.0,0.0,0.0
2015,4,14,83,66,61.6,2.4,29.5,0,0.0,0.0,0.0
2015,4,15,81.5,63,58.8,0.5,29.5,0,0.0,0.0,0.0
2015,4,16,86.1,67.1,56,0.8,29.4,0,0.0,0.0,0.0
2015,4,17,91.6,68,46,5,29.4,0,0.0,0.0,0.0
2015,4,18,91.4,66,44.4,8.3,29.3,0,0.0,0.0,0.0
2015,4,19,92.1,65.9,43.1,6,29.4,0,0.0,0.0,0.0
2015,4,20,92.4,68.1,45.5,9.3,29.3,0,0.0,0.0,0.0
2015,4,21,92.1,68.8,47.3,9.1,29.3,0,0.0,0.0,0.0
2015,4,22,89.1,67.9,51.1,6.3,29.4,0.06,10.5,0.0,5.25
2015,4,23,83.8,71,67.4,2.1,29.5,0.07,0.0,0.0,0.0
2015,4,24,85,70.8,63.4,1.5,29.5,0,0.0,0.0,0.0
2015,4,25,84.1,70.8,65.4,2.8,29.5,0,1.5,0.0,0.75
2015,4,26,81.1,73.4,77.5,1.1,29.5,0.17,1.0,0.0,0.5
2015,4,27,85.1,72.8,68.8,1.4,29.4,0.19,0.0,0.0,0.0
2015,4,28,85.1,73.3,69.1,1.6,29.4,0,0.0,0.0,0.0
2015,4,29,88.3,70.6,57.1,2.4,29.4,0,0.0,0.0,0.0
2015,4,30,90.8,68,48.3,7.6,29.4,0,0.0,0.0,0.0
2015,5,1,90.6,67,47,8,29.3,0,0.0,0.0,0.0
2015,5,2,92.1,66.4,43.1,8.9,29.3,0,0.0,0.0,0.0
2015,5,3,92.3,68.3,45.9,7,29.3,0,0.0,0.0,0.0
2015,5,4,93.8,68.9,44.9,6.3,29.3,0,0.0,0.0,0.0
2015,5,5,93,69,46.3,7.3,29.3,0,0.0,0.0,0.0
2015,5,6,92.1,70.3,49.8,5.3,29.3,0,0.0,0.0,0.0
2015,5,7,93,68.9,46.4,6.3,29.3,0,0.0,0.0,0.0
2015,5,8,93.8,69.9,47.6,6.3,29.3,0,0.0,0.0,0.0
2015,5,9,94,68.7,45.2,6.2,29.3,0,0.0,0.0,0.0
2015,5,10,90.8,71.6,56.1,3,29.3,0,0.0,0.0,0.0
2015,5,11,93.3,69.6,47.8,5.1,29.3,0,0.0,0.0,0.0
2015,5,12,92.4,71.8,51.8,6.8,29.3,0.04,4.5,0.0,2.25
2015,5,13,91.8,71.8,53,3.4,29.3,0.04,0.0,0.0,0.0
2015,5,14,89.6,73.4,61.1,2.9,29.4,0,0.0,0.0,0.0
2015,5,15,90.8,73.1,57.5,4.3,29.4,0,0.0,0.0,0.0
2015,5,16,89.3,72.6,59.6,5.4,29.3,0.09,0.0,0.0,0.0
2015,5,17,89.3,71.4,56.1,8.1,29.3,0.09,0.5,0.0,0.25
2015,5,18,88.4,72.5,59.9,9.5,29.3,0,1.5,0.0,0.75
2015,5,19,84.8,73.5,70.4,4.5,29.3,0.23,0.5,0.0,0.25
2015,5,20,83.9,73.8,73.3,3.8,29.3,0.32,0.0,0.0,0.0
2015,5,21,84.5,75,75.1,1.6,29.3,0.06,0.0,0.0,0.0
2015,5,22,84.5,73.3,69.5,4.6,29.3,0.04,0.5,0.0,0.25
2015,5,23,84.4,73.4,70.5,5.4,29.3,0.04,0.0,0.0,0.0
2015,5,24,87.5,73.1,62.8,4.8,29.3,0.04,0.0,0.0,0.0
2015,5,25,88.6,73,60.4,5.9,29.3,0,0.0,0.0,0.0
2015,5,26,90.8,71.4,54,10.5,29.3,0,0.0,0.0,0.0
2015,5,27,90.6,71.6,54.8,8.9,29.3,0,0.0,0.0,0.0
2015,5,28,88.9,70.9,56.3,9.5,29.3,0,0.0,0.0,0.0
2015,5,29,90,71.6,55.6,5.9,29.3,0.02,0.0,0.0,0.0
2015,5,30,88.5,72.5,59.8,7.8,29.3,0.02,0.0,0.0,0.0
2015,5,31,89.4,72.1,56.9,9.6,29.3,0.02,0.0,0.0,0.0
2015,6,1,88.9,71.6,56.9,12.3,29.3,0,0.0,0.0,0.0
2015,6,2,89.9,71.6,55.9,10.3,29.3,0,0.0,0.0,0.0
2015,6,3,87.8,73.5,63.9,4.1,29.3,0,0.0,0.0,0.0
2015,6,4,88.1,73.6,64.1,3.8,29.3,0,0.0,0.0,0.0
2015,6,5,91.3,72.6,55.5,8,29.3,0,0.0,0.0,0.0
2015,6,6,91.4,72,54,8,29.3,0,0.0,0.0,0.0
2015,6,7,90.8,72.9,56.4,10,29.3,0,0.0,0.0,0.0
2015,6,8,89.5,71.3,54.6,9.1,29.3,0,0.0,0.0,0.0
2015,6,9,88.3,71.4,58.4,10.1,29.3,0,0.0,0.0,0.0
2015,6,10,87,70.6,59.8,8.1,29.3,0.2,17.5,0.0,8.75
2015,6,11,89.3,72.1,57.9,5.4,29.3,0.06,13.0,0.0,6.5
2015,6,12,91.4,73,55.5,4.8,29.3,0.06,0.0,0.0,0.0
2015,6,13,91.5,73,55.9,5.6,29.3,0,0.0,0.0,0.0
2015,6,14,90.1,73.8,58.8,7.3,29.3,0,35.0,0.0,17.5
2015,6,15,85.6,74.1,71,5.6,29.3,0.81,0.0,0.0,0.0
2015,6,16,85.1,76.4,76.3,1.5,29.3,1.19,0.0,0.0,0.0
2015,6,17,86,74.6,69.9,3.5,29.3,0,0.5,0.0,0.25
2015,6,18,85.4,74.3,69.6,3.6,29.3,0.01,0.0,0.0,0.0
2015,6,19,87,73,63.5,7.8,29.3,0.2,0.0,0.0,0.0
2015,6,20,87.6,71.6,59.5,10.6,29.3,0.2,0.0,0.0,0.0
2015,6,21,85.9,71.9,62.6,8.9,29.3,0,0.0,0.0,0.0
2015,6,22,83.9,71.4,65.9,11.3,29.3,0,0.0,0.0,0.0
2015,6,23,84.9,72.5,65.9,8.6,29.3,0,1.0,0.0,0.5
2015,6,24,84,72.4,67.8,8.4,29.3,0,6.0,0.0,3.0
2015,6,25,80.5,72.3,75.4,4.8,29.3,0.33,2.0,0.0,1.0
2015,6,26,80.6,73.8,81,2.5,29.3,0.33,2.0,0.0,1.0
2015,6,27,81.6,74.9,81.5,2.8,29.4,0.22,0.0,0.0,0.0
2015,6,28,82.3,74,77.5,1.8,29.4,0.07,0.0,0.0,0.0
2015,6,29,85.1,71,63,6,29.4,0.06,0.0,0.0,0.0
2015,6,30,84.1,70.8,64.5,9,29.4,0,0.0,0.0,0.0
2015,7,1,86.9,72.3,62.4,8.8,29.4,0,0.0,0.0,0.0
2015,7,2,87.4,73.1,63,8.4,29.3,0,0.0,0.0,0.0
2015,7,3,86.5,72.8,63.8,12.3,29.3,0,0.0,0.0,0.0
2015,7,4,86.1,72.5,64.9,11,29.3,0,8.0,0.0,4.0
2015,7,5,86,73.1,65.4,7,29.2,0.11,0.0,0.0,0.0
2015,7,6,84.8,73,67.5,5.1,29.2,0.11,0.0,0.0,0.0
2015,7,7,86.5,72.4,63.9,4.5,29.2,0.02,3.5,0.0,1.75
2015,7,8,85.9,72.4,64.3,4.5,29.3,0,4.0,0.0,2.0
2015,7,9,82.1,71.9,71.3,3.6,29.3,0.85,0.0,0.0,0.0
2015,7,10,86.3,70.9,59.8,7.9,29.3,0.85,0.0,0.0,0.0
2015,7,11,88,71,57.9,10.9,29.2,0,0.0,0.0,0.0
2015,7,12,88.5,71.5,58.3,10.8,29.2,0,0.0,0.0,0.0
2015,7,13,88.9,72.9,59.1,9.1,29.2,0,0.0,0.0,0.0
2015,7,14,86.6,72.9,64.4,8,29.2,0,0.5,0.0,0.25
2015,7,15,84.9,73.5,68.9,4.9,29.2,0.27,4.0,0.0,2.0
2015,7,16,84.4,74.4,72.4,3.6,29.2,0.27,4.5,0.0,2.25
2015,7,17,82.1,76.5,82.8,0.8,29.3,0.16,1.0,0.0,0.5
2015,7,18,83.3,75.5,77.9,3.3,29.3,0.16,0.0,0.0,0.0
2015,7,19,83,72.9,71.8,4,29.3,0.02,1.5,0.0,0.75
2015,7,20,84.4,73.5,69.8,3.3,29.3,0,1.5,0.0,0.75
2015,7,21,81,75.9,84.9,1.4,29.3,0.35,3.0,0.0,1.5
2015,7,22,80.9,73,78.9,5.4,29.4,0.49,6.5,0.0,3.25
2015,7,23,81.8,71.5,71.6,4,29.4,0.04,1.0,0.0,0.5
2015,7,24,80.5,71.5,74,3.5,29.4,0.03,3.0,0.0,1.5
2015,7,25,80.9,72.5,76.4,4.3,29.4,0.24,3.0,0.0,1.5
2015,7,26,78.4,73.8,86.4,0,29.4,0.45,0.0,0.0,0.0
2015,7,27,80,74.1,83.1,1.6,29.4,0.44,3.0,0.0,1.5
2015,7,28,80.3,73.5,81,1.3,29.4,0.29,0.5,0.0,0.25
2015,7,29,78.9,74,85.8,0.8,29.4,0.68,0.0,0.0,0.0
2015,7,30,81.3,73.4,78.3,2,29.4,0.42,0.5,0.0,0.25
2015,7,31,80.5,74.6,82.6,1.4,29.4,0.32,0.0,0.0,0.0
2015,8,1,81,73.9,80.1,2.1,29.4,0.33,0.5,0.0,0.25
2015,8,2,82,72.1,72.1,3.5,29.4,0,0.0,0.0,0.0
2015,8,3,81.3,72.5,74.6,3.8,29.3,0.03,1.0,0.0,0.5
2015,8,4,82.6,72.9,73.1,3.8,29.3,0.03,0.5,0.0,0.25
2015,8,5,84.1,70.9,64.9,5.9,29.3,0,0.0,0.0,0.0
2015,8,6,84.8,73.6,69.6,3.3,29.2,0,0.0,0.0,0.0
2015,8,7,83.6,74.9,75,2.4,29.2,0,0.0,0.0,0.0
2015,8,8,85.6,72.5,65.8,4.4,29.2,0,3.0,0.0,1.5
2015,8,9,85.4,73.6,68.3,4.5,29.2,0,0.0,0.0,0.0
2015,8,10,86.9,72.5,62.5,7.1,29.3,0,0.0,0.0,0.0
2015,8,11,88.8,71.8,57.4,8.5,29.3,0,0.0,0.0,0.0
2015,8,12,83,74.8,77.8,2,29.3,0.65,0.0,0.0,0.0
2015,8,13,84.5,73.4,70.9,3.4,29.4,0.8,0.0,0.0,0.0
2015,8,14,84.6,73.4,70,5.5,29.3,0,0.0,0.0,0.0
2015,8,15,83.5,73.3,72.5,5.6,29.4,0.17,0.0,0.0,0.0
2015,8,16,86.8,71.9,62.1,7.5,29.4,0.05,0.0,0.0,0.0
2015,8,17,84.6,72.4,67.8,8.3,29.4,0.11,0.0,0.0,0.0
2015,8,18,84.5,70.3,62.9,8.9,29.4,0.14,0.0,0.0,0.0
2015,8,19,85.1,70.5,62.3,11.1,29.4,0,0.0,0.0,0.0
2015,8,20,87.6,72.3,60.9,6.6,29.3,0,3.0,0.0,1.5
2015,8,21,84.4,74.8,74.4,3.8,29.3,0,3.0,0.0,1.5
2015,8,22,81.6,73.4,76.5,3.6,29.3,0.27,2.0,0.0,1.0
2015,8,23,84,71.8,66.6,5.9,29.3,0.24,0.0,0.0,0.0
2015,8,24,84.5,72.3,67.1,5.9,29.3,0,1.0,0.0,0.5
2015,8,25,82.8,73.4,73.4,2.8,29.3,0.51,14.5,0.0,7.25
2015,8,26,83.8,71.1,67.4,4.4,29.3,0.51,0.0,0.0,0.0
2015,8,27,82,72.4,73.5,6,29.4,0.06,0.0,0.0,0.0
2015,8,28,84.8,71.5,65.1,8.3,29.4,0,0.0,0.0,0.0
2015,8,29,85.3,71.3,63.5,8.6,29.3,0,0.0,0.0,0.0
2015,8,30,85.1,71.5,63.8,9.5,29.4,0,0.0,0.0,0.0
2015,8,31,84.4,71.6,65,8.9,29.4,0,0.0,0.0,0.0
2015,9,1,86,71,61.8,8.6,29.3,0,0.0,0.0,0.0
2015,9,2,84.9,71,63,10.1,29.4,0,1.0,0.0,0.5
2015,9,3,85,71.5,64.1,7.8,29.4,0.02,0.0,0.0,0.0
2015,9,4,82.9,75,78.4,2.3,29.4,0.2,4.5,0.0,2.25
2015,9,5,83.4,73.6,73.1,4.4,29.4,0.18,1.5,0.0,0.75
2015,9,6,83,73.6,75.6,3.4,29.4,0.14,0.5,0.0,0.25
2015,9,7,82.6,72.6,72.3,6.3,29.4,0.33,0.0,0.0,0.0
2015,9,8,83.5,71.4,67.1,9.4,29.4,0.33,0.0,0.0,0.0
2015,9,9,86.8,72.5,63.5,3.4,29.3,0,19.0,0.0,9.5
2015,9,10,81.8,76.5,85.4,1.1,29.4,1.46,0.0,0.0,0.0
2015,9,11,82,76.4,83.1,0.9,29.4,1.69,18.0,0.0,9.0
2015,9,12,81,77.1,88.8,1.8,29.4,0.59,17.5,0.0,8.75
2015,9,13,80.8,76.1,87,0.6,29.4,0.59,17.5,0.0,8.75
2015,9,14,84.6,74.1,71.3,3,29.4,0.2,0.0,0.0,0.0
2015,9,15,84.4,74.9,74.6,3.3,29.3,0.01,10.5,0.0,5.25
2015,9,16,81.5,76.8,86,2.8,29.3,1.26,36.0,0.0,18.0
2015,9,17,81.8,77.5,87.9,0,29.3,0.71,9.0,0.0,4.5
2015,9,18,79.6,77.1,92.4,1.5,29.4,2.31,14.5,0.0,7.25
2015,9,19,82,76.3,83.4,0.8,29.5,1.98,0.0,0.0,0.0
2015,9,20,85.1,74.1,72.4,3.1,29.4,0,0.0,0.0,0.0
2015,9,21,86.9,73.3,64.1,8.1,29.4,0,0.0,0.0,0.0
2015,9,22,86.6,73.1,64.1,9,29.3,0,0.0,0.0,0.0
2015,9,23,85.4,73.1,66.5,8,29.3,0,0.5,0.0,0.25
2015,9,24,84.6,73.1,68.4,7.1,29.3,0,0.5,0.0,0.25
2015,9,25,85.6,72.1,65,8.3,29.3,0,0.0,0.0,0.0
2015,9,26,87.8,71.6,59.5,6.3,29.3,0,0.0,0.0,0.0
2015,9,27,87.8,74.3,65.4,3.1,29.3,0,1.0,0.0,0.5
2015,9,28,86.8,76,71,0.4,29.3,0.02,0.0,0.0,0.0
2015,9,29,86.4,76,72.6,1.5,29.4,0.02,0.0,0.0,0.0
2015,9,30,86.9,77.4,74.6,1.5,29.4,0,0.0,0.0,0.0
2015,10,1,81.4,76.3,84.3,1.8,29.5,0,3.0,0.0,1.5
2015,10,2,82.8,75.8,79.9,0.8,29.4,0,75.5,0.0,37.75
2015,10,3,78.4,75.8,92,1.8,29.4,2.32,12.5,0.0,6.25
2015,10,4,81,75.5,84,1.1,29.4,1.06,0.5,0.0,0.25
2015,10,5,80.9,76.8,88.4,0.9,29.4,0.03,16.5,0.0,8.25
2015,10,6,81.4,75.3,82.5,1.3,29.4,0.25,0.0,0.0,0.0
2015,10,7,82.6,73.8,76.4,2.8,29.4,0.21,0.0,0.0,0.0
2015,10,8,85.1,73.9,69.9,5.4,29.4,0,5.0,0.0,2.5
2015,10,9,80.8,74.5,82.1,1.9,29.4,1.31,0.0,0.0,0.0
2015,10,10,80.5,75.4,84.9,1.1,29.4,0.59,29.5,0.0,14.75
2015,10,11,76.8,74,91,1.9,29.5,0.45,4.0,0.0,2.0
2015,10,12,73,70.8,93,1.8,29.6,1.67,0.0,0.0,0.0
2015,10,13,71.9,67.6,86.9,3.6,29.6,0.39,0.0,0.0,0.0
2015,10,14,78.6,70,75.5,2.9,29.6,0.1,0.5,0.0,0.25
2015,10,15,79.6,74.3,83.6,2.6,29.5,0.29,0.0,0.0,0.0
2015,10,16,82.4,75.8,82,0.9,29.5,0.4,0.5,0.0,0.25
2015,10,17,83.4,76,79.8,0.4,29.4,0,0.5,0.0,0.25
2015,10,18,83.3,76.8,82.1,1.5,29.5,0,0.0,0.0,0.0
2015,10,19,84.4,76.3,78.6,0.6,29.4,0,0.0,0.0,0.0
2015,10,20,84,76,78.4,0.6,29.4,0,0.0,0.0,0.0
2015,10,21,83,75.6,79.3,1.3,29.4,0,0.0,0.0,0.0
2015,10,22,82.6,75,79,1.1,29.4,0,0.0,0.0,0.0
2015,10,23,82.9,74.6,77.6,0.8,29.4,0,0.0,0.0,0.0
2015,10,24,81,75.8,85.5,1.3,29.4,0,0.0,0.0,0.0
2015,10,25,81.4,74.8,81.5,0,29.5,0,0.0,0.0,0.0
2015,10,26,80.8,72.8,78.6,0,29.5,0,0.0,0.0,0.0
2015,10,27,81.4,72.9,76.8,0.6,29.5,0,0.0,0.0,0.0
2015,10,28,83.6,75.6,78,0.6,29.5,0,0.0,0.0,0.0
2015,10,29,83.9,75.4,77.4,0,29.5,0,4.5,0.0,2.25
2015,10,30,83.1,75.9,80.6,1.3,29.5,0,0.0,0.0,0.0
2015,10,31,82.4,76,81.8,0,29.5,0.56,0.0,0.0,0.0
2015,11,1,81.3,73,77.6,0.6,29.5,0.56,0.0,0.0,0.0
2015,11,2,79.9,73,80,0.4,29.5,0,0.0,0.0,0.0
2015,11,3,80.3,72,77,1.5,29.5,0,0.0,0.0,0.0
2015,11,4,81,72.4,75.8,0.8,29.5,0,0.0,0.0,0.0
2015,11,5,82.9,73,73.9,0.9,29.4,0,0.0,0.0,0.0
2015,11,6,83.1,73.1,72.6,2.1,29.4,0,2.0,0.0,1.0
2015,11,7,83.4,73.8,74.8,0.9,29.4,0,6.0,0.0,3.0
2015,11,8,81.5,76,84.1,0.6,29.5,0.14,34.0,0.0,17.0
2015,11,9,83.5,75.9,79.4,1.4,29.5,0.14,3.5,0.0,1.75
2015,11,10,80.1,75.3,85.8,0.5,29.4,1.33,0.0,0.0,0.0
2015,11,11,81.4,74.9,81.8,1.8,29.4,1.33,0.0,0.0,0.0
2015,11,12,82.5,75.9,81.6,0.8,29.5,0,0.0,0.0,0.0
2015,11,13,83.5,75.9,78.6,0.8,29.5,0,0.0,0.0,0.0
2015,11,14,83.8,75.4,77.9,0.9,29.4,0,0.0,0.0,0.0
2015,11,15,84,75.9,78.3,0.4,29.4,0,0.0,0.0,0.0
2015,11,16,84.5,75.3,76.3,1.1,29.4,0,0.0,0.0,0.0
2015,11,17,83.1,73.5,74.9,0.3,29.4,0,0.0,0.0,0.0
2015,11,18,81.6,74.1,79,0.3,29.5,0,0.0,0.0,0.0
2015,11,19,81.3,74,80.4,0.3,29.5,0,0.0,0.0,0.0
2015,11,20,82.9,73.9,76.5,0.8,29.5,0,0.0,0.0,0.0
2015,11,21,82.5,72.5,74.1,0.3,29.4,0,0.0,0.0,0.0
2015,11,22,82.9,72.4,73.1,0.4,29.5,0,0.0,0.0,0.0
2015,11,23,81,70.9,73.1,0,29.5,0,0.0,0.0,0.0
2015,11,24,81.3,70.1,71.3,1.6,29.5,0,0.0,0.0,0.0
2015,11,25,81,71.8,75.1,1,29.5,0,0.0,0.0,0.0
2015,11,26,81.4,72.3,74.7,1.3,29.5,0,0.0,0.0,0.0
2015,11,27,79.6,69.3,73.1,1.8,29.5,0,0.0,0.0,0.0
2015,11,28,79.5,68.9,73,0.5,29.6,0,0.0,0.0,0.0
2015,11,29,80.1,69.6,72.5,0.8,29.6,0,0.0,0.0,0.0
2015,11,30,81.1,70.1,72.3,1,29.5,0,0.0,0.0,0.0
2015,12,1,81.3,70.9,72.5,1.4,29.5,0,49.0,0.0,24.5
2015,12,2,82.3,71.6,72.4,1.1,29.5,0,0.0,0.0,0.0
2015,12,3,81.4,73.5,78.4,1.3,29.5,0.03,21.0,0.0,10.5
2015,12,4,78.4,72.6,82.6,0,29.5,0.18,0.0,0.0,0.0
2015,12,5,76,67,74.9,2.5,29.5,0.29,4.0,0.0,2.0
2015,12,6,76.6,66,70.5,1.4,29.6,0,0.0,0.0,0.0
2015,12,7,72.6,69.5,89.9,1.4,29.6,0.65,0.0,0.0,0.0
2015,12,8,74.6,69,84,0.8,29.6,0.61,0.0,0.0,0.0
2015,12,9,77.5,69.4,77.1,0.6,29.5,0,0.0,0.0,0.0
2015,12,10,76.6,66.5,72.6,0.9,29.5,0,0.0,0.0,0.0
2015,12,11,75.6,63.9,69.6,1.3,29.4,0,0.0,0.0,0.0
2015,12,12,75.8,62.8,67,0.6,29.4,0,0.0,0.0,0.0
2015,12,13,77.3,65.6,68.9,1.3,29.5,0,0.0,0.0,0.0
2015,12,14,78.3,66.5,69.9,0.6,29.5,0,0.0,0.0,0.0
2015,12,15,77.8,65.4,68.5,0.3,29.5,0,0.0,0.0,0.0
2015,12,16,78.4,68.1,72.4,1.5,29.5,0,0.0,0.0,0.0
2015,12,17,77.1,65.3,68.5,1.1,29.5,0,0.0,0.0,0.0
2015,12,18,75.1,60.3,61.4,1.1,29.6,0,0.0,0.0,0.0
2015,12,19,72.8,61.9,71.1,0.8,29.6,0,0.0,0.0,0.0
2015,12,20,74,63.5,71.9,0.8,29.6,0,0.0,0.0,0.0
2015,12,21,74,64,73.3,0.8,29.6,0,0.0,0.0,0.0
2015,12,22,75.8,64.8,71.1,0.8,29.6,0,0.0,0.0,0.0
2015,12,23,81.4,67.4,65.5,1,29.5,0,0.0,0.0,0.0
2015,12,24,82,68.5,65.9,1,29.5,0,0.0,0.0,0.0
2015,12,25,83.4,72.9,71.5,0.4,29.5,0,0.0,0.0,0.0
2015,12,26,82,73.1,76.3,0.4,29.5,0,0.0,0.0,0.0
2015,12,27,81.3,73,77.4,0.8,29.6,0,0.0,0.0,0.0
2015,12,28,80.1,70.5,74.5,0.8,29.6,0,0.0,0.0,0.0
2015,12,29,80.9,69.6,70.8,1.5,29.6,0.02,0.0,0.0,0.0
2015,12,30,78.3,67.4,72.1,1.8,29.6,0.02,0.0,0.0,0.0
2015,12,31,76.9,65.8,71,0.5,29.6,0,0.0,0.0,0.0
2016,1,1,77.9,64.3,64.8,2.1,29.6,0,0.0,0.0,0.0
2016,1,2,74.1,62.9,70.3,1,29.6,0,0.0,0.0,0.0
2016,1,3,75,61.8,67.6,0.8,29.6,0,0.0,0.0,0.0
2016,1,4,75.9,59.8,61.6,2.5,29.6,0,0.0,0.0,0.0
2016,1,5,76.3,63.8,69.4,1.3,29.5,0,0.0,0.0,0.0
2016,1,6,75.8,60.5,62.9,1,29.5,0,0.0,0.0,0.0
2016,1,7,75.9,61.4,63.5,0.9,29.5,0,0.0,0.0,0.0
2016,1,8,76,61.1,64,1.9,29.5,0,0.0,0.0,0.0
2016,1,9,77.4,60.1,58.5,2.6,29.5,0,0.0,0.0,0.0
2016,1,10,75.5,60.3,61.3,2,29.5,0,0.0,0.0,0.0
2016,1,11,72.5,55.1,60.4,1.1,29.5,0,0.0,0.0,0.0
2016,1,12,72.5,56.6,62,0.8,29.5,0,0.0,0.0,0.0
2016,1,13,75.4,60.9,64,0.6,29.5,0,0.0,0.0,0.0
2016,1,14,79.5,64.8,62.9,3.8,29.4,0,0.0,0.0,0.0
2016,1,15,81.8,64,55.3,5.8,29.4,0,0.0,0.0,0.0
2016,1,16,80.5,61.1,55.1,4,29.4,0,0.0,0.0,0.0
2016,1,17,77.4,56.5,52.4,1.5,29.4,0,0.0,0.0,0.0
2016,1,18,77.3,55.8,50.6,1.3,29.4,0,0.0,0.0,0.0
2016,1,19,76.6,58.8,56.1,0.9,29.4,0,0.0,0.0,0.0
2016,1,20,81.5,65.9,60,1.1,29.5,0,0.0,0.0,0.0
2016,1,21,84.4,67.6,57.9,4.4,29.5,0,0.0,0.0,0.0
2016,1,22,86.5,65.9,51.9,4.9,29.5,0,0.0,0.0,0.0
2016,1,23,84.6,66.3,56.3,1.4,29.5,0,0.0,0.0,0.0
2016,1,24,75.8,64.8,68.5,3.1,29.6,0,0.0,0.0,0.0
2016,1,25,61.5,55.6,81.8,3.8,29.8,0.32,0.0,0.0,0.0
2016,1,26,55.4,52.8,91.3,0.4,29.7,0.92,0.0,0.0,0.0
2016,1,27,59.3,55.3,87,2,29.7,0.61,0.0,0.0,0.0
2016,1,28,69.1,59.6,73.4,1.4,29.6,0.44,0.0,0.0,0.0
2016,1,29,75,63,70,2.5,29.5,0,0.0,0.0,0.0
2016,1,30,76.4,59,59.4,2,29.5,0,0.0,0.0,0.0
2016,1,31,77.4,55.4,51.5,3,29.4,0,0.0,0.0,0.0
2016,2,1,76.6,57.4,55.6,0.6,29.5,0,0.0,0.0,0.0
2016,2,2,76.5,62.6,66.1,0.4,29.5,0,0.0,0.0,0.0
2016,2,3,78.1,65.4,67.5,1,29.5,0,0.0,0.0,0.0
2016,2,4,77.5,64.8,67.6,0.6,29.5,0,0.0,0.0,0.0
2016,2,5,78.6,65.1,66.8,1.1,29.5,0,0.0,0.0,0.0
2016,2,6,76.4,61.6,62.9,1.9,29.5,0,0.0,0.0,0.0
2016,2,7,72.6,54.5,54.5,3.4,29.7,0,0.0,0.0,0.0
2016,2,8,67.5,46,53.3,1.5,29.6,0,0.0,0.0,0.0
2016,2,9,65.5,45.5,54.8,1.1,29.6,0,0.0,0.0,0.0
2016,2,10,68.4,48.9,57,1,29.5,0,0.0,0.0,0.0
2016,2,11,71.5,54.5,59.5,0,29.5,0,0.0,0.0,0.0
2016,2,12,75.9,51.9,49,1.9,29.4,0,0.0,0.0,0.0
2016,2,13,78,53.8,48.6,0.4,29.4,0,0.0,0.0,0.0
2016,2,14,78.6,58,53.6,0.3,29.4,0,0.0,0.0,0.0
2016,2,15,80.5,59.8,51.9,0.8,29.5,0,0.0,0.0,0.0
2016,2,16,81.9,64.1,58,1,29.5,0,0.0,0.0,0.0
2016,2,17,81.4,67.8,65.8,0.5,29.5,0,0.0,0.0,0.0
2016,2,18,82,66.1,61.8,0.6,29.5,0,0.0,0.0,0.0
2016,2,19,85,60.6,48,4.8,29.5,0,0.0,0.0,0.0
2016,2,20,83.8,62.4,51,0.9,29.5,0,0.0,0.0,0.0
2016,2,21,83.5,67.8,59.9,2.1,29.5,0,0.0,0.0,0.0
2016,2,22,84.3,63,51.1,2.1,29.5,0,0.0,0.0,0.0
2016,2,23,85.9,67.3,55.3,0.6,29.5,0,0.0,0.0,0.0
2016,2,24,85.5,69.4,59.1,1.1,29.5,0,0.0,0.0,0.0
2016,2,25,81.9,63.6,55,3.1,29.6,0,0.0,0.0,0.0
2016,2,26,79.9,58.4,51.5,0.4,29.6,0,0.0,0.0,0.0
2016,2,27,78.6,61.4,57.1,3.4,29.6,0,0.0,0.0,0.0
2016,2,28,80.6,63.4,58,1.6,29.6,0,0.0,0.0,0.0
2016,2,29,82,63.4,56.4,0.4,29.6,0,0.0,0.0,0.0
2016,3,1,81.5,59.4,49.5,0.8,29.6,0,0.0,0.0,0.0
2016,3,2,78.5,54.8,49.4,0.3,29.6,0,0.0,0.0,0.0
2016,3,3,79.1,57.5,51.5,0,29.5,0,0.0,0.0,0.0
2016,3,4,83.4,62.8,52.3,0.6,29.4,0,0.0,0.0,0.0
2016,3,5,86.1,67.1,55.1,0.9,29.4,0,0.0,0.0,0.0
2016,3,6,85.9,65.5,52.3,0,29.4,0,0.0,0.0,0.0
2016,3,7,88.6,60.1,40,2.1,29.4,0,0.0,0.0,0.0
2016,3,8,90.4,60.9,39.5,6.6,29.4,0,0.0,0.0,0.0
2016,3,9,90.1,56,32.3,4.8,29.4,0,0.0,0.0,0.0
2016,3,10,92.6,61,35.5,3.8,29.4,0,0.0,0.0,0.0
2016,3,11,90,67.6,48.8,0.8,29.4,0,0.0,0.0,0.0
2016,3,12,88.4,68.9,54.4,2.6,29.4,0,0.0,0.0,0.0
2016,3,13,89.6,65.6,46.5,6.6,29.4,0,0.0,0.0,0.0
2016,3,14,90.5,66.4,46.8,2.5,29.4,0,0.0,0.0,0.0
2016,3,15,91.5,63.6,41.5,4.1,29.4,0,0.0,0.0,0.0
2016,3,16,90.3,60.8,38.1,7.4,29.4,0,0.0,0.0,0.0
2016,3,17,91,65.9,46.4,5.4,29.4,0,0.0,0.0,0.0
2016,3,18,92.4,64.4,42.8,7.1,29.4,0,0.0,0.0,0.0
2016,3,19,90.8,61.9,40.1,6.8,29.4,0,0.0,0.0,0.0
2016,3,20,92.4,60,34.4,6.9,29.4,0,0.0,0.0,0.0
2016,3,21,92.3,61.8,37.6,7.3,29.3,0,0.0,0.0,0.0
2016,3,22,90.5,62,39.5,6.5,29.3,0,0.0,0.0,0.0
2016,3,23,91.1,64.8,43.5,7.6,29.3,0,0.0,0.0,0.0
2016,3,24,91.8,65.5,44.6,17.4,29.4,0,0.0,0.0,0.0
2016,3,25,88.8,68,51.6,2.8,29.4,0,0.0,0.0,0.0
2016,3,26,86.9,64.9,48.5,2.4,29.5,0,0.0,0.0,0.0
2016,3,27,85,71.3,64.1,1.6,29.5,0,0.0,0.0,0.0
2016,3,28,85.4,69.3,59.8,2.9,29.5,0,0.0,0.0,0.0
2016,3,29,85.9,70,60.5,2.3,29.5,0,0.0,0.0,0.0
2016,3,30,88.5,66.6,50,2.1,29.5,0,0.0,0.0,0.0
2016,3,31,91.3,66.3,44.8,6.4,29.4,0,0.0,0.0,0.0
2016,4,1,90.5,67.5,47.5,4.8,29.4,0,0.0,0.0,0.0
2016,4,2,90.4,66.4,45.5,3.6,29.4,0,0.0,0.0,0.0
2016,4,3,92.4,63.5,42,4.6,29.4,0,0.0,0.0,0.0
2016,4,4,93.1,63.4,37.8,7.9,29.4,0,0.0,0.0,0.0
2016,4,5,92.1,64.4,40.5,8.8,29.3,0,0.0,0.0,0.0
2016,4,6,92.1,67.5,45.5,10.5,29.4,0,0.0,0.0,0.0
2016,4,7,93.4,68.8,46.3,9.6,29.4,0,0.0,0.0,0.0
2016,4,8,92.6,67.8,44.8,5.9,29.4,0,0.0,0.0,0.0
2016,4,9,93.6,68.4,45.5,7.4,29.4,0,0.0,0.0,0.0
2016,4,10,93.4,69.3,46.1,10.1,29.4,0,0.0,0.0,0.0
2016,4,11,94,70.1,47.3,10.9,29.3,0,0.0,0.0,0.0
2016,4,12,92.1,70.6,50.9,13.5,29.3,0,0.0,0.0,0.0
2016,4,13,91.4,70.1,50.9,13.8,29.3,0,0.0,0.0,0.0
2016,4,14,92.4,70.8,50.8,10.3,29.3,0,0.0,0.0,0.0
2016,4,15,93.8,70.5,48.4,10.4,29.3,0,0.0,0.0,0.0
2016,4,16,94.8,68.3,44.1,9,29.3,0,0.0,0.0,0.0
2016,4,17,95.8,69.6,44.4,6.1,29.3,0,0.0,0.0,0.0
2016,4,18,95.5,68.6,43.5,6.3,29.3,0,0.0,0.0,0.0
2016,4,19,95.9,70,44.4,3.1,29.4,0,0.0,0.0,0.0
2016,4,20,95.9,63.1,34.5,7.5,29.4,0,0.0,0.0,0.0
2016,4,21,93.9,67.8,43.4,9.1,29.3,0,0.0,0.0,0.0
2016,4,22,92.5,67.4,44.5,8.8,29.3,0,0.0,0.0,0.0
2016,4,23,92,68.1,46.3,9.3,29.3,0,0.0,0.0,0.0
2016,4,24,92.4,67.3,45.1,10.3,29.3,0,0.0,0.0,0.0
2016,4,25,93.3,69.4,46.3,10.3,29.3,0,0.0,0.0,0.0
2016,4,26,95.9,70.5,44.8,7.4,29.3,0,0.0,0.0,0.0
2016,4,27,96.3,71.4,45.4,8.9,29.3,0,0.0,0.0,0.0
2016,4,28,96.1,71.4,46.4,4.5,29.3,0,0.0,0.0,0.0
2016,4,29,90.9,75.4,61.1,1.8,29.3,0.21,0.0,0.0,0.0
2016,4,30,89.5,72.6,58.5,3.8,29.4,0.21,0.0,0.0,0.0
2016,5,1,90.1,70.6,56,4.8,29.3,0,0.0,0.0,0.0
2016,5,2,93,69.3,47.3,5.4,29.3,0,0.0,0.0,0.0
2016,5,3,94.3,69.9,47,4.9,29.3,0,0.0,0.0,0.0
2016,5,4,92.1,69.4,48.4,2.9,29.3,0,0.0,0.0,0.0
2016,5,5,95.1,67.6,44.1,3.8,29.3,0,0.0,0.0,0.0
2016,5,6,96.5,65.4,37.5,9,29.3,0,0.0,0.0,0.0
2016,5,7,98,62.3,32,5.1,29.3,0,0.0,0.0,0.0
2016,5,8,97,64.4,35.3,6.8,29.3,0,0.0,0.0,0.0
2016,5,9,96.4,66.8,39.4,7.3,29.3,0,0.0,0.0,0.0
2016,5,10,97.4,64.9,36.1,8.4,29.3,0,0.0,0.0,0.0
2016,5,11,98,66.8,37.1,7.3,29.3,0,0.0,0.0,0.0
2016,5,12,96.3,67.5,40.5,7.1,29.2,0,0.0,0.0,0.0
2016,5,13,95.4,69.4,44,8,29.3,0,0.0,0.0,0.0
2016,5,14,91.9,72.9,55.9,4.1,29.4,0,0.0,0.0,0.0
2016,5,15,91.3,71.5,57.9,3.8,29.4,0.26,0.0,0.0,0.0
2016,5,16,87.3,74,68.3,1.4,29.4,1.46,0.0,0.0,0.0
2016,5,17,90,73.9,60.4,2.4,29.3,0,0.0,0.0,0.0
2016,5,18,92,73.6,55.8,3.1,29.3,0,0.0,0.0,0.0
2016,5,19,91.3,73,57.1,5.3,29.3,0,0.0,0.0,0.0
2016,5,20,91,73.1,56.9,3.9,29.3,0,0.0,0.0,0.0
2016,5,21,88.6,71.4,57.4,5.3,29.3,0,0.0,0.0,0.0
2016,5,22,84.3,73.3,69.6,2.9,29.3,0.09,0.0,0.0,0.0
2016,5,23,82.8,74.5,76.4,1.9,29.3,0.83,0.0,0.0,0.0
2016,5,24,85.9,72.1,64.3,6.8,29.2,0.74,0.0,0.0,0.0
2016,5,25,83.6,72.4,69.9,5.1,29.2,0.17,0.0,0.0,0.0
2016,5,26,87.8,71.8,59,7.5,29.2,0.17,0.0,0.0,0.0
2016,5,27,88.9,71.1,56.9,10,29.3,0,0.0,0.0,0.0
2016,5,28,89.5,71.6,56.4,9.4,29.3,0,0.0,0.0,0.0
2016,5,29,88.3,73.9,63.4,5,29.3,0,0.0,0.0,0.0
2016,5,30,85.1,75.1,72.8,4.1,29.3,0,0.0,0.0,0.0
2016,5,31,80.9,76.3,86.4,0.6,29.4,0.87,0.0,0.0,0.0
2016,6,1,81.4,76.9,86.8,1.5,29.4,0.2,0.0,0.0,0.0
2016,6,2,83.6,76.5,79.9,1.8,29.3,0.24,0.0,0.0,0.0
2016,6,3,83.1,75.5,78.1,2.8,29.3,0.02,0.0,0.0,0.0
2016,6,4,84.6,75.4,75.9,1.5,29.4,0.41,0.0,0.0,0.0
2016,6,5,85.4,74,69.6,4.9,29.4,0.42,0.0,0.0,0.0
2016,6,6,86.5,74,66.1,4,29.4,0,0.0,0.0,0.0
2016,6,7,85.4,72.9,66.9,6.8,29.4,0.04,0.0,0.0,0.0
2016,6,8,82.6,71.3,69.5,7,29.4,0.44,0.0,0.0,0.0
2016,6,9,82.9,72.1,70,3.5,29.4,0.02,0.0,0.0,0.0
2016,6,10,83.5,73.3,71.3,5.5,29.4,0.05,0.0,0.0,0.0
2016,6,11,80.3,74.5,82.4,3.8,29.3,0.08,0.0,0.0,0.0
2016,6,12,81.5,74,78.3,2.5,29.3,0.09,0.0,0.0,0.0
2016,6,13,84.1,73.1,70.1,5.3,29.3,0,0.0,0.0,0.0
2016,6,14,85.6,72.5,66.1,5.4,29.3,0.02,0.0,0.0,0.0
2016,6,15,81.1,75.6,83.1,1.3,29.3,0.13,0.0,0.0,0.0
2016,6,16,83.8,74.4,74.9,2,29.3,0.13,0.0,0.0,0.0
2016,6,17,83.3,75.6,78.8,2.1,29.3,0.01,0.0,0.0,0.0
2016,6,18,81.6,76.3,84.9,1.3,29.4,0.28,0.0,0.0,0.0
2016,6,19,82,75.8,83.1,1.6,29.4,1.03,0.0,0.0,0.0
2016,6,20,85.1,74.8,72.6,3.1,29.3,0.93,0.0,0.0,0.0
2016,6,21,85.8,73.5,67.3,2.8,29.3,0,0.0,0.0,0.0
2016,6,22,86.9,75.9,70.4,0.8,29.3,0,0.0,0.0,0.0
2016,6,23,85.9,76.8,75.5,1.3,29.3,0.08,0.0,0.0,0.0
2016,6,24,81.6,77.4,86.5,1.4,29.3,0.28,0.0,0.0,0.0
2016,6,25,81.3,76.6,86.6,1.8,29.3,0.3,0.0,0.0,0.0
2016,6,26,80.9,75.9,86,1.5,29.3,1.62,0.0,0.0,0.0
2016,6,27,84.5,74.5,73.3,2.9,29.3,1.64,0.0,0.0,0.0
2016,6,28,87.5,72.9,62.5,7.5,29.3,0,0.0,0.0,0.0
2016,6,29,85.3,75.3,73.4,3,29.3,0.13,0.0,0.0,0.0
2016,6,30,83.3,74.3,74.8,4.3,29.3,0.52,0.0,0.0,0.0
2016,7,1,83.6,75.4,77.1,3.8,29.3,0.57,0.0,0.0,0.0
2016,7,2,82.6,75.4,79.5,0.8,29.4,0.35,0.0,0.0,0.0
2016,7,3,82.6,77.4,85.3,0.9,29.4,0.4,0.0,0.0,0.0
2016,7,4,84.5,73,68.5,6,29.4,0,0.0,0.0,0.0
2016,7,5,81,73,76,6,29.3,0,0.0,0.0,0.0
2016,7,6,78.7,76,91.7,1.7,29.3,0.25,0.0,0.0,0.0
2016,7,7,82,76.4,84.4,1.8,29.3,0.46,0.0,0.0,0.0
2016,7,8,79.4,75.4,87.9,2.3,29.3,1.31,0.0,0.0,0.0
2016,7,9,81.8,73.4,75.8,3.4,29.3,1.16,0.0,0.0,0.0
2016,7,10,82.1,73.1,73.8,3.1,29.3,0,0.0,0.0,0.0
2016,7,11,80,74.7,84.7,0,29.3,0,0.0,0.0,0.0
2016,7,15,84.7,74.3,72.7,4.7,29.3,0.05,0.0,0.0,0.0
2016,7,17,90.3,73.5,58.5,8.5,29.4,0,0.0,0.0,0.0
2016,7,18,88.5,72.4,59.5,7.4,29.3,0,0.0,0.0,0.0
2016,7,19,87.3,73.8,64.3,4.9,29.3,0.46,0.0,0.0,0.0
2016,7,20,82.4,76.1,81.3,2.9,29.3,0.5,3.5,0.0,1.75
2016,7,21,80.5,75.3,84.9,1,29.4,0.35,14.0,0.0,7.0
2016,7,22,80.9,75,83,0.4,29.4,1.62,0.0,0.0,0.0
2016,7,23,82.1,74.5,79.4,3.8,29.4,0.12,1.5,0.0,0.75
2016,7,24,81.8,75,81,1.3,29.4,0.12,0.0,0.0,0.0
2016,7,25,80.4,74.8,84.5,0,29.4,0.24,0.0,0.0,0.0
2016,7,26,85.6,74,69.9,4,29.3,0.23,0.0,0.0,0.0
2016,7,27,85.4,73,66.8,6.3,29.3,0.27,0.5,0.0,0.25
2016,7,28,85.6,74.5,69.9,5.3,29.3,0,2.5,0.0,1.25
2016,7,29,82.4,76.3,82.3,1,29.3,0,2.5,0.0,1.25
2016,7,30,80.3,76,87.4,0.9,29.3,0.81,0.5,0.0,0.25
2016,7,31,80.9,74.3,81.1,2.4,29.3,0.11,0.0,0.0,0.0
2016,8,1,83.7,72.7,69.9,3.4,29.3,0.04,0.0,0.0,0.0
2016,8,2,83.9,73.3,70.4,5.1,29.2,0,0.0,0.0,0.0
2016,8,3,84.8,72.5,67.4,6.6,29.2,0.03,0.0,0.0,0.0
2016,8,4,83.6,72.1,68.8,6.9,29.3,0.03,1.0,0.0,0.5
2016,8,5,82.6,73.4,74.3,3.6,29.3,0,1.0,0.0,0.5
2016,8,6,84,73.3,71.5,5,29.3,0,0.0,0.0,0.0
2016,8,7,85.1,70.6,62.1,8.5,29.3,0,4.5,0.0,2.25
2016,8,8,84.4,71.9,67,7.9,29.3,0.17,0.0,0.0,0.0
2016,8,9,84.1,72.8,69.8,6.1,29.3,0.17,0.0,0.0,0.0
2016,8,10,85.1,72.9,66.1,7,29.3,0,0.0,0.0,0.0
2016,8,11,85.6,71.9,63.6,8.4,29.3,0,0.0,0.0,0.0
2016,8,12,83.4,71.6,67.5,10.9,29.3,0,0.0,0.0,0.0
2016,8,13,82.8,71.6,68.4,9,29.2,0.01,0.0,0.0,0.0
2016,8,14,82.9,72.9,71.4,9.9,29.2,0.13,0.0,0.0,0.0
2016,8,15,80.8,72.9,77.3,4.8,29.2,0.37,0.0,0.0,0.0
2016,8,16,80.5,75.8,85.5,0.8,29.2,0.24,2.5,0.0,1.25
2016,8,17,81.8,74.5,79.4,2.9,29.2,0.23,0.5,0.0,0.25
2016,8,18,83.5,72.3,69.8,6.1,29.2,0,0.0,0.0,0.0
2016,8,19,83.5,71.6,67.3,7.5,29.1,0,0.0,0.0,0.0
2016,8,20,85.6,72.5,65.1,6.3,29.2,0,0.0,0.0,0.0
2016,8,21,83,73.1,73.3,3,29.3,0,0.0,0.0,0.0
2016,8,22,86.9,73,63.3,8.4,29.3,0,4.5,0.0,2.25
2016,8,23,83.4,75.3,77.1,5.4,29.2,0.48,0.5,0.0,0.25
2016,8,24,85.6,74.4,70.8,2.8,29.2,0.48,3.5,0.0,1.75
2016,8,25,83.6,76.5,79.1,0.6,29.3,0.23,11.5,0.0,5.75
2016,8,26,83.9,76.8,79.3,2,29.3,0.23,0.0,0.0,0.0
2016,8,27,83.6,77.1,81.8,0.3,29.4,0,6.0,0.0,3.0
2016,8,28,82.8,78,86,0,29.4,0.61,6.0,0.0,3.0
2016,8,29,81.4,75.9,83.9,1.8,29.3,0.68,0.0,0.0,0.0
2016,8,30,83.6,75.9,78.5,1.5,29.3,0.1,0.0,0.0,0.0
2016,8,31,81.9,75.4,81.1,1.9,29.4,0.18,0.0,0.0,0.0
2016,9,1,82.1,74,76.9,4.3,29.4,0.18,0.0,0.0,0.0
2016,9,2,83.8,72.4,69.4,7.3,29.3,0,0.0,0.0,0.0
2016,9,3,82.8,71.6,69.8,5,29.3,0.02,0.0,0.0,0.0
2016,9,4,85.3,71,63.6,5.6,29.4,0.02,0.0,0.0,0.0
2016,9,5,83.9,71.8,66.9,7.5,29.3,0,0.0,0.0,0.0
2016,9,6,85.1,71.6,63.6,3.9,29.3,0,8.5,0.0,4.25
2016,9,7,83.8,74.5,74.8,0.6,29.3,0,3.0,0.0,1.5
2016,9,8,81.3,75.3,82.5,1,29.3,0.69,0.0,0.0,0.0
2016,9,9,83.6,72.5,69.1,4,29.4,0,0.0,0.0,0.0
2016,9,10,85,72,65.5,6.9,29.3,0,0.0,0.0,0.0
2016,9,11,83.4,73.9,73.3,3.3,29.3,0.41,3.0,0.0,1.5
2016,9,12,81.5,74.1,78.9,0.6,29.3,0.8,9.0,0.0,4.5
2016,9,13,84.6,75.8,76.3,1.9,29.3,0.05,11.0,0.0,5.5
2016,9,14,77.1,74.3,90.5,1.8,29.3,3.19,0.0,0.0,0.0
2016,9,15,82.4,73.4,75.4,2.1,29.3,3.18,0.0,0.0,0.0
2016,9,16,85.1,72.9,68.5,3.5,29.3,0,0.0,0.0,0.0
2016,9,17,86.8,75,68.9,0.8,29.3,0,0.0,0.0,0.0
2016,9,18,84.8,75.6,74.1,2.5,29.3,0,1.5,0.0,0.75
2016,9,19,84.1,76.5,78.5,1.3,29.3,0.01,17.5,0.0,8.75
2016,9,20,80.1,75.9,87.1,0,29.3,0.23,1.5,0.0,0.75
2016,9,21,77.8,75,90.9,0,29.4,0.85,0.0,0.0,0.0
2016,9,22,79,76,90.1,0.8,29.4,0.86,0.0,0.0,0.0
2016,9,23,81,76.9,87.3,0.4,29.3,0.87,7.5,0.0,3.75
2016,9,24,81.1,76,85,1.6,29.3,0.18,0.0,0.0,0.0
2016,9,25,80.1,76.6,89.1,1.4,29.3,0.04,0.0,0.0,0.0
2016,9,26,80.6,76.5,88.1,0.6,29.3,1.14,0.0,0.0,0.0
2016,9,27,79.6,75.9,88.5,0.8,29.3,1.14,0.0,0.0,0.0
2016,9,28,83.6,75.6,78.5,0.4,29.3,0,0.0,0.0,0.0
2016,9,29,83.5,76,78.4,2.1,29.3,0,7.0,0.0,3.5
2016,9,30,84.1,75.8,77.9,0,29.3,0,0.0,0.0,0.0
2016,10,1,82.8,75.8,80.5,1,29.4,0.34,1.5,0.0,0.75
2016,10,2,82.3,75.8,82.1,1.4,29.4,1.37,10.0,0.0,5.0
2016,10,3,81.5,76.3,84.6,0.6,29.3,1.98,7.0,0.0,3.5
2016,10,4,81.4,76.6,86.6,0.6,29.3,0.61,1.0,0.0,0.5
2016,10,5,80.8,76.1,87,0.8,29.3,1.63,2.5,0.0,1.25
2016,10,6,78.6,75.5,91.1,0,29.4,2.8,0.5,0.0,0.25
2016,10,7,79.6,76.6,90.8,0.5,29.4,1.78,0.0,0.0,0.0
2016,10,8,83.8,75.3,77.1,0.9,29.4,0.77,0.0,0.0,0.0
2016,10,9,84.5,74.8,73.1,2.8,29.4,0,0.0,0.0,0.0
2016,10,10,86.5,74.1,66.8,4.4,29.4,0,6.5,0.0,3.25
2016,10,11,85.4,74.8,71.1,1.8,29.3,0,0.0,0.0,0.0
2016,10,12,83.8,76.3,79.3,1.1,29.4,0.06,0.0,0.0,0.0
2016,10,13,84.3,76.8,79.5,1,29.4,0.06,0.0,0.0,0.0
2016,10,14,85.4,76.6,75.5,0.8,29.3,0,0.0,0.0,0.0
2016,10,15,82.5,76.5,82.8,0.4,29.3,0.05,0.0,0.0,0.0
2016,10,16,79,75.9,90.5,1,29.4,0.28,0.0,0.0,0.0
2016,10,17,81.6,75.4,83.1,0.4,29.4,0.61,0.0,0.0,0.0
2016,10,18,81.9,74.9,80.4,0.4,29.3,0.06,0.0,0.0,0.0
2016,10,19,83.5,74.1,74.9,0.9,29.3,0,0.0,0.0,0.0
2016,10,20,83,75.4,78.8,0.4,29.3,0,6.0,0.0,3.0
2016,10,21,83.1,75.8,79.5,1.1,29.3,0,0.0,0.0,0.0
2016,10,22,84.4,72.9,68.9,5.6,29.3,0,0.0,0.0,0.0
2016,10,23,82.4,72.9,73.8,2.6,29.3,0,1.0,0.0,0.5
2016,10,24,81.5,74,78.6,0.4,29.3,0,1.0,0.0,0.5
2016,10,25,79.6,76.1,88.9,0.6,29.4,0.12,18.0,0.0,9.0
2016,10,26,79.4,76.1,89.9,0.5,29.4,0.68,13.0,0.0,6.5
2016,10,27,79.6,75.9,88.9,1,29.5,1.45,18.0,0.0,9.0
2016,10,28,81.6,76.3,84.4,0.6,29.5,0.22,5.0,0.0,2.5
2016,10,29,78.8,73.9,85.5,1.1,29.5,1.43,0.0,0.0,0.0
2016,10,30,79.9,74.6,85.1,0.8,29.5,1.52,0.0,0.0,0.0
2016,10,31,82.6,74.4,77.5,1.9,29.5,0.07,0.0,0.0,0.0
2016,11,1,82.5,75,79.4,1.1,29.5,0,0.0,0.0,0.0
2016,11,2,82.5,74.3,77.3,1.4,29.5,0,0.0,0.0,0.0
2016,11,3,81.5,73.3,77.4,1.4,29.5,0,0.0,0.0,0.0
2016,11,4,80.5,72.5,78.3,1,29.5,0,0.0,0.0,0.0
2016,11,5,80.1,72.9,79.6,0.8,29.4,0,0.0,0.0,0.0
2016,11,6,81.1,73.9,79.8,0.4,29.4,0,0.0,0.0,0.0
2016,11,7,82.1,74.8,79.6,1.3,29.4,0,16.0,0.0,8.0
2016,11,8,80.6,76.4,86.9,0,29.4,0.48,3.5,0.0,1.75
2016,11,9,78.9,76.5,92.3,1.4,29.5,0.49,6.5,0.0,3.25
2016,11,10,77.4,75.9,94.6,0.3,29.5,2.08,0.0,0.0,0.0
2016,11,11,77.9,75.1,91.3,0.4,29.5,3.35,0.0,0.0,0.0
2016,11,12,79.6,74.3,84.8,0.3,29.5,1.01,0.0,0.0,0.0
2016,11,13,81,73.8,80.4,0.5,29.5,0,0.0,0.0,0.0
2016,11,14,81.1,72.6,77.6,0,29.5,0,0.0,0.0,0.0
2016,11,15,81.4,74.4,80.3,0.5,29.5,0,0.0,0.0,0.0
2016,11,16,80.9,74,81.5,0,29.5,0,0.0,0.0,0.0
2016,11,17,79.6,71.9,78.8,0,29.5,0,0.0,0.0,0.0
2016,11,18,78.4,70.6,78.6,0.8,29.4,0,0.0,0.0,0.0
2016,11,19,78.5,70.8,78.6,0.9,29.4,0,0.0,0.0,0.0
2016,11,20,80.4,73.5,80.9,1.3,29.4,0,0.0,0.0,0.0
2016,11,21,79.9,70.6,76.1,1.1,29.4,0,0.0,0.0,0.0
2016,11,22,77.3,67,74.3,1.5,29.4,0,0.0,0.0,0.0
2016,11,23,76.6,67.5,75.6,1.4,29.4,0,0.0,0.0,0.0
2016,11,24,78.8,71.8,79.9,0.8,29.4,0,0.0,0.0,0.0
2016,11,25,81.5,75,82.3,0.3,29.4,0,0.0,0.0,0.0
2016,11,26,81.4,74,80.3,1.3,29.4,0,0.0,0.0,0.0
2016,11,27,77.8,74.6,90.6,0.9,29.4,0.05,0.0,0.0,0.0
2016,11,28,79.4,71.6,78.1,0.8,29.5,0.05,0.0,0.0,0.0
2016,11,29,77.4,70.6,80.8,0.6,29.5,0,0.0,0.0,0.0
2016,11,30,76.3,69.3,80.6,0.6,29.6,0,0.0,0.0,0.0
2016,12,1,74.9,69.4,83.4,0.7,29.6,0,0.0,0.0,0.0
2016,12,2,76.1,68.6,79.9,0.4,29.6,0,0.0,0.0,0.0
2016,12,3,77.5,70,79.8,1.4,29.6,0,0.0,0.0,0.0
2016,12,4,77.9,70.9,80,0.9,29.5,0,0.0,0.0,0.0
2016,12,5,78.4,71.9,81.6,0.6,29.5,0,0.0,0.0,0.0
2016,12,6,78.1,69,75.3,1,29.6,0,0.0,0.0,0.0
2016,12,7,77.9,69.4,76.4,1.5,29.5,0,0.0,0.0,0.0
2016,12,8,75.5,69.3,82.1,1.3,29.5,0,0.0,0.0,0.0
2016,12,9,77.1,67.9,74.8,1.3,29.4,0,0.0,0.0,0.0
2016,12,10,75.9,66.3,74.6,1.1,29.4,0,0.0,0.0,0.0
2016,12,11,73.8,65.6,77.1,1,29.4,0,0.0,0.0,0.0
2016,12,12,74.3,65.4,77.1,1,29.4,0,0.0,0.0,0.0
2016,12,13,76.6,68.6,78,0.9,29.4,0,0.0,0.0,0.0
2016,12,14,77.9,70,79,1.1,29.4,0,1.0,0.0,0.5
2016,12,15,76.5,67.3,75.6,1.3,29.5,0,0.0,0.0,0.0
2016,12,16,75.5,69.9,82.8,0.8,29.6,0.03,0.0,0.0,0.0
2016,12,17,74.9,67.5,79.1,0.8,29.6,0.03,0.0,0.0,0.0
2016,12,18,74.9,67.8,79.3,0.9,29.6,0,0.0,0.0,0.0
2016,12,19,77.5,68.8,76,1.1,29.5,0,0.0,0.0,0.0
2016,12,20,78.3,68.3,74,1.1,29.5,0,0.0,0.0,0.0
2016,12,21,78.9,68.5,72.6,1.1,29.4,0,0.0,0.0,0.0
2016,12,22,77.8,69,76.1,1.3,29.5,0,0.0,0.0,0.0
2016,12,23,78.4,69.6,77,0.5,29.5,0,0.0,0.0,0.0
2016,12,24,79.4,70.1,75.4,1,29.5,0,0.0,0.0,0.0
2016,12,25,80.1,70,72.6,1.1,29.5,0,0.0,0.0,0.0
2016,12,26,78.9,70.1,76.6,1,29.4,0,0.0,0.0,0.0
2016,12,27,77,66.4,73.1,0.8,29.5,0,0.0,0.0,0.0
2016,12,28,73.6,64.8,74.9,0.9,29.5,0,0.0,0.0,0.0
2016,12,29,72.5,62.3,72.6,2,29.6,0,0.0,0.0,0.0
2016,12,30,71.4,60.5,72,0.6,29.6,0,0.0,0.0,0.0
2016,12,31,74.5,62.4,68,1.1,29.6,0,0.0,0.0,0.0
2017,1,1,74.4,66,75.4,2.5,29.6,0,0.0,0.0,0.0
2017,1,2,76.1,67.9,76.8,2.3,29.6,0,0.0,0.0,0.0
2017,1,3,78.8,70.4,77,1.8,29.5,0,32.0,0.0,16.0
2017,1,4,77.8,70.3,79.3,0.6,29.5,0,0.0,0.0,0.0
2017,1,5,71,67,88,3,29.5,0.94,0.0,0.0,0.0
2017,1,6,74.5,67,78.8,1.3,29.4,0.01,0.0,0.0,0.0
2017,1,7,77.5,68,74,2.3,29.4,0,0.0,0.0,0.0
2017,1,8,77.8,69.5,76.6,1.1,29.4,0,0.5,0.0,0.25
2017,1,9,77.5,71.4,81,0.5,29.4,0,1.5,0.0,0.75
2017,1,10,75.9,72.9,90.9,0,29.4,0.07,9.0,0.0,4.5
2017,1,11,75.3,73.4,94.4,1.3,29.4,0.42,0.5,0.0,0.25
2017,1,12,76.8,74.3,91.6,0,29.4,0.55,0.0,0.0,0.0
2017,1,13,76.9,67.4,74.1,1.4,29.4,0.1,0.0,0.0,0.0
2017,1,14,76,67.6,77.3,0.8,29.4,0,0.0,0.0,0.0
2017,1,15,77.5,69.5,78.8,1.1,29.5,0,0.0,0.0,0.0
2017,1,16,78.1,69,75.6,1.4,29.5,0,0.0,0.0,0.0
2017,1,17,77.9,69.9,78,0.6,29.5,0,0.0,0.0,0.0
2017,1,18,79.8,71.8,77.5,0.6,29.5,0,0.0,0.0,0.0
2017,1,19,80.4,71.9,76.8,0.3,29.5,0,0.0,0.0,0.0
2017,1,20,79.5,71.5,78.1,0.3,29.5,0,0.0,0.0,0.0
2017,1,21,78.6,69.6,76.3,0,29.6,0,0.0,0.0,0.0
2017,1,22,77.5,67.5,73.4,0.6,29.6,0,0.0,0.0,0.0
2017,1,23,75.4,66.1,74.5,1,29.6,0,0.0,0.0,0.0
2017,1,24,74,62.9,71.1,0.9,29.6,0,0.0,0.0,0.0
2017,1,25,74.4,62.8,70.4,1.6,29.6,0,0.0,0.0,0.0
2017,1,26,75.9,65,71.4,0.9,29.6,0,0.0,0.0,0.0
2017,1,27,76.1,65.1,71.5,0.9,29.5,0,0.0,0.0,0.0
2017,1,28,76.4,63.8,68.3,1.3,29.5,0,0.0,0.0,0.0
2017,1,29,77.1,64.5,68.6,0.4,29.5,0,0.0,0.0,0.0
2017,1,30,77.6,65.5,68.6,0.6,29.5,0,0.0,0.0,0.0
2017,1,31,76.8,63.3,66.6,1.3,29.5,0,0.0,0.0,0.0
2017,2,1,76.3,64,69.1,0.6,29.5,0,0.0,0.0,0.0
2017,2,2,76.5,63.5,67.9,1.5,29.5,0,0.0,0.0,0.0
2017,2,3,79,66.5,67.5,1.1,29.5,0,0.0,0.0,0.0
2017,2,4,79.5,67.6,69.6,0,29.5,0,0.0,0.0,0.0
2017,2,5,78.8,61.5,59.9,1.8,29.4,0,0.0,0.0,0.0
2017,2,6,78.6,59.3,56.8,3.9,29.4,0,0.0,0.0,0.0
2017,2,7,81.9,55.4,41.8,6.5,29.4,0,0.0,0.0,0.0
2017,2,8,79.4,54.9,46,3.1,29.4,0,0.0,0.0,0.0
2017,2,9,77.1,60.5,60.6,1.4,29.4,0,0.0,0.0,0.0
2017,2,10,79.3,64.4,64,1.1,29.4,0,0.0,0.0,0.0
2017,2,11,78.8,64.9,64.9,1.8,29.5,0,0.0,0.0,0.0
2017,2,12,75.3,61.9,65.3,1.8,29.6,0,0.0,0.0,0.0
2017,2,13,74.3,60.9,66.3,1.3,29.6,0,0.0,0.0,0.0
2017,2,14,73.8,60.6,67.1,0.6,29.7,0,0.0,0.0,0.0
2017,2,15,74.3,59.9,65.1,1,29.6,0,0.0,0.0,0.0
2017,2,16,75.6,61.4,65.3,0,29.6,0,0.0,0.0,0.0
2017,2,17,76.4,63,67.4,0.6,29.6,0,0.0,0.0,0.0
2017,2,18,77.9,61.9,61.8,1.8,29.6,0,0.0,0.0,0.0
2017,2,19,78.3,62.3,62,0.8,29.5,0,0.0,0.0,0.0
2017,2,20,80.1,61,56.9,3.5,29.4,0,0.0,0.0,0.0
2017,2,21,82.3,59.4,49,4,29.4,0,0.0,0.0,0.0
2017,2,22,83,59.6,49.3,1.1,29.4,0,0.0,0.0,0.0
2017,2,23,83.6,61.5,49.9,1.8,29.4,0,0.0,0.0,0.0
2017,2,24,87.1,59.8,42.9,3.8,29.4,0,0.0,0.0,0.0
2017,2,25,85.3,61.8,47.4,1.4,29.4,0,0.0,0.0,0.0
2017,2,26,83.3,68.1,61.6,2.4,29.4,0,0.0,0.0,0.0
2017,2,27,84.4,69.9,62.9,0.3,29.4,0,0.0,0.0,0.0
2017,2,28,84,68.3,61.3,2.4,29.4,0,0.0,0.0,0.0
2017,3,1,84.3,67.1,59.1,1.6,29.4,0,0.0,0.0,0.0
2017,3,2,82.5,63.4,55.5,2.5,29.4,0,0.0,0.0,0.0
2017,3,3,82.1,63.6,56.6,1,29.4,0,0.0,0.0,0.0
2017,3,4,84.8,62.5,51.3,2.8,29.4,0,0.0,0.0,0.0
2017,3,5,87.8,61.9,43.1,4.1,29.3,0,0.0,0.0,0.0
2017,3,6,89.3,56.8,33.9,4.8,29.3,0,0.0,0.0,0.0
2017,3,7,88,60.8,41,3.6,29.3,0,0.0,0.0,0.0
2017,3,8,87.6,67.8,52.8,2.6,29.4,0,0.0,0.0,0.0
2017,3,9,86.9,67.4,53,4.4,29.3,0,0.0,0.0,0.0
2017,3,10,86.1,67.5,56.4,3.9,29.4,0,0.0,0.0,0.0
2017,3,11,89.4,64.9,47.4,5,29.4,0,0.0,0.0,0.0
2017,3,12,89.1,64.9,46.1,9.4,29.4,0,0.0,0.0,0.0
2017,3,13,88.9,61.4,42.8,5.4,29.4,0,0.0,0.0,0.0
2017,3,14,90.9,61.5,39.3,5.4,29.4,0,0.0,0.0,0.0
2017,3,15,87.3,56,38.1,3.6,29.4,0,0.0,0.0,0.0
2017,3,16,87.5,59.3,42.1,3.4,29.3,0,0.0,0.0,0.0
2017,3,17,84.8,71.4,65.4,1.5,29.4,0,0.0,0.0,0.0
2017,3,18,85.5,67.8,56.8,1,29.4,0,0.0,0.0,0.0
2017,3,19,88,59.4,40.1,5,29.4,0,0.0,0.0,0.0
2017,3,20,87.4,57.1,38,3,29.4,0,0.0,0.0,0.0
2017,3,21,88.6,61.6,42.8,6.6,29.4,0,0.0,0.0,0.0
2017,3,22,88.6,61.3,43.6,4.8,29.4,0,0.0,0.0,0.0
2017,3,23,86.6,64.5,50.4,1.5,29.4,0,0.0,0.0,0.0
2017,3,24,90.1,63.4,43,3.1,29.4,0,0.0,0.0,0.0
2017,3,25,87.8,68.6,56.6,1.5,29.4,0,0.0,0.0,0.0
2017,3,26,90.8,68.1,48.6,1.3,29.4,0,0.0,0.0,0.0
2017,3,27,83,70.8,66.8,3,29.5,0,0.0,0.0,0.0
2017,3,28,85.1,70.1,63.4,2,29.5,0,0.0,0.0,0.0
2017,3,29,89.4,69.8,53.8,2,29.4,0,0.0,0.0,0.0
2017,3,30,90.8,67.5,47.3,3.9,29.4,0,0.0,0.0,0.0
2017,3,31,91,65.4,43.8,5.4,29.4,0,0.0,0.0,0.0
2017,4,1,86.3,70,58.8,5,29.4,0,0.0,0.0,0.0
2017,4,2,82.3,71,69.8,1.4,29.5,0,0.0,0.0,0.0
2017,4,3,85.1,69,61,0.9,29.5,0,0.0,0.0,0.0
2017,4,4,88.6,68.5,53,2,29.4,0,0.0,0.0,0.0
2017,4,5,88.5,67,51.9,2.9,29.4,0,0.0,0.0,0.0
2017,4,6,89,68.4,54.6,0.6,29.3,0,0.0,0.0,0.0
2017,4,7,90.8,71.6,55.5,1.9,29.3,0,0.0,0.0,0.0
2017,4,8,91.3,72.3,55.3,1.8,29.3,0,0.0,0.0,0.0
2017,4,9,93,70.8,49.4,3.8,29.3,0,0.0,0.0,0.0
2017,4,10,92.1,71.5,51.4,5.3,29.3,0,0.0,0.0,0.0
2017,4,11,92.8,70.1,48.5,6.5,29.3,0,0.0,0.0,0.0
2017,4,12,90.6,71.8,55.4,4.1,29.3,0.35,0.0,0.0,0.0
2017,4,13,88.6,73,62,2.6,29.4,0.35,0.0,0.0,0.0
2017,4,14,82.5,72.8,73.9,1.8,29.4,0.78,0.0,0.0,0.0
2017,4,15,81.4,74.3,79.4,0,29.4,0.31,0.0,0.0,0.0
2017,4,16,84.4,70.8,67,3.5,29.4,0.19,0.0,0.0,0.0
2017,4,17,82.6,73.5,74.9,3.3,29.4,0.09,0.0,0.0,0.0
2017,4,18,85.1,71.9,65.8,1.8,29.4,0.09,0.0,0.0,0.0
2017,4,19,88.3,69.6,55.4,4,29.3,0,0.0,0.0,0.0
2017,4,20,88.4,67,49.9,8.8,29.4,0,0.0,0.0,0.0
2017,4,21,87.5,65.1,47.9,8.1,29.4,0,0.0,0.0,0.0
2017,4,22,89.3,69.1,52.5,8.1,29.3,0,0.0,0.0,0.0
2017,4,23,88.9,66.5,47.9,7.9,29.3,0,0.0,0.0,0.0
2017,4,24,90,68.3,48.9,8.4,29.4,0,0.0,0.0,0.0
2017,4,25,88.3,68.9,53.1,9.5,29.4,0,0.0,0.0,0.0
2017,4,26,90.9,70.1,51.5,7.1,29.3,0,0.0,0.0,0.0
2017,4,27,91.8,72,52.9,4.6,29.3,0,0.0,0.0,0.0
2017,4,28,87.4,72.5,63.6,3.4,29.4,0.31,0.0,0.0,0.0
2017,4,29,82.5,74,76.9,1.5,29.4,0.37,0.0,0.0,0.0
2017,4,30,86,75.4,71.6,1.6,29.4,0,0.0,0.0,0.0
2017,5,1,90.6,72.4,56.3,4.1,29.4,0,0.0,0.0,0.0
2017,5,2,93,72.6,52.5,7.1,29.4,0,0.0,0.0,0.0
2017,5,3,93.9,71,48,5.5,29.4,0,0.0,0.0,0.0
2017,5,4,90.3,73.6,59.1,3.4,29.4,0,0.0,0.0,0.0
2017,5,5,85.5,74.9,71.6,1,29.4,0,0.0,0.0,0.0
2017,5,6,82.3,73.8,77.8,1.8,29.4,1.2,0.0,0.0,0.0
2017,5,7,83.9,75.4,76.5,2.1,29.4,1.2,0.0,0.0,0.0
2017,5,8,85,73,69.4,1.5,29.4,0.37,0.0,0.0,0.0
2017,5,9,89,75,64.6,1.8,29.3,0.37,0.0,0.0,0.0
2017,5,10,84.1,73.8,72.6,2.4,29.4,0.28,0.0,0.0,0.0
2017,5,11,86.6,76.8,74,2.5,29.4,0.28,0.0,0.0,0.0
2017,5,12,88.3,75.1,67.5,1.6,29.4,0,0.0,0.0,0.0
2017,5,13,84.9,76,76.1,1.5,29.4,0,0.0,0.0,0.0
2017,5,14,82.6,76.8,83.3,1,29.3,0.93,0.0,0.0,0.0
2017,5,15,85.1,76.8,77.1,2.8,29.3,0.03,0.0,0.0,0.0
2017,5,16,82,77.3,86.3,0.3,29.3,0.05,0.0,0.0,0.0
2017,5,17,77.8,76.4,96.1,0.4,29.2,1.25,0.0,0.0,0.0
2017,5,18,81.8,75.5,82.5,1.8,29.3,1.9,0.0,0.0,0.0
2017,5,19,83.9,77.3,81,1.8,29.3,0.12,0.0,0.0,0.0
2017,5,20,88,75.9,68.9,4,29.3,0,0.0,0.0,0.0
2017,5,21,90.4,75.8,62.6,7,29.2,0,0.0,0.0,0.0
2017,5,22,91.1,75.4,60.6,7.4,29.3,0,0.0,0.0,0.0
2017,5,23,91.6,75.3,59.3,6.1,29.3,0,0.0,0.0,0.0
2017,5,24,89.1,75.3,65.3,4.6,29.3,0,0.0,0.0,0.0
2017,5,25,86.9,77,74.5,0.9,29.3,0,21.5,0.0,10.75
2017,5,26,82.6,77.9,87,1.6,29.3,1.66,9.0,0.0,4.5
2017,5,27,81.5,78.5,91,1.4,29.3,1.71,9.0,0.0,4.5
2017,5,28,80.9,76.6,87.4,1.6,29.3,1.65,3.5,0.0,1.75
2017,5,29,80.6,77.5,90.3,0.5,29.3,1.07,5.5,0.0,2.75
2017,5,30,81.9,78.9,90.6,0.4,29.3,0.89,60.5,0.0,30.25
2017,5,31,83.1,77.9,85.4,1.3,29.3,0.89,0.0,0.0,0.0
2017,6,1,82.5,78,87,0.4,29.3,0.21,0.0,0.0,0.0
2017,6,2,85.8,75.1,71,4.6,29.3,0.04,18.0,0.0,9.0
2017,6,3,85.6,76.6,75.1,3,29.3,0.46,0.0,0.0,0.0
2017,6,4,84.3,75.6,77,4.8,29.3,0.5,0.0,0.0,0.0
2017,6,5,85.3,75.8,73.6,3.6,29.3,0.16,0.0,0.0,0.0
2017,6,6,85.9,77.1,76,1.6,29.3,0.16,0.0,0.0,0.0
2017,6,7,83.1,76.5,81.6,2,29.3,0,7.5,0.0,3.75
2017,6,8,82.1,76.5,83.8,0.6,29.3,0,11.5,0.0,5.75
2017,6,9,81.1,77.5,88.9,1.6,29.3,0.91,15.0,0.0,7.5
2017,6,10,81,76.5,86.9,1.6,29.3,1.07,1.5,0.0,0.75
2017,6,11,81.6,77.8,88.3,1,29.3,0.29,0.0,0.0,0.0
2017,6,12,84.6,75.8,75.8,3.4,29.3,0.06,3.0,0.0,1.5
2017,6,13,83,75.8,79.1,3.3,29.3,1.04,0.0,0.0,0.0
2017,6,14,84.5,74.4,71.6,5.6,29.4,1.04,0.0,0.0,0.0
2017,6,15,83.3,72.4,70.6,3.3,29.4,0,0.0,0.0,0.0
2017,6,16,84.5,74.1,72.1,3.9,29.4,0,0.0,0.0,0.0
2017,6,17,85.5,73.8,68,7.4,29.3,0,0.0,0.0,0.0
2017,6,18,85.8,72.6,65.1,7.3,29.3,0,0.0,0.0,0.0
2017,6,19,84.4,72.6,68.1,6.4,29.3,0,2.0,0.0,1.0
2017,6,20,82.4,73.9,76.4,5,29.3,0.06,9.0,0.0,4.5
2017,6,21,83.4,74.6,75.9,3.8,29.3,0.07,0.0,0.0,0.0
2017,6,22,85,74.6,72.1,4.5,29.3,0,0.0,0.0,0.0
2017,6,23,86.5,72.5,63.6,6.3,29.3,0,0.0,0.0,0.0
2017,6,24,86.5,72.5,63.5,7,29.3,0,2.5,0.0,1.25
2017,6,25,86.1,71.9,62.9,8.3,29.3,0,0.5,0.0,0.25
2017,6,26,85.1,74,70,3.9,29.3,0,0.0,0.0,0.0
2017,6,27,85.6,73.6,67.6,4.1,29.3,0,0.0,0.0,0.0
2017,6,28,85.5,73.6,67.9,3,29.3,0,2.5,0.0,1.25
2017,6,29,84.9,75.6,74.5,2.5,29.3,0.09,6.0,0.0,3.0
2017,6,30,83,76.5,82.1,0.8,29.3,0.21,0.0,0.0,0.0
2017,7,1,80.3,76.1,88.3,0.8,29.3,0.31,13.5,0.0,6.75
2017,7,2,80.9,75.4,84,2.3,29.3,0.16,0.0,0.0,0.0
2017,7,3,81.8,74.4,79.3,2.6,29.3,0.03,18.5,0.0,9.25
2017,7,4,79.3,76.1,90,1.5,29.3,0.23,10.5,0.0,5.25
2017,7,5,79.8,74.6,85,3.1,29.3,0.66,0.0,0.0,0.0
2017,7,6,83,72.6,71,5.9,29.3,0.28,2.5,0.0,1.25
2017,7,7,84,72.3,68.1,5.8,29.3,0,10.0,0.0,5.0
2017,7,8,84.6,73.3,70,6,29.3,0,0.5,0.0,0.25
2017,7,9,84.4,73.8,71.1,4.4,29.4,0,0.5,0.0,0.25
2017,7,10,82.6,73.8,76.1,5,29.4,0.05,0.0,0.0,0.0
2017,7,11,79.6,76,88.5,2.3,29.3,0.41,0.0,0.0,0.0
2017,7,12,80.4,75.5,85.4,1.6,29.3,0.31,31.5,0.0,15.75
2017,7,13,82,76,82.9,1.3,29.3,0.25,31.5,0.0,15.75
2017,7,14,82.8,75,78.1,2.9,29.3,0.02,0.5,0.0,0.25
2017,7,15,80.8,72.9,78.4,4.9,29.3,0.17,0.0,0.0,0.0
2017,7,16,83.3,73.8,73.8,4.1,29.2,0.08,2.5,0.0,1.25
2017,7,17,82.3,72.5,73.8,6.9,29.2,0.05,1.5,0.0,0.75
2017,7,18,81.1,75.4,84,1.5,29.3,0.14,0.5,0.0,0.25
2017,7,19,81.8,74.6,80,4,29.3,0.27,0.0,0.0,0.0
2017,7,20,82.3,73.6,75.6,5.4,29.3,0.22,0.0,0.0,0.0
2017,7,21,82.4,72.9,73,5.3,29.3,0.01,0.0,0.0,0.0
2017,7,22,83.8,74.5,74.1,3.5,29.3,0,0.0,0.0,0.0
2017,7,23,82,73.4,75.4,4,29.4,0,1.5,0.0,0.75
2017,7,24,83.8,73.4,71.4,6.1,29.3,0,2.5,0.0,1.25
2017,7,25,84.4,74.1,71.8,7.8,29.2,0.04,14.5,0.0,7.25
2017,7,26,83.1,75.6,79.1,3.5,29.2,0.2,0.0,0.0,0.0
2017,7,27,84.3,74.8,74,5.6,29.2,0.85,0.0,0.0,0.0
2017,7,28,85,74.5,70.9,6.5,29.3,0.02,0.0,0.0,0.0
2017,7,29,85.6,73.9,68.1,7,29.3,0,0.0,0.0,0.0
2017,7,30,85.4,74.6,70.1,8.9,29.3,0,0.0,0.0,0.0
2017,7,31,85.4,74.3,69.6,8.3,29.3,0.08,0.0,0.0,0.0
2017,8,1,84,74.6,73.1,6.4,29.3,0.08,0.0,0.0,0.0
2017,8,2,84.4,74.8,73.6,6.9,29.3,0,0.0,0.0,0.0
2017,8,3,85,75.1,72.9,5.4,29.2,0,16.0,0.0,8.0
2017,8,4,83.3,76.9,81.8,2.3,29.2,0.71,17.0,0.0,8.5
2017,8,5,82,78.1,88,1.6,29.2,0.73,47.5,0.0,23.75
2017,8,6,80.1,78,92.4,0.8,29.3,0.27,2.0,0.0,1.0
2017,8,7,80.1,77.5,91.6,0,29.4,0.64,3.5,0.0,1.75
2017,8,8,83.9,76.3,78.4,1.9,29.4,0.05,0.5,0.0,0.25
2017,8,9,84.1,75.3,75.8,5.3,29.4,0.07,0.0,0.0,0.0
2017,8,10,83.4,74,74.3,5.3,29.4,0.06,0.0,0.0,0.0
2017,8,11,83.9,73.9,71.9,6.9,29.4,0,0.0,0.0,0.0
2017,8,12,85.6,73.8,68.3,8.6,29.4,0,0.0,0.0,0.0
2017,8,13,86.8,74.3,66.4,7,29.4,0,0.0,0.0,0.0
2017,8,14,86.3,74.6,68.3,7.8,29.4,0,0.0,0.0,0.0
2017,8,15,86.1,74.4,68.5,6.9,29.3,0,14.5,0.0,7.25
2017,8,16,79.5,76.8,91,1,29.3,0.41,11.0,0.0,5.5
2017,8,17,79.4,76.6,91.9,0.5,29.3,0.55,20.0,0.0,10.0
2017,8,18,79.1,76.3,91.3,0.4,29.3,0.96,5.0,0.0,2.5
2017,8,19,82.4,76.9,84.6,1,29.3,0.31,57.5,0.0,28.75
2017,8,20,79.1,77.4,94,1.3,29.3,0.69,1.0,0.0,0.5
2017,8,21,80.6,77.5,90.4,1,29.3,1.13,0.0,0.0,0.0
2017,8,22,84,75.5,77,4.9,29.3,1.13,0.0,0.0,0.0
2017,8,23,85.8,74.6,69.4,8,29.3,0,2.0,0.0,1.0
2017,8,24,84.5,74.1,70.9,8.9,29.3,0,0.0,0.0,0.0
2017,8,25,82.1,74.4,77.8,4.8,29.3,0.2,0.0,0.0,0.0
2017,8,26,81.5,76.8,86.3,0.8,29.3,0.17,4.5,0.0,2.25
2017,8,27,81.1,77.9,90,0.3,29.3,0.06,11.5,0.0,5.75
2017,8,28,83.8,77.3,81.6,2.4,29.3,0.19,4.5,0.0,2.25
2017,8,29,84,73.9,71.3,8.8,29.3,0.16,0.0,0.0,0.0
2017,8,30,83,75.6,79,1.5,29.3,0.02,2.0,0.0,1.0
2017,8,31,83.9,76.6,79.4,2.5,29.4,0.06,0.0,0.0,0.0
2017,9,1,84.8,73.8,69.8,7.9,29.4,0.06,0.0,0.0,0.0
2017,9,2,84.5,74.4,72,6.5,29.3,0,0.0,0.0,0.0
2017,9,3,85.4,74.8,71.1,7,29.3,0,0.0,0.0,0.0
2017,9,4,87,76,70,5.5,29.3,0,1.0,0.0,0.5
2017,9,5,85.9,76.9,75,4.4,29.3,0.01,2.5,0.0,1.25
2017,9,6,84.1,78.1,83.6,2.5,29.3,0.03,4.5,0.0,2.25
2017,9,7,81,78.5,92.3,1.3,29.4,0.18,0.0,0.0,0.0
2017,9,8,83.3,78.3,85.4,1.5,29.4,0.31,1.5,0.0,0.75
2017,9,9,86.9,76.3,72.8,4.3,29.3,0.04,7.5,0.0,3.75
2017,9,10,83.8,78.6,85.6,0.8,29.4,0.39,0.0,0.0,0.0
2017,9,11,81.5,77,88.1,0.4,29.4,0.43,0.0,0.0,0.0
2017,9,12,83.5,77.4,82.9,0.9,29.4,0.43,0.0,0.0,0.0
2017,9,13,86.4,76,73.8,2.3,29.4,0.09,0.5,0.0,0.25
2017,9,14,87.4,75.6,69.9,4.9,29.3,0,3.0,0.0,1.5
2017,9,15,85.3,77.5,78.6,4,29.2,0,16.5,0.0,8.25
2017,9,16,80.9,77.8,90.5,3,29.2,0.74,18.0,0.0,9.0
2017,9,17,80.3,78,93.1,1.5,29.4,1.62,7.0,0.0,3.5
2017,9,18,81.6,76.1,84,2.8,29.4,1.08,0.0,0.0,0.0
2017,9,19,84.3,75.3,75.1,4.4,29.4,0.01,0.0,0.0,0.0
2017,9,20,86.4,75.9,71.6,2.3,29.4,0,57.5,0.0,28.75
2017,9,21,84,77,80.9,1,29.3,4.33,0.0,0.0,0.0
2017,9,22,82.3,78.1,88,0.5,29.3,4.41,1.0,0.0,0.5
2017,9,23,80.6,77.4,91.1,0.9,29.4,0.3,0.0,0.0,0.0
2017,9,24,82,78,88.6,0,29.3,0.31,3.5,0.0,1.75
2017,9,25,84.3,79.1,84.5,0.8,29.3,0.01,4.5,0.0,2.25
2017,9,26,82.1,78.1,87.9,2.4,29.3,0.2,0.0,0.0,0.0
2017,9,27,84.3,78.1,82.8,2,29.4,0.24,0.0,0.0,0.0
2017,9,28,86.3,75.4,70.3,4.5,29.4,0,0.0,0.0,0.0
2017,9,29,82.5,75.9,80.9,3.8,29.4,0.08,1.5,0.0,0.75
2017,9,30,82.9,77,83.3,1.9,29.4,0.08,0.0,0.0,0.0
2017,10,1,84.5,79,84.4,1.5,29.4,0.1,0.0,0.0,0.0
2017,10,2,81.6,77.3,86.4,0.9,29.3,0.1,33.5,0.0,16.75
2017,10,3,78,76.5,95.3,1,29.3,1.62,22.5,0.0,11.25
2017,10,4,78.8,77.1,94.8,0.5,29.4,2.99,5.5,0.0,2.75
2017,10,5,78.3,76.1,93.4,0,29.4,0.8,11.5,0.0,5.75
2017,10,6,80.1,76.5,89.8,0.6,29.4,0.43,6.0,0.0,3.0
2017,10,7,80.8,77.1,89,1.8,29.4,1.4,15.0,0.0,7.5
2017,10,8,80.5,77.8,91.6,0.4,29.4,0.25,13.5,0.0,6.75
2017,10,9,82.8,77.8,86.6,1.1,29.4,1.83,13.5,0.0,6.75
2017,10,10,82.4,77.8,86.1,2.5,29.3,0.14,0.0,0.0,0.0
2017,10,11,80.6,77.5,90.8,0.5,29.3,0,0.0,0.0,0.0
2017,10,12,82.1,78.8,90,0.3,29.4,3.87,0.0,0.0,0.0
2017,10,13,80,77.5,92,0,29.3,3.87,0.0,0.0,0.0
2017,10,14,83.1,78.6,87.3,0.6,29.3,0.08,0.0,0.0,0.0
2017,10,15,84,78.3,83.5,0.8,29.3,0,0.0,0.0,0.0
2017,10,16,84.6,76.8,77.9,3.8,29.3,0,0.0,0.0,0.0
2017,10,17,80.9,76,86.4,2.1,29.3,0.44,0.0,0.0,0.0
2017,10,18,77.1,75.6,95.5,1,29.4,6,0.0,0.0,0.0
2017,10,19,80,76.1,89.3,0.4,29.5,3.08,0.0,0.0,0.0
2017,10,20,83.1,75.1,79,0.9,29.5,0.06,0.0,0.0,0.0
2017,10,21,85.1,75.5,74.1,2.4,29.4,0,0.0,0.0,0.0
2017,10,22,85.5,73.4,68.1,3.8,29.4,0,0.0,0.0,0.0
2017,10,23,84.1,74.6,73.6,1.6,29.4,0,0.0,0.0,0.0
2017,10,24,82.1,74.3,77.9,1.7,29.5,0.02,0.0,0.0,0.0
2017,10,25,81.5,74.9,81.5,1.8,29.5,0,0.0,0.0,0.0
2017,10,26,81.8,75,81.5,1.1,29.5,0,0.0,0.0,0.0
2017,10,27,80.5,74.8,83.6,1,29.5,0,0.0,0.0,0.0
2017,10,28,80.9,75,83,1.1,29.5,0,0.0,0.0,0.0
2017,10,29,81.1,73.4,79.4,1.6,29.5,0,0.0,0.0,0.0
2017,10,30,77.9,71.1,80.5,1,29.5,0,0.0,0.0,0.0
2017,10,31,76.8,67.9,76.6,1,29.5,0,0.0,0.0,0.0
2017,11,1,77.8,68.3,74.4,2,29.5,0,0.0,0.0,0.0
2017,11,2,78.9,70.5,76.9,1.6,29.4,0,0.0,0.0,0.0
2017,11,3,79.8,70.6,76.4,1.8,29.4,0,0.0,0.0,0.0
2017,11,4,78,68,73.8,2,29.5,0,0.0,0.0,0.0
2017,11,5,74.8,66.8,77,0.3,29.5,0,0.0,0.0,0.0
2017,11,6,75.1,68.8,81.4,1.3,29.5,0,0.0,0.0,0.0
2017,11,7,77.5,70,79.1,2.1,29.5,0.2,0.0,0.0,0.0
2017,11,8,78.3,72.4,82.1,0,29.5,0,0.0,0.0,0.0
2017,11,9,79.3,73.5,82.3,0.3,29.4,0,0.0,0.0,0.0
2017,11,10,80.6,75,82.9,0.4,29.4,0.02,0.0,0.0,0.0
2017,11,11,81.3,75.5,83.6,0.4,29.4,0.17,0.0,0.0,0.0
2017,11,12,80.8,74.8,82.8,1.1,29.4,0.17,0.0,0.0,0.0
2017,11,13,82.1,75.1,80.5,0,29.4,0,0.0,0.0,0.0
2017,11,14,80.5,76,86.8,0,29.4,0.95,0.0,0.0,0.0
2017,11,15,82.5,75.8,81.8,0.4,29.4,0.95,0.0,0.0,0.0
2017,11,16,78.8,75.5,90.1,0.4,29.4,0.09,0.0,0.0,0.0
2017,11,17,83,77,83.9,0,29.4,0.09,0.0,0.0,0.0
2017,11,18,84.1,76.1,78.3,0.6,29.4,0,0.0,0.0,0.0
2017,11,19,82.9,76.5,82.5,0.9,29.4,0,0.0,0.0,0.0
2017,11,20,83.1,76,79.9,0,29.4,0,0.0,0.0,0.0
2017,11,21,80.8,74.8,82.8,1.3,29.4,0,0.0,0.0,0.0
2017,11,22,79.4,74.4,85.4,0.6,29.4,0,0.0,0.0,0.0
2017,11,23,79,73.6,84.1,0,29.4,0,0.0,0.0,0.0
2017,11,24,80,71.9,78.3,0.6,29.5,0,0.0,0.0,0.0
2017,11,25,78.8,70.1,76.6,1.4,29.5,0,0.0,0.0,0.0
2017,11,26,77.1,71,81.8,0.8,29.6,0,0.0,0.0,0.0
2017,11,27,77.3,69.9,79.1,1.5,29.5,0,0.0,0.0,0.0
2017,11,28,77.3,69.4,78.4,1.8,29.5,0,0.0,0.0,0.0
2017,11,29,80,70.5,74.9,1,29.5,0,0.0,0.0,0.0
2017,11,30,79,71.1,78.3,1.5,29.5,0,0.0,0.0,0.0
2017,12,1,79.1,70.1,75.4,1.8,29.5,0,0.0,0.0,0.0
2017,12,2,78.9,69.9,76.3,0.8,29.5,0,0.0,0.0,0.0
2017,12,3,77.4,69.9,79.4,0.6,29.5,0,0.0,0.0,0.0
2017,12,4,77.8,69.5,78.3,1,29.5,0,0.0,0.0,0.0
2017,12,5,76.5,68.4,76.6,1.9,29.5,0,0.0,0.0,0.0
2017,12,6,77.1,69.1,77.8,1.5,29.5,0,0.0,0.0,0.0
2017,12,7,78.4,71.5,80.6,0.6,29.5,0,0.0,0.0,0.0
2017,12,8,78.8,71.9,80.9,0.8,29.5,0,0.0,0.0,0.0
2017,12,9,79.1,69.9,75,1.5,29.5,0,0.0,0.0,0.0
2017,12,10,78.8,70,76.1,0.6,29.5,0,0.0,0.0,0.0
2017,12,11,81.8,72.4,75,1.3,29.5,0,0.0,0.0,0.0
2017,12,12,83,72.6,72.5,2.9,29.4,0,0.0,0.0,0.0
2017,12,13,82.8,71,69.5,2.3,29.4,0,0.0,0.0,0.0
2017,12,14,79.8,69,72.1,1,29.4,0,0.0,0.0,0.0
2017,12,15,77.5,66.6,71.8,1,29.5,0,0.0,0.0,0.0
2017,12,16,76.4,68.9,79.1,1.4,29.5,0,0.0,0.0,0.0
2017,12,17,75.5,68.4,79.5,0.8,29.6,0,0.0,0.0,0.0
2017,12,18,72.9,61.3,68.3,1.5,29.6,0,0.0,0.0,0.0
2017,12,19,68.9,55.9,65.5,2.4,29.7,0,0.0,0.0,0.0
2017,12,20,64.9,53.1,69.8,2.4,29.7,0,0.0,0.0,0.0
2017,12,21,63.9,51.8,69.8,1.4,29.7,0,0.0,0.0,0.0
2017,12,22,66.9,54.3,67.4,1.9,29.6,0,0.0,0.0,0.0
2017,12,23,71.9,60.4,71,1.3,29.5,0,0.0,0.0,0.0
2017,12,24,74.1,62.8,70.8,1.4,29.5,0,0.0,0.0,0.0
2017,12,25,75,64.3,71.1,0.9,29.5,0,0.0,0.0,0.0
2017,12,26,71.3,62.1,75,0.8,29.5,0,0.0,0.0,0.0
2017,12,27,67.3,65.3,93.5,0,29.6,0.44,0.0,0.0,0.0
2017,12,28,68.6,66.8,94,1.3,29.6,0.43,0.0,0.0,0.0
2017,12,29,74.6,68.8,82.9,2.8,29.6,0.06,0.0,0.0,0.0
2017,12,30,79.1,70.5,76.3,2.1,29.5,0,0.0,0.0,0.0
2017,12,31,77.9,70.1,77.6,2.3,29.5,0,0.0,0.0,0.0
2018,1,1,74.6,67.9,79.9,1.1,29.5,0,0.0,0.0,0.0
2018,1,2,73.9,67.5,81.5,0.8,29.5,0,0.0,0.0,0.0
2018,1,3,76.6,67.1,74.6,1.9,29.4,0,0.0,0.0,0.0
2018,1,4,79.9,70.6,74.6,1.6,29.4,0,0.0,0.0,0.0
2018,1,5,80.4,70.9,74.4,1.5,29.4,0,0.0,0.0,0.0
2018,1,6,81.3,72.3,76,0.6,29.4,0,0.0,0.0,0.0
2018,1,7,81.5,73.8,78.9,0.4,29.4,0.5,0.0,0.0,0.0
2018,1,8,82.9,74.6,78.1,0.8,29.4,0,0.0,0.0,0.0
2018,1,9,83.1,74.9,77.8,0.6,29.5,0,0.0,0.0,0.0
2018,1,10,79.8,73.3,81.4,1,29.5,0,0.0,0.0,0.0
2018,1,11,75.9,66.6,73.6,0.5,29.6,0,0.0,0.0,0.0
2018,1,12,69.3,60.9,74.9,3.9,29.6,0,0.0,0.0,0.0
2018,1,13,67.8,60.1,76.9,1.3,29.6,0,0.0,0.0,0.0
2018,1,14,69.9,60.5,75.3,1.6,29.6,0,0.0,0.0,0.0
2018,1,15,69.9,63,80.4,0,29.5,0,0.0,0.0,0.0
2018,1,16,72.9,64.3,76.8,0.4,29.4,0,0.0,0.0,0.0
2018,1,17,75.4,66.3,76.3,0,29.4,0,0.0,0.0,0.0
2018,1,18,77.1,67.1,73.8,0.3,29.4,0,0.0,0.0,0.0
2018,1,19,77.3,65.6,70.8,0.8,29.4,0,0.0,0.0,0.0
2018,1,20,76.5,65.1,71.8,0.8,29.4,0,0.0,0.0,0.0
2018,1,21,78,66.9,71.1,0.6,29.4,0,0.0,0.0,0.0
2018,1,22,78.6,67.6,72.3,0.9,29.4,0,0.0,0.0,0.0
2018,1,23,78.9,67.6,72.1,0.8,29.4,0,0.0,0.0,0.0
2018,1,24,78.9,66.5,68.6,0.8,29.3,0,0.0,0.0,0.0
2018,1,25,79.3,66.5,68,1.9,29.3,0,0.0,0.0,0.0
2018,1,26,80.4,70.5,73.1,0.4,29.3,0,0.0,0.0,0.0
2018,1,27,81.9,74.1,79,0.3,29.4,0.12,0.0,0.0,0.0
2018,1,28,81.6,71.4,73.5,1.3,29.4,0,0.0,0.0,0.0
2018,1,29,83.3,68.1,62.9,1.3,29.4,0,0.0,0.0,0.0
2018,1,30,80.9,62.5,58.6,4.3,29.4,0,0.0,0.0,0.0
2018,1,31,77.5,58.8,55.9,3.1,29.4,0,0.0,0.0,0.0
2018,2,1,76.8,65.3,68.8,1.5,29.4,0,0.0,0.0,0.0
2018,2,2,74.1,64.6,72.9,0.8,29.5,0,0.0,0.0,0.0
2018,2,3,76.1,63.1,68.4,1.6,29.6,0,0.0,0.0,0.0
2018,2,4,74,61.5,67,1.1,29.6,0,0.0,0.0,0.0
2018,2,5,74.5,61.1,66,0.8,29.6,0,0.0,0.0,0.0
2018,2,6,72.4,59.9,67.6,1.6,29.6,0,0.0,0.0,0.0
2018,2,7,73.1,61.8,70.3,0.3,29.5,0,0.0,0.0,0.0
2018,2,8,76.9,65.1,69.3,1.1,29.4,0,0.0,0.0,0.0
2018,2,9,77.9,62.6,62.9,3.1,29.4,0,0.0,0.0,0.0
2018,2,10,80,64,61.8,0.9,29.5,0,0.0,0.0,0.0
2018,2,11,79.3,63.6,62.6,0.3,29.5,0,0.0,0.0,0.0
2018,2,12,78.3,65,65.8,1.4,29.6,0,0.0,0.0,0.0
2018,2,13,78.8,66.1,68.1,1.3,29.6,0,0.0,0.0,0.0
2018,2,14,79.9,66.6,67,0.9,29.6,0,0.0,0.0,0.0
2018,2,15,83.6,66.9,60.8,1.4,29.5,0,0.0,0.0,0.0
2018,2,16,84.6,62.4,52,2,29.4,0,0.0,0.0,0.0
2018,2,17,82.8,59,48.9,1.6,29.4,0,0.0,0.0,0.0
2018,2,18,83,61.6,51.1,1,29.4,0,0.0,0.0,0.0
2018,2,19,82.3,67.1,61.9,1.1,29.4,0,0.0,0.0,0.0
2018,2,20,84,71.4,66.8,1,29.4,0,0.0,0.0,0.0
2018,2,21,84.5,72.3,68.5,0.8,29.4,0,0.0,0.0,0.0
2018,2,22,81.3,72.8,76.9,2.9,29.4,0.06,0.0,0.0,0.0
2018,2,23,79.1,72.4,80.5,1.6,29.5,0.25,0.0,0.0,0.0
2018,2,24,81.3,72.4,76.4,1,29.5,0.28,0.0,0.0,0.0
2018,2,25,84.3,72.3,70.4,1,29.4,0,0.0,0.0,0.0
2018,2,26,84.4,72.3,68.1,1.1,29.4,0,0.0,0.0,0.0
2018,2,27,82.5,72.1,71.9,1.9,29.4,0,0.0,0.0,0.0
2018,2,28,83.5,69.4,67.4,1.6,29.4,0,0.0,0.0,0.0
2018,3,1,84.6,65.5,56.6,2.6,29.4,0,0.0,0.0,0.0
2018,3,2,85,61.9,48.5,2.4,29.3,0,0.0,0.0,0.0
2018,3,3,86,60.9,46.1,3.5,29.3,0,0.0,0.0,0.0
2018,3,4,85.1,56,40.5,2.3,29.4,0,0.0,0.0,0.0
2018,3,5,82.5,60.9,52.4,0.9,29.4,0,0.0,0.0,0.0
2018,3,6,84.4,63.1,53,1.4,29.4,0,0.0,0.0,0.0
2018,3,7,87.1,64.9,50.4,1.3,29.4,0,0.0,0.0,0.0
2018,3,8,85.4,71.9,65.5,1.8,29.4,0,0.0,0.0,0.0
2018,3,9,80.1,70.6,72.6,1.9,29.5,0,0.0,0.0,0.0
2018,3,10,81.1,67.5,65.1,1.3,29.5,0,0.0,0.0,0.0
2018,3,11,82,67.1,64.1,0.6,29.5,0,0.0,0.0,0.0
2018,3,12,82.4,70,67.6,1.5,29.4,0,0.0,0.0,0.0
2018,3,13,84.1,63,56.5,2.1,29.4,0,0.0,0.0,0.0
2018,3,14,85.4,58.9,44.3,2.5,29.4,0,0.0,0.0,0.0
2018,3,15,86.3,61.3,44.9,2.9,29.4,0,0.0,0.0,0.0
2018,3,16,85.3,63.6,50,1.4,29.4,0,0.0,0.0,0.0
2018,3,17,85,65.6,55.6,1.3,29.4,0,0.0,0.0,0.0
2018,3,18,88.1,62.6,44.1,2.5,29.4,0,0.0,0.0,0.0
2018,3,19,89.3,59,37.9,6.3,29.4,0,0.0,0.0,0.0
2018,3,20,89.4,58.8,37,2.4,29.4,0,0.0,0.0,0.0
2018,3,21,86,64.3,50.8,1.4,29.4,0,0.0,0.0,0.0
2018,3,22,82.6,72.1,71.3,1.3,29.4,0,0.0,0.0,0.0
2018,3,23,82.9,71.5,69.8,0.6,29.4,0,0.0,0.0,0.0
2018,3,24,85.3,71.1,64.6,0.6,29.4,0,0.0,0.0,0.0
2018,3,25,87.9,70.5,57.8,1.5,29.4,0,0.0,0.0,0.0
2018,3,26,90.1,68.5,50.3,1.8,29.4,0,0.0,0.0,0.0
2018,3,27,86.3,70.8,61.6,1.6,29.4,0,0.0,0.0,0.0
2018,3,28,86.5,66.6,57.8,1.6,29.4,0,0.0,0.0,0.0
2018,3,29,88.9,66.1,48.6,3.1,29.4,0,0.0,0.0,0.0
2018,3,30,89.6,68,49.6,1.4,29.4,0,0.0,0.0,0.0
2018,3,31,85.3,72.8,67.8,2.5,29.4,0,0.0,0.0,0.0
2018,4,1,81.8,72.5,75.6,1.5,29.4,2.5,0.0,0.0,0.0
2018,4,2,84,73.6,72.3,0.4,29.4,0,0.0,0.0,0.0
2018,4,3,84.1,69.5,63,1.8,29.4,0,0.0,0.0,0.0
2018,4,4,83.9,71.8,68.8,2.3,29.3,0,0.0,0.0,0.0
2018,4,5,84,73.8,72.6,1.4,29.4,0,0.0,0.0,0.0
2018,4,6,85.3,72.5,66.9,1.5,29.4,0,0.0,0.0,0.0
2018,4,7,75.9,71.3,86.3,3,29.5,0.1,0.0,0.0,0.0
2018,4,8,77.3,66,70.5,2,29.6,0.1,0.0,0.0,0.0
2018,4,9,81.3,68.9,69,1.9,29.5,0,0.0,0.0,0.0
2018,4,10,85.1,71.4,66,1,29.4,0,0.0,0.0,0.0
2018,4,11,88.9,71.6,58.5,1.5,29.4,0,0.0,0.0,0.0
2018,4,12,91.3,71.4,52.9,3.5,29.3,0,0.0,0.0,0.0
2018,4,13,92.4,68.6,46.6,5,29.3,0,0.0,0.0,0.0
2018,4,14,93.8,69.6,46.3,3.3,29.3,0,0.0,0.0,0.0
2018,4,15,94.4,67.4,41.6,6.9,29.3,0,0.0,0.0,0.0
2018,4,16,86.5,73.8,67.1,2.9,29.4,0,0.0,0.0,0.0
2018,4,17,84.3,73.5,72,2.8,29.4,0.2,0.0,0.0,0.0
2018,4,18,84.4,73.4,71.1,2.5,29.4,0,0.0,0.0,0.0
2018,4,19,85,70.9,65.9,2.6,29.4,0,0.0,0.0,0.0
2018,4,20,86.8,70.8,60.9,1.8,29.4,0,0.0,0.0,0.0
2018,4,21,88.5,71.8,60.9,2.5,29.3,0,0.0,0.0,0.0
2018,4,22,92.1,71,52,3.9,29.3,0,0.0,0.0,0.0
2018,4,23,91.8,71.4,52.6,3.9,29.3,0,0.0,0.0,0.0
2018,4,24,91.8,71.3,52.5,5.1,29.3,0,0.0,0.0,0.0
2018,4,25,92.9,73.4,54.3,5.1,29.3,0,0.0,0.0,0.0
2018,4,26,88.1,73.4,63,4.1,29.4,0,0.0,0.0,0.0
2018,4,27,84.4,73.3,70.8,2,29.4,0,0.0,0.0,0.0
2018,4,28,78.4,73.1,84.4,1.8,29.5,0.11,0.0,0.0,0.0
2018,4,29,77.5,74.5,90.5,0.8,29.4,0.62,0.0,0.0,0.0
2018,4,30,82.8,75.9,80.6,1.8,29.4,0.62,0.0,0.0,0.0
2018,5,1,79.9,76.1,88.1,0.5,29.4,1.35,0.0,0.0,0.0
2018,5,2,79.4,76,90.3,2.8,29.4,1.37,0.0,0.0,0.0
2018,5,3,81.6,76.3,84.9,1.5,29.4,0.03,0.0,0.0,0.0
2018,5,4,81,77.1,88.3,1.8,29.4,0.13,0.0,0.0,0.0
2018,5,5,83,76.9,82.5,1,29.4,0.1,0.0,0.0,0.0
2018,5,6,88.5,74.9,65.9,2.1,29.4,0,0.0,0.0,0.0
2018,5,7,90.1,74.5,61,7.1,29.4,0,0.0,0.0,0.0
2018,5,8,91.8,75.4,59,6.3,29.3,0,0.0,0.0,0.0
2018,5,9,89.5,75.9,66.3,3.4,29.4,0.08,0.0,0.0,0.0
2018,5,10,87.4,75.9,71.6,1.3,29.4,0.08,0.0,0.0,0.0
2018,5,11,82.8,75.8,81,2.3,29.4,1.21,0.0,0.0,0.0
2018,5,12,81.8,77.1,86.5,0.5,29.4,0.31,0.0,0.0,0.0
2018,5,13,83.1,75.9,80.3,2.4,29.4,0.31,0.0,0.0,0.0
2018,5,14,82.8,75.8,80.3,2.4,29.4,0.15,0.0,0.0,0.0
2018,5,15,84.1,75.3,76.5,2,29.3,0,0.0,0.0,0.0
2018,5,16,86.5,76.4,74,2,29.3,0.12,0.0,0.0,0.0
2018,5,17,87.3,75.8,69.6,2.6,29.3,0,0.0,0.0,0.0
2018,5,18,82.9,75,77.9,1.3,29.3,0.04,0.0,0.0,0.0
2018,5,19,82.5,75.8,80.9,1.4,29.3,0.06,0.0,0.0,0.0
2018,5,20,85.5,76,75.8,2.1,29.3,0.06,0.0,0.0,0.0
2018,5,21,88,74.9,66.4,2.9,29.3,0,0.0,0.0,0.0
2018,5,22,82.6,76.6,82.6,1,29.4,0.21,20.0,0.0,10.0
2018,5,23,85.3,76.6,76.9,0.8,29.4,0.21,0.0,0.0,0.0
2018,5,24,82,77,85.6,1.1,29.4,0.47,0.0,0.0,0.0
2018,5,25,83.8,77.8,83.3,2.1,29.3,0.19,0.0,0.0,0.0
2018,5,26,85,77.3,79.4,2.6,29.3,0.09,0.0,0.0,0.0
2018,5,27,81.9,76.9,85.4,2.4,29.4,0.09,0.0,0.0,0.0
2018,5,28,79.9,77.1,91.9,0,29.4,0.51,0.0,0.0,0.0
2018,5,29,81.9,78.5,90.5,2,29.4,0.37,0.0,0.0,0.0
2018,5,30,79.8,77,92,1.8,29.4,2.95,0.0,0.0,0.0
2018,5,31,80.6,77.3,90.3,2,29.4,2.2,0.0,0.0,0.0
2018,6,1,83.8,76.6,80.4,2.1,29.4,0.43,0.0,0.0,0.0
2018,6,2,85.6,76.9,77,2.1,29.3,0.08,0.0,0.0,0.0
2018,6,3,87.4,74.6,66,6.3,29.3,0.05,0.0,0.0,0.0
2018,6,4,87.1,76.3,70.5,3.9,29.3,0,0.0,0.0,0.0
2018,6,5,87,76.5,71.9,3,29.3,0.06,0.0,0.0,0.0
2018,6,6,86.9,74.9,68,6,29.3,0.06,0.5,0.0,0.25
2018,6,7,85.5,75,71,5.8,29.3,0,0.5,0.0,0.25
2018,6,8,84,74.9,74.9,6.5,29.3,0.01,0.0,0.0,0.0
2018,6,9,80.6,76.6,87.5,1.5,29.3,0.67,4.0,0.0,2.0
2018,6,10,81,78.6,92.5,1.1,29.3,1.06,4.0,0.0,2.0
2018,6,11,81.6,78.8,91.5,0.9,29.3,0.56,0.0,0.0,0.0
2018,6,12,81,79.1,94.4,1,29.3,0.6,0.5,0.0,0.25
2018,6,13,82.3,78.8,89.3,2,29.3,0.48,0.5,0.0,0.25
2018,6,14,80.9,77.3,89,2.4,29.3,0.2,0.0,0.0,0.0
2018,6,15,82.4,76,81.6,4.3,29.2,0.17,0.0,0.0,0.0
2018,6,16,84.1,75.4,75,6.5,29.2,0.02,0.0,0.0,0.0
2018,6,17,82.4,75.5,80.6,5.5,29.2,0.07,0.0,0.0,0.0
2018,6,18,84.5,73,68.6,6.9,29.2,0.07,0.0,0.0,0.0
2018,6,19,85.8,73.8,68,6.1,29.2,0,0.0,0.0,0.0
2018,6,20,83.5,75.8,78,2.9,29.3,0.35,0.0,0.0,0.0
2018,6,21,82.8,75,79,2.6,29.3,0.35,0.0,0.0,0.0
2018,6,22,84.3,73.6,71,5.3,29.3,0,0.0,0.0,0.0
2018,6,23,83.9,73,69.9,6.3,29.3,0,0.0,0.0,0.0
2018,6,24,83.3,72.9,70.9,7.4,29.3,0,0.0,0.0,0.0
2018,6,25,82.6,73.6,74.1,4.8,29.3,0,13.0,0.0,6.5
2018,6,26,79.9,74.5,84.4,1,29.3,0.24,1.5,0.0,0.75
2018,6,27,78.1,75.9,93.4,0.5,29.4,2.2,15.0,0.0,7.5
2018,6,28,78,74.6,89.8,2,29.4,1.78,0.0,0.0,0.0
2018,6,29,83.3,73.8,75,3.6,29.3,0.06,0.0,0.0,0.0
2018,6,30,84.6,73.4,69.6,5,29.3,0,0.0,0.0,0.0
2018,7,1,84.3,73.4,70.3,6,29.3,0,0.0,0.0,0.0
2018,7,2,84.5,72.9,68.8,5.9,29.3,0,0.5,0.0,0.25
2018,7,3,84.5,72.8,67.8,8.3,29.3,0,0.5,0.0,0.25
2018,7,4,83.6,73,71.1,6,29.3,0.11,0.0,0.0,0.0
2018,7,5,84.9,73,68,6.6,29.2,0.11,19.0,0.0,9.5
2018,7,6,83.4,73.8,72.3,6.3,29.2,0,0.0,0.0,0.0
2018,7,7,83.5,72.9,69.8,7.1,29.2,0,0.0,0.0,0.0
2018,7,8,83.9,71.9,67.5,7.5,29.2,0,0.0,0.0,0.0
2018,7,9,82.9,71.8,69.1,6.4,29.3,0,0.0,0.0,0.0
2018,7,10,82.3,72.4,71.9,6.3,29.3,0,1.5,0.0,0.75
2018,7,11,82.8,71.6,69.3,7.6,29.3,0,0.5,0.0,0.25
2018,7,12,84.5,72.9,69.1,7.5,29.2,0.04,0.5,0.0,0.25
2018,7,13,84.4,72.6,68.1,8.1,29.2,0.04,1.5,0.0,0.75
2018,7,14,82.1,73.1,74.8,5,29.2,0.33,0.0,0.0,0.0
2018,7,15,83.5,73,71.1,5.4,29.3,0.33,2.0,0.0,1.0
2018,7,16,80.9,74,79.8,5.1,29.3,0.24,4.0,0.0,2.0
2018,7,17,81.6,73.8,77.3,8.1,29.2,0.22,9.5,0.0,4.75
2018,7,18,80.3,76.4,88.5,0,29.1,0.2,4.5,0.0,2.25
2018,7,19,81.5,76.5,85.8,1.9,29.2,0.13,5.5,0.0,2.75
2018,7,20,79.1,76.9,93.8,0.5,29.3,0.35,2.5,0.0,1.25
2018,7,21,80,77,90.6,0.4,29.3,0.45,2.5,0.0,1.25
2018,7,22,82,75.5,80.5,3.5,29.3,0.48,3.0,0.0,1.5
2018,7,23,83.9,73.9,71.8,6.3,29.3,0.06,0.0,0.0,0.0
2018,7,24,83.5,73.3,71.5,6.9,29.3,0,0.0,0.0,0.0
2018,7,25,81.4,74.8,80.9,4.1,29.3,0.28,0.5,0.0,0.25
2018,7,26,80.6,74.4,81.6,4,29.3,0.38,3.0,0.0,1.5
2018,7,27,80.3,75.4,85.5,3.4,29.3,0.86,7.5,0.0,3.75
2018,7,28,80.1,74.5,83,3.6,29.3,0.63,1.0,0.0,0.5
2018,7,29,81.1,74,79.3,4.4,29.3,0.23,1.5,0.0,0.75
2018,7,30,82.3,73.5,74.5,6,29.3,0.05,1.5,0.0,0.75
2018,7,31,80.9,74.6,81.8,1.5,29.3,0.17,0.0,0.0,0.0
2018,8,1,80.8,73.9,80.5,2.6,29.3,0.17,0.5,0.0,0.25
2018,8,2,81.5,71.9,71.9,5,29.3,0.02,1.0,0.0,0.5
2018,8,3,81.4,73.1,76.1,4.3,29.3,0.11,0.0,0.0,0.0
2018,8,4,82.4,72.8,72.8,4.5,29.3,0.09,1.0,0.0,0.5
2018,8,5,81.4,74.9,81.8,1.5,29.3,0.38,44.5,0.0,22.25
2018,8,6,80.4,75.6,86.1,0.5,29.3,0.38,1.0,0.0,0.5
2018,8,7,81,75.4,83.1,1.8,29.3,0.06,0.0,0.0,0.0
2018,8,8,84.5,72.6,68,6.1,29.3,0.06,0.5,0.0,0.25
2018,8,9,83.5,72,68,9.5,29.3,0,0.0,0.0,0.0
2018,8,10,84.1,73.1,70,7.3,29.3,0.03,0.0,0.0,0.0
2018,8,11,82.2,72,71.7,5.8,29.3,0.03,1.0,0.0,0.5
2018,8,12,82.8,72.5,71.5,3.5,29.2,0.01,0.0,0.0,0.0
2018,8,13,82.1,73.8,76.3,2.4,29.2,0.01,0.0,0.0,0.0
2018,8,14,83.1,72.1,69.6,5.9,29.3,0.02,0.0,0.0,0.0
2018,8,15,83.3,72.4,69.4,6.5,29.3,0.02,0.0,0.0,0.0
2018,8,16,82.9,71.6,69.4,6.3,29.3,0,0.5,0.0,0.25
2018,8,17,83.9,72.9,69.1,8.3,29.1,0.01,10.5,0.0,5.25
2018,8,18,81.6,75.3,82,1.5,29.1,0.39,1.0,0.0,0.5
2018,8,19,80.1,76.6,88.1,0,29.2,0.09,0.0,0.0,0.0
2018,8,20,83.1,74.9,77.3,2.9,29.3,0.09,2.5,0.0,1.25
2018,8,21,83.3,73.3,73,5.8,29.3,0,2.0,0.0,1.0
2018,8,22,83.9,73,70.4,5,29.3,0.02,0.0,0.0,0.0
2018,8,23,84.3,73.1,69.9,7,29.3,0.03,0.5,0.0,0.25
2018,8,24,82.4,74.1,76.8,3.8,29.3,0.02,1.5,0.0,0.75
2018,8,25,79.6,73.9,83.6,2.6,29.3,0.2,2.0,0.0,1.0
2018,8,26,81.4,73,75.9,3.9,29.3,0.1,0.0,0.0,0.0
2018,8,27,84.7,71.5,65,7.2,29.3,0.02,4.0,0.0,2.0
2018,8,28,80.9,70.8,72,7.1,29.3,0.26,0.0,0.0,0.0
2018,8,29,81.4,71,70.8,7.5,29.3,0.26,0.0,0.0,0.0
2018,8,30,81.9,70.6,68.9,8.5,29.3,0,0.0,0.0,0.0
2018,8,31,82.3,71.8,70.3,6.3,29.3,0,0.0,0.0,0.0
2018,9,1,82.3,72.1,71.5,4.1,29.4,0,0.0,0.0,0.0
2018,9,2,84.6,72.5,67.1,7,29.3,0,0.0,0.0,0.0
2018,9,3,86,72.7,64.7,7,29.3,0.05,0.0,0.0,0.0
2018,9,4,82.6,71.6,69.6,5.6,29.3,0.05,0.0,0.0,0.0
2018,9,5,80.6,70.9,72.6,4.8,29.4,0,0.0,0.0,0.0
2018,9,6,83.4,71.4,66.9,7.6,29.3,0,0.0,0.0,0.0
2018,9,7,86,71.9,63.4,7.8,29.3,0,34.0,0.0,17.0
2018,9,8,80.6,72.8,77.8,5.4,29.3,0.46,0.0,0.0,0.0
2018,9,9,81.4,75.4,82.9,1.4,29.4,0.46,0.0,0.0,0.0
2018,9,10,82.1,75.5,81.6,2.1,29.4,0,0.0,0.0,0.0
2018,9,11,86.5,72.9,64.5,7.4,29.4,0,0.0,0.0,0.0
2018,9,12,85,71.9,65.4,8.8,29.3,0,15.5,0.0,7.75
2018,9,13,84.3,73.5,70.5,4.8,29.3,0.05,31.0,0.0,15.5
2018,9,14,84.8,75.9,76.3,1.6,29.3,0.5,3.5,0.0,1.75
2018,9,15,82.5,76.9,83.5,0.8,29.3,1.56,0.0,0.0,0.0
2018,9,16,85.4,75.4,74,1.3,29.2,0.39,0.0,0.0,0.0
2018,9,17,87.1,74.9,67.4,5.8,29.2,0,0.0,0.0,0.0
2018,9,18,82.1,76,82.4,0.8,29.3,0.22,44.0,0.0,22.0
2018,9,19,79.1,75.6,89.3,0.8,29.4,0.3,0.0,0.0,0.0
2018,9,20,80.3,75.1,85,0.9,29.4,1.59,0.0,0.0,0.0
2018,9,21,83.5,75.9,79,0.9,29.4,0,0.0,0.0,0.0
2018,9,22,86.6,76.3,72.6,1.5,29.4,0,0.0,0.0,0.0
2018,9,23,82.5,74.1,77.8,0.9,29.5,0.65,0.0,0.0,0.0
2018,9,24,84.5,76,77.3,0.5,29.4,0.1,0.0,0.0,0.0
2018,9,25,85.5,73.1,67.8,4.1,29.4,0,0.0,0.0,0.0
2018,9,26,86.8,73.1,64.5,5.9,29.3,0,0.0,0.0,0.0
2018,9,27,87.6,74.1,64.6,5.4,29.4,0,0.0,0.0,0.0
2018,9,28,89.3,75.4,64.6,3.4,29.3,0,0.0,0.0,0.0
2018,9,29,83.4,76.3,80,2.9,29.4,0.01,0.0,0.0,0.0
2018,9,30,80.9,75.6,84.3,1.8,29.4,0.01,0.0,0.0,0.0
2018,10,1,82.5,75.4,79.8,1.9,29.4,0,1.0,0.0,0.5
2018,10,2,78.6,75.4,89.9,1.4,29.4,0.33,17.0,0.0,8.5
2018,10,3,78.8,75.9,90.5,1,29.4,0.33,0.0,0.0,0.0
2018,10,4,81,75.8,85.3,1,29.5,0.61,0.0,0.0,0.0
2018,10,5,81.1,75.8,84.4,1.1,29.5,0.31,0.0,0.0,0.0
2018,10,6,81.6,75.4,82.4,0.9,29.4,0,0.0,0.0,0.0
2018,10,7,81.8,75.4,82,0.9,29.4,0,0.0,0.0,0.0
2018,10,8,82.1,75.1,81,1,29.4,0,0.0,0.0,0.0
2018,10,9,81.8,75.5,82.3,0.6,29.4,0,9.0,0.0,4.5
2018,10,10,80.9,75.6,84.8,1.5,29.4,0.41,1.0,0.0,0.5
2018,10,11,80.8,75.1,84.1,2.3,29.5,0.73,0.0,0.0,0.0
2018,10,12,81.5,74.8,80.9,1.5,29.5,0.01,0.0,0.0,0.0
2018,10,13,82.4,74.4,79.1,1,29.5,0,0.0,0.0,0.0
2018,10,14,83.1,74.9,77.6,0.9,29.5,0,0.0,0.0,0.0
2018,10,15,84.4,75.3,75.8,0.8,29.4,0,0.0,0.0,0.0
2018,10,16,84.1,75.9,77.3,1.4,29.4,0,0.0,0.0,0.0
2018,10,17,86.3,73.4,66.1,3,29.4,0,0.0,0.0,0.0
2018,10,18,87,73.1,64.4,2.6,29.4,0,0.0,0.0,0.0
2018,10,19,86,75.9,73.6,1.3,29.4,0,0.0,0.0,0.0
2018,10,20,83.1,76.8,81.8,0,29.4,0,0.0,0.0,0.0
2018,10,21,76,74.5,94.6,1.3,29.5,1.9,0.0,0.0,0.0
2018,10,22,79.9,75.9,88.3,1.4,29.5,2.28,0.0,0.0,0.0
2018,10,23,79.3,75.9,90.3,1,29.5,1.39,0.0,0.0,0.0
2018,10,24,79.6,76.3,89.4,0.8,29.5,2,0.0,0.0,0.0
2018,10,25,80.4,75.9,86.6,1.4,29.5,1.17,0.0,0.0,0.0
2018,10,26,82.8,76.3,82.4,1.3,29.5,0,0.0,0.0,0.0
2018,10,27,83.5,75.8,79,1.1,29.5,0,0.0,0.0,0.0
2018,10,28,82.5,74.4,77.8,1.1,29.5,0,0.0,0.0,0.0
2018,10,29,82.6,75.5,80.8,0.9,29.5,0,0.0,0.0,0.0
2018,10,30,81.5,74.5,80.3,0.8,29.5,0,0.0,0.0,0.0
2018,10,31,79.6,69.9,74.9,2,29.5,0,0.0,0.0,0.0
2018,11,1,78.5,70.3,77.8,0.8,29.5,0,0.0,0.0,0.0
2018,11,2,77.3,68.9,77.5,0.5,29.5,0,0.0,0.0,0.0
2018,11,3,75.9,68.1,79.1,0.9,29.5,0,0.0,0.0,0.0
2018,11,4,77.6,68.3,76,1,29.5,0,0.0,0.0,0.0
2018,11,5,78,69.5,76.8,1.3,29.5,0,0.0,0.0,0.0
2018,11,6,79,70,77,1.3,29.5,0,0.0,0.0,0.0
2018,11,7,79.9,71.4,77.3,0.9,29.5,0,0.0,0.0,0.0
2018,11,8,81.4,72.1,75.8,1.5,29.4,0,2.0,0.0,1.0
2018,11,9,79.1,74.1,85.1,0.6,29.4,0.04,2.5,0.0,1.25
2018,11,10,77.5,74.4,89.9,1.1,29.5,0.13,3.5,0.0,1.75
2018,11,11,80.4,75.4,85.4,0.9,29.5,0.1,8.0,0.0,4.0
2018,11,12,81,75.5,84.3,1,29.4,0,0.0,0.0,0.0
2018,11,13,81.6,75.4,83,1.4,29.4,0.15,0.0,0.0,0.0
2018,11,14,82.1,76.3,83.5,0.6,29.4,0,0.0,0.0,0.0
2018,11,15,83.3,75.6,80.3,1,29.4,0,0.0,0.0,0.0
2018,11,16,83.9,76.6,79.9,0.6,29.4,0,0.0,0.0,0.0
2018,11,17,83.9,76.8,80.4,0.4,29.4,0,0.0,0.0,0.0
2018,11,18,82.1,75,79.8,1.8,29.5,0,0.0,0.0,0.0
2018,11,19,81.9,73.9,78.6,1,29.5,0,0.0,0.0,0.0
2018,11,20,83,74.5,77.3,0.6,29.5,0,0.0,0.0,0.0
2018,11,21,83.1,73.6,75,1.8,29.5,0,0.0,0.0,0.0
2018,11,22,80.9,74.3,81,1.3,29.5,0,0.0,0.0,0.0
2018,11,23,79.9,73.9,82.5,0.6,29.5,0,0.0,0.0,0.0
2018,11,24,80.3,72.3,78,0.9,29.5,0,0.0,0.0,0.0
2018,11,25,79.8,72.8,80,0.6,29.5,0,0.0,0.0,0.0
2018,11,26,78.4,70,77.3,0.3,29.5,0,0.0,0.0,0.0
2018,11,27,76.4,66.1,73.8,0.8,29.6,0,0.0,0.0,0.0
2018,11,28,75.5,65.5,73.1,1.1,29.6,0,0.0,0.0,0.0
2018,11,29,77.6,68.5,73.6,0.9,29.6,0,0.0,0.0,0.0
2018,11,30,79.6,70.9,75.4,2.3,29.6,0,0.0,0.0,0.0
2018,12,1,80.1,72.1,77.9,0.5,29.5,0,0.0,0.0,0.0
2018,12,2,81.3,73,77.5,0.6,29.4,0,0.0,0.0,0.0
2018,12,3,81.4,73.1,77.4,1,29.5,0,0.0,0.0,0.0
2018,12,4,82.6,72.9,74.9,0.6,29.5,0,0.0,0.0,0.0
2018,12,5,82,72.3,75.1,0.8,29.4,0,0.0,0.0,0.0
2018,12,6,81.1,71.6,75.4,1,29.4,0,0.0,0.0,0.0
2018,12,7,80.9,72,77,0.6,29.4,0,0.0,0.0,0.0
2018,12,8,78,74.4,88.6,0,29.5,0.04,1.0,0.0,0.5
2018,12,9,77.5,73.1,86.9,0.8,29.5,0.05,1.0,0.0,0.5
2018,12,10,77.5,71.8,83.3,0.8,29.5,0,0.0,0.0,0.0
2018,12,11,79,72.4,81.8,1.3,29.5,0,0.0,0.0,0.0
2018,12,12,77.4,73.5,88.5,0.8,29.5,0.29,0.0,0.0,0.0
2018,12,13,76.6,70.6,82.6,1.1,29.6,0.29,0.0,0.0,0.0
2018,12,14,75,68.1,80.9,1,29.6,0,0.0,0.0,0.0
2018,12,15,76.3,68.3,78,0.6,29.6,0,0.0,0.0,0.0
2018,12,16,79,68.1,72.3,1,29.6,0,0.0,0.0,0.0
2018,12,17,78.3,68.1,73,1,29.6,0,0.0,0.0,0.0
2018,12,18,77.4,69,77,0.5,29.6,0,0.0,0.0,0.0
2018,12,19,77.9,68.9,76.1,0.6,29.5,0,0.0,0.0,0.0
2018,12,20,80.3,70,73.6,1.4,29.5,0,0.0,0.0,0.0
2018,12,21,82.9,70.9,69.4,1.9,29.4,0,0.0,0.0,0.0
2018,12,22,81.9,69.9,69.5,2,29.5,0,0.0,0.0,0.0
2018,12,23,81.1,66.9,64,3,29.5,0,0.0,0.0,0.0
2018,12,24,78.1,64.5,65.6,1.6,29.5,0,0.0,0.0,0.0
2018,12,25,78.3,63.1,64,2,29.4,0,0.0,0.0,0.0
2018,12,26,76.5,61.9,64.9,0.6,29.4,0,0.0,0.0,0.0
2018,12,27,75.4,61.5,66.3,0.8,29.4,0,0.0,0.0,0.0
2018,12,28,76.4,63,66.1,1.5,29.4,0,0.0,0.0,0.0
2018,12,29,75.3,69.8,82.5,0.9,29.5,0.12,0.0,0.0,0.0
2018,12,30,74,68.3,82.1,0.3,29.6,0.07,0.0,0.0,0.0
2018,12,31,74.9,68.1,81.1,0,29.6,0,0.0,0.0,0.0
2019,1,1,76.5,66,73,1.1,29.6,0,0.0,0.0,0.0
2019,1,2,73.6,63.5,73.3,0.8,29.6,0,0.0,0.0,0.0
2019,1,3,75,63.3,69,1.4,29.6,0,0.0,0.0,0.0
2019,1,4,76.6,63.9,66.6,2.3,29.6,0,0.0,0.0,0.0
2019,1,5,78,66.1,68.8,1.1,29.6,0,0.0,0.0,0.0
2019,1,6,77.1,70.8,81.4,0.4,29.6,0.02,0.0,0.0,0.0
2019,1,7,79.6,71,76.6,1,29.5,0.02,0.0,0.0,0.0
2019,1,8,75.5,72.6,89.9,0.6,29.5,0.47,0.0,0.0,0.0
2019,1,9,76.4,73.4,90.5,0,29.5,0.52,0.0,0.0,0.0
2019,1,10,79.3,73.8,84.4,0.6,29.5,0.02,0.0,0.0,0.0
2019,1,11,80.4,73.6,81.4,0.4,29.5,0,0.0,0.0,0.0
2019,1,12,81.4,72.1,75.3,2.8,29.5,0.01,0.0,0.0,0.0
2019,1,13,82.6,71.4,71,1.3,29.5,0.01,0.0,0.0,0.0
2019,1,14,82.1,71.6,72.5,1.3,29.4,0,0.0,0.0,0.0
2019,1,15,81,71,73.3,0.3,29.4,0,0.0,0.0,0.0
2019,1,16,79.4,68.3,70.8,1,29.5,0,0.0,0.0,0.0
2019,1,17,79.6,68,70.6,0.9,29.5,0,0.0,0.0,0.0
2019,1,18,78,66.8,71,0.4,29.5,0,0.0,0.0,0.0
2019,1,19,78,66,69.3,0.9,29.5,0,0.0,0.0,0.0
2019,1,20,79.6,66,66.4,0.4,29.5,0,0.0,0.0,0.0
2019,1,21,78.6,65.5,66,1.3,29.5,0,0.0,0.0,0.0
2019,1,22,78.6,66.8,69.6,1.4,29.5,0,0.0,0.0,0.0
2019,1,23,79.3,65.9,66.4,0.9,29.5,0,0.0,0.0,0.0
2019,1,24,78.1,63.5,64.8,0.3,29.5,0,0.0,0.0,0.0
2019,1,25,76.6,63.8,67.9,0.6,29.5,0,0.0,0.0,0.0
2019,1,26,76.3,63.4,66.8,1.4,29.6,0,0.0,0.0,0.0
2019,1,27,75.1,62.4,67.8,0.8,29.6,0,0.0,0.0,0.0
2019,1,28,75.4,62,67.4,0.9,29.6,0,0.0,0.0,0.0
2019,1,29,75.3,62.1,66.6,0.3,29.5,0,0.0,0.0,0.0
2019,1,30,76.4,63.4,67.6,0.4,29.5,0,0.0,0.0,0.0
2019,1,31,79.1,64.1,64,0.4,29.5,0,0.0,0.0,0.0
2019,2,1,78.9,64.4,63.3,0,29.5,0,0.0,0.0,0.0
2019,2,2,80.8,66.3,64.4,0.5,29.5,0,0.0,0.0,0.0
2019,2,3,82.5,63.1,57.3,0.6,29.5,0,0.0,0.0,0.0
2019,2,4,82.6,62,54.5,0.5,29.5,0,0.0,0.0,0.0
2019,2,5,82.8,58.9,50.8,1.6,29.5,0,0.0,0.0,0.0
2019,2,6,80.5,57.6,51.5,1.5,29.4,0,0.0,0.0,0.0
2019,2,7,81.9,61,53.5,0.6,29.5,0,0.0,0.0,0.0
2019,2,8,81.6,58,50.6,1.9,29.5,0,0.0,0.0,0.0
2019,2,9,82.1,56.4,47.6,1.8,29.5,0,0.0,0.0,0.0
2019,2,10,83,57.4,45.9,2.4,29.5,0,0.0,0.0,0.0
2019,2,11,82.4,64.4,57.3,0.3,29.5,0,0.5,0.0,0.25
2019,2,12,82.9,72,70.6,1.3,29.6,0,0.0,0.0,0.0
2019,2,13,84,70.1,65.6,0.6,29.6,0,0.0,0.0,0.0
2019,2,14,84.5,70.5,65.6,1,29.5,0,0.0,0.0,0.0
2019,2,15,82.5,70.6,68.1,0.6,29.5,0,0.0,0.0,0.0
2019,2,16,81.3,69.8,69.3,1.8,29.5,0,0.0,0.0,0.0
2019,2,17,82.3,67,62.9,3.3,29.4,0,0.0,0.0,0.0
2019,2,18,84.3,61.1,46.5,7.5,29.4,0,0.0,0.0,0.0
2019,2,19,83,62.5,53.8,3.5,29.5,0,0.0,0.0,0.0
2019,2,20,84.4,62.9,51,2,29.5,0,0.0,0.0,0.0
2019,2,21,84.5,62.9,50.6,1.5,29.5,0,0.0,0.0,0.0
2019,2,22,85.8,61.8,47.5,4,29.4,0,0.0,0.0,0.0
2019,2,23,86.6,59.6,42.8,5.4,29.4,0,0.0,0.0,0.0
2019,2,24,88,60.1,40.5,4,29.4,0,0.0,0.0,0.0
2019,2,25,86.3,63.6,49.1,1.8,29.4,0,0.0,0.0,0.0
2019,2,26,85.8,64.6,51.8,1.8,29.4,0,0.0,0.0,0.0
2019,2,27,85.1,67.3,56.9,0.6,29.4,0,0.0,0.0,0.0
2019,2,28,86.3,65.4,50.8,1.6,29.4,0,0.0,0.0,0.0
2019,3,1,88.8,65.9,48.4,2.6,29.4,0,0.0,0.0,0.0
2019,3,2,89,62.9,43.3,6.4,29.4,0,0.0,0.0,0.0
2019,3,3,88.5,62.6,43.6,5.9,29.3,0,0.0,0.0,0.0
2019,3,4,87.3,58.4,40.9,6.4,29.3,0,0.0,0.0,0.0
2019,3,5,85.8,58.9,43.4,5.8,29.4,0,0.0,0.0,0.0
2019,3,6,87.9,60.3,42.3,4.6,29.4,0,0.0,0.0,0.0
2019,3,7,89.6,57.8,36.1,5.3,29.4,0,0.0,0.0,0.0
2019,3,8,88.5,63,46.8,5,29.4,0,0.0,0.0,0.0
2019,3,9,88.6,61.8,43.6,6.5,29.4,0,0.0,0.0,0.0
2019,3,10,87,59.4,41.9,7.3,29.4,0,0.0,0.0,0.0
2019,3,11,86.5,52.6,34.1,1.3,29.4,0,0.0,0.0,0.0
2019,3,12,88.8,61.8,41.8,2.6,29.4,0,0.0,0.0,0.0
2019,3,13,89,63,45,3.8,29.4,0,0.5,0.0,0.25
2019,3,14,89.9,66.4,48,3,29.4,0,0.0,0.0,0.0
2019,3,15,87.6,67.5,53.6,2.5,29.5,0,0.0,0.0,0.0
2019,3,16,89.3,61.3,40.4,3.3,29.5,0,0.0,0.0,0.0
2019,3,17,88.5,67.3,50.9,0.5,29.4,0,0.0,0.0,0.0
2019,3,18,86.1,68.9,57.9,2.4,29.4,0.01,0.0,0.0,0.0
2019,3,19,89.1,67.3,50.3,4.3,29.4,0.01,0.0,0.0,0.0
2019,3,20,88.4,67.1,52.8,3.4,29.4,0,0.0,0.0,0.0
2019,3,21,90.9,63.4,43,7.3,29.4,0,0.0,0.0,0.0
2019,3,22,91.8,61.6,38,6,29.4,0,0.0,0.0,0.0
2019,3,23,90.8,64.6,44.6,1.8,29.4,0,0.0,0.0,0.0
2019,3,24,90.8,67.4,48.6,1.8,29.3,0,0.0,0.0,0.0
2019,3,25,88.1,70.8,57.1,3.1,29.4,0,0.0,0.0,0.0
2019,3,26,85.9,74.1,69.3,2.5,29.5,0,0.0,0.0,0.0
2019,3,27,84.9,70.8,64.1,3.8,29.5,0.06,0.0,0.0,0.0
2019,3,28,88.8,69.8,54.5,5.8,29.4,0,0.0,0.0,0.0
2019,3,29,90.6,64.3,44.9,5.6,29.3,0,0.0,0.0,0.0
2019,3,30,92,63.9,40.5,5.8,29.4,0,0.0,0.0,0.0
2019,3,31,92.8,49.3,23,7.3,29.4,0,0.0,0.0,0.0
2019,4,1,88.8,58.9,38.5,2.1,29.4,0,0.0,0.0,0.0
2019,4,2,88.4,71,57.5,1.4,29.4,0,0.0,0.0,0.0
2019,4,3,90.8,65.6,47.1,2.8,29.4,0,0.0,0.0,0.0
2019,4,4,90.4,69.4,53,2.5,29.4,0,0.0,0.0,0.0
2019,4,5,92.6,69.3,48.6,3.3,29.4,0,0.0,0.0,0.0
2019,4,6,91.3,69.5,50.9,1.8,29.4,0,0.0,0.0,0.0
2019,4,7,90.9,66.5,47.6,2.6,29.4,0,0.0,0.0,0.0
2019,4,8,90.8,65.3,48.1,3.6,29.4,0,0.0,0.0,0.0
2019,4,9,93.5,67,43.6,5.1,29.4,0,0.0,0.0,0.0
2019,4,10,94.1,66,41.5,4.1,29.3,0,0.0,0.0,0.0
2019,4,11,95.6,63.3,35.3,5.1,29.3,0,0.0,0.0,0.0
2019,4,12,94.9,67,41.6,7,29.3,0,0.0,0.0,0.0
2019,4,13,93.9,66.4,44.1,4.3,29.3,0,0.0,0.0,0.0
2019,4,14,94.8,63,36.3,4.8,29.3,0,0.0,0.0,0.0
2019,4,15,93.6,66.4,41.8,6.6,29.4,0,0.0,0.0,0.0
2019,4,16,93.1,70.6,50.6,3.3,29.4,0,0.0,0.0,0.0
2019,4,17,95,70.8,46.4,3.8,29.3,0.02,0.0,0.0,0.0
2019,4,18,96.4,67.8,40.3,6.3,29.3,0.02,0.0,0.0,0.0
2019,4,19,93.8,67.5,43.1,9.4,29.3,0,0.0,0.0,0.0
2019,4,20,94.3,69.5,46.1,7.9,29.2,0,0.0,0.0,0.0
2019,4,21,94.1,70.5,46.8,6.4,29.2,0,0.0,0.0,0.0
2019,4,22,91.1,71.3,53.5,2.3,29.3,0,0.0,0.0,0.0
2019,4,23,87.5,71.1,62.1,3.5,29.4,0,0.5,0.0,0.25
2019,4,24,88.9,72.3,62,2.5,29.4,0.37,0.0,0.0,0.0
2019,4,25,89,73.4,63.1,3.9,29.3,1.48,0.0,0.0,0.0
2019,4,26,90.1,73.5,62.8,1.4,29.3,1.48,12.5,0.0,6.25
2019,4,27,89.8,72.1,58.6,2.3,29.3,0.01,0.0,0.0,0.0
2019,4,28,92.9,67.9,45.6,4.5,29.3,0,0.0,0.0,0.0
2019,4,29,95.1,66.8,40.9,4.1,29.3,0,0.0,0.0,0.0
2019,4,30,94,68,44.3,8.1,29.3,0,0.0,0.0,0.0
2019,5,1,92.1,70.3,50.3,10.4,29.3,0,0.0,0.0,0.0
2019,5,2,91.8,71.3,51.8,9,29.3,0,0.0,0.0,0.0
2019,5,3,93.3,72.3,51.5,10.6,29.3,0,0.0,0.0,0.0
2019,5,4,93.4,72.8,52.1,9.4,29.3,0,0.0,0.0,0.0
2019,5,5,92,71.8,52.6,9.4,29.3,0,0.0,0.0,0.0
2019,5,6,91,71.9,54.4,10.6,29.3,0,0.0,0.0,0.0
2019,5,7,91.4,71.5,52.8,9.6,29.2,0,0.0,0.0,0.0
2019,5,8,88.1,73.6,62.1,8.3,29.2,0.2,0.0,0.0,0.0
2019,5,9,87.9,73.3,62.9,6.6,29.2,0.52,7.5,5.5,6.5
2019,5,10,88,75.1,67.3,4.5,29.3,0.52,0.0,0.0,0.0
2019,5,11,91,73.3,56.5,7.5,29.3,0,0.0,0.0,0.0
2019,5,12,90.6,73.9,59.6,7.3,29.3,0,4.5,0.0,2.25
2019,5,13,85,73.8,71.3,4.4,29.3,0.22,14.5,0.0,7.25
2019,5,14,83.6,75.8,78.6,2.4,29.3,0.08,0.0,0.0,0.0
2019,5,15,82.1,76.6,84.3,1.6,29.3,0.34,13.0,0.0,6.5
2019,5,16,89,72.1,59.8,6.8,29.3,0.25,7.5,0.0,3.75
2019,5,17,90.4,71.8,55.3,9.3,29.3,0,0.0,0.0,0.0
2019,5,18,91.4,72.3,54.1,8.9,29.3,0,0.0,0.0,0.0
2019,5,19,92.5,73.5,55,7.1,29.3,0,0.0,0.0,0.0
2019,5,20,93.3,74.1,54.3,6.8,29.3,0,0.0,0.0,0.0
2019,5,21,91.3,73.9,57.8,6.3,29.3,0,0.0,0.0,0.0
2019,5,22,83.8,75.5,77.8,1.6,29.4,1.17,0.5,0.0,0.25
2019,5,23,85.3,75,73,2.4,29.4,0,0.0,0.0,0.0
2019,5,24,87.8,73,61.9,5,29.3,0,0.0,0.0,0.0
2019,5,25,89.4,72.9,58.8,7.6,29.3,0,0.0,0.0,0.0
2019,5,26,89,71.6,57.6,9.5,29.3,0,0.0,0.0,0.0
2019,5,27,89.4,74.3,61.5,5,29.3,0,0.5,0.0,0.25
2019,5,28,90,74.4,60.8,3.6,29.3,0,20.5,18.5,19.5
2019,5,29,80.9,76.6,87.8,0.6,29.3,1.94,6.5,10.5,8.5
2019,5,30,82.5,77.7,85.2,0.3,29.3,1.13,9.5,14.5,12.0
2019,5,31,83.9,75.4,76.6,2.1,29.3,1.15,0.0,0.0,0.0
2019,6,1,85.1,74.5,70.9,3.5,29.3,0.13,0.0,0.0,0.0
2019,6,2,86.3,73,65.3,6.1,29.3,0,9.5,0.0,4.75
2019,6,3,84.6,76.1,76.3,1.6,29.3,0,0.0,0.5,0.25
2019,6,4,87.6,73.9,64.1,3.8,29.3,0,0.0,0.0,0.0
2019,6,5,88.3,73.5,62,4.6,29.3,0.08,0.0,0.0,0.0
2019,6,6,85.6,75.6,73.3,1.5,29.4,0.08,0.0,0.0,0.0
2019,6,7,87.5,75.3,69.6,3,29.4,0,0.0,0.0,0.0
2019,6,8,87.3,77.1,73.6,0.4,29.3,0.71,3.5,7.5,5.5
2019,6,9,85.3,77.3,77.3,3,29.3,0.17,4.0,0.0,2.0
2019,6,10,84.5,76.1,76.6,2.6,29.3,0.08,20.5,5.0,12.75
2019,6,11,84.3,76.4,78.3,1.9,29.3,0.09,1.5,0.0,0.75
2019,6,12,83.1,78.5,86.6,0.6,29.3,0.03,7.5,6.0,6.75
2019,6,13,83.9,78.4,85.3,1.1,29.3,0.04,7.5,16.0,11.75
2019,6,14,84,78.9,85.3,0.3,29.3,0.06,39.5,5.5,22.5
2019,6,15,81.9,77.5,87.1,0.8,29.3,0.5,9.5,6.0,7.75
2019,6,16,83,77.3,83.5,1.8,29.3,0.5,3.5,1.5,2.5
2019,6,17,82.6,78.8,88.1,2.1,29.3,0.43,1.5,0.5,1.0
2019,6,18,81.1,77.4,88.4,0.3,29.3,0.7,2.5,10.0,6.25
2019,6,19,81.5,77.1,87.5,0.8,29.3,0.94,7.0,6.0,6.5
2019,6,20,82.8,75.3,79.3,1.3,29.3,0.94,0.0,2.5,1.25
2019,6,21,86.8,73.8,66.9,4.5,29.3,0.18,0.0,0.0,0.0
2019,6,22,89.1,73.6,60.5,7.8,29.3,0,0.0,0.0,0.0
2019,6,23,91,74.8,59.8,7,29.2,0,0.0,0.0,0.0
2019,6,24,87.9,76.5,70.4,1.9,29.3,0.02,0.0,0.0,0.0
2019,6,25,85.8,75.9,74.3,3.5,29.3,0.02,1.0,0.5,0.75
2019,6,26,86.6,74,66.3,6.6,29.3,0.02,10.0,0.5,5.25
2019,6,27,83.6,72.9,70.8,8.6,29.3,0.03,0.5,0.0,0.25
2019,6,28,84.8,73.1,68.6,5.5,29.2,0.03,0.0,0.0,0.0
2019,6,29,84.3,75.4,75,1.8,29.3,0.04,0.0,0.0,0.0
2019,6,30,82.5,75,78.3,2.6,29.3,0.13,0.0,0.0,0.0
2019,7,1,82.8,73.3,73.1,4.1,29.3,0.13,0.0,0.0,0.0
2019,7,2,82.8,73.6,73.6,5.6,29.3,0.15,0.0,0.0,0.0
2019,7,3,80.4,72.5,77.3,5.1,29.3,0.24,0.5,0.5,0.5
2019,7,4,83,71.4,68.3,6.8,29.3,0.11,0.0,0.0,0.0
2019,7,5,82.4,73.4,74.1,4.4,29.3,0,0.5,0.0,0.25
2019,7,6,84.1,71.5,66.5,6.6,29.3,0,0.0,0.0,0.0
2019,7,7,83.8,72.5,68.9,5.8,29.3,0.06,0.0,0.5,0.25
2019,7,8,84.8,72.9,68.1,5.4,29.4,0.06,0.0,0.0,0.0
2019,7,9,84.1,72,67.9,6.9,29.4,0,0.0,0.0,0.0
2019,7,10,83.5,72.6,69.3,6.3,29.4,0.05,0.0,0.0,0.0
2019,7,11,85.6,72.5,65.1,5.6,29.4,0,0.0,0.0,0.0
2019,7,12,86.4,72.9,64.5,8.3,29.4,0,0.0,0.0,0.0
2019,7,13,86.5,72.1,62,9.5,29.4,0,0.0,0.0,0.0
2019,7,14,84.5,72.1,66.9,8.6,29.3,0,0.0,0.0,0.0
2019,7,15,84.9,72.9,67.9,5.5,29.3,0,0.0,0.5,0.25
2019,7,16,85,73.9,69.6,5.9,29.3,0.08,0.0,0.0,0.0
2019,7,17,86.8,73.1,64.4,5.8,29.2,0.04,0.0,0.0,0.0
2019,7,18,88.5,72.9,60.3,8.4,29.2,0,0.0,0.0,0.0
2019,7,19,88.8,73,60,9.5,29.2,0,0.0,0.0,0.0
2019,7,20,88.8,73.3,60.9,8.9,29.3,0,0.0,0.0,0.0
2019,7,21,85.6,75.1,71.9,4.8,29.3,1.19,17.5,8.5,13.0
2019,7,22,84.9,73.4,69.5,4.8,29.3,1.19,0.0,0.0,0.0
2019,7,23,84.9,74.6,71.1,5.4,29.3,0.01,1.0,1.0,1.0
2019,7,24,83,73.8,74.9,5.8,29.3,0.09,0.0,0.5,0.25
2019,7,25,81.4,72.8,75.4,5.3,29.4,0.09,2.5,1.5,2.0
2019,7,26,80.4,72.4,76.8,3.4,29.4,0.09,0.0,1.0,0.5
2019,7,27,82.5,69.8,65.6,5.5,29.4,0.08,0.0,0.0,0.0
2019,7,28,83.8,73.3,71.5,3.1,29.3,0.04,7.0,9.5,8.25
2019,7,29,85.1,71,63,10.5,29.3,0.04,0.0,0.0,0.0
2019,7,30,84.5,70.1,62.5,10.8,29.3,0,0.0,0.0,0.0
2019,7,31,84.6,70.9,63.4,9.5,29.3,0,0.0,0.0,0.0
2019,8,1,81.3,72.3,74.1,7.8,29.3,0.26,1.5,3.0,2.25
2019,8,2,82.3,70.6,68,10.8,29.3,0.11,0.0,1.0,0.5
2019,8,3,82.1,69.4,65.1,12.4,29.3,0,0.0,0.0,0.0
2019,8,4,81.8,72.2,72.8,7.8,29.2,0.09,4.0,10.5,7.25
2019,8,5,79.4,75.5,88.3,0.6,29.2,0.54,4.0,4.5,4.25
2019,8,6,79.6,76.8,90.9,0,29.3,0.4,9.5,13.5,11.5
2019,8,7,79.3,75.1,87.5,2.3,29.3,0.87,3.5,4.5,4.0
2019,8,8,82.3,74.8,79.1,4.5,29.3,0.89,0.5,0.5,0.5
2019,8,9,82.9,74.3,74.9,9.1,29.2,0.1,15.5,11.5,13.5
2019,8,10,80.5,76.8,88.4,0.9,29.1,0.72,35.5,4.5,20.0
2019,8,11,81.8,78.4,89.9,0.9,29.2,0.4,16.0,10.5,13.25
2019,8,12,81.8,76.9,86.4,1,29.3,0.1,8.0,2.5,5.25
2019,8,13,81.8,76.5,84.5,2.4,29.4,0.34,4.5,24.5,14.5
2019,8,14,83.3,73.6,73.1,5,29.4,0.32,0.0,0.0,0.0
2019,8,15,85,73.4,68.5,8.3,29.3,0,0.0,0.0,0.0
2019,8,16,85,73.1,67.8,8.6,29.3,0,0.0,0.0,0.0
2019,8,17,83.8,73,70,5.3,29.3,0,0.0,0.0,0.0
2019,8,18,84,74.3,72.3,4.3,29.4,0,2.5,0.0,1.25
2019,8,19,83,74,74.9,4.8,29.3,0.02,0.0,0.0,0.0
2019,8,20,86.1,73.6,66.8,6.3,29.3,0.01,0.0,0.0,0.0
2019,8,21,81.5,75,80.8,3.3,29.3,0.68,2.0,9.0,5.5
2019,8,22,80.9,76.5,87.6,1.6,29.3,0.69,0.0,0.0,0.0
2019,8,23,81,76.6,87,0.6,29.4,0.52,4.5,0.5,2.5
2019,8,24,83.3,73.6,73.5,5.1,29.3,0.14,0.0,0.0,0.0
2019,8,25,83,74.5,75.8,2.6,29.3,0,5.5,0.0,2.75
2019,8,26,83.4,72.6,69.9,7.1,29.3,0,1.0,0.0,0.5
2019,8,27,84.5,72.6,68.3,6.6,29.3,0,0.0,0.0,0.0
2019,8,28,84,71.9,67.1,5.9,29.3,0,0.0,0.0,0.0
2019,8,29,85.5,73.6,67.3,6.5,29.3,0,0.0,0.0,0.0
2019,8,30,82.5,74.3,76,8.4,29.1,0.04,24.0,39.0,31.5
2019,8,31,77.4,74.8,92.4,0,29.2,2.83,0.0,0.0,0.0
2019,9,1,80.3,76.9,90,0.6,29.3,1.33,3.0,2.0,2.5
2019,9,2,81.5,74.6,80.6,4.1,29.3,0.14,0.5,2.5,1.5
2019,9,3,81.9,72.8,74.3,5.1,29.3,0.15,0.0,0.0,0.0
2019,9,4,83.8,72.6,69.5,8,29.3,0.04,11.5,0.0,5.75
2019,9,5,83.3,71.9,68.5,7.5,29.3,0,0.0,0.0,0.0
2019,9,6,82.8,72.4,71.1,5.3,29.3,0,1.0,0.0,0.5
2019,9,7,83.4,72.6,69.5,6,29.4,0,0.0,0.0,0.0
2019,9,8,83.8,72.5,69.5,7,29.4,0,0.0,0.0,0.0
2019,9,9,83.5,72.3,68.4,7.4,29.3,0,0.0,0.0,0.0
2019,9,10,82.6,72.8,72,4.9,29.4,0.08,2.0,0.0,1.0
2019,9,11,79.5,74.1,83.4,2.3,29.5,0.06,0.0,0.5,0.25
2019,9,12,82.8,71.8,70.4,3.6,29.5,0.06,0.0,0.0,0.0
2019,9,13,84.5,72,66.9,7.9,29.4,0,0.0,0.0,0.0
2019,9,14,86.4,74.8,69.8,2.4,29.3,0,1.0,0.0,0.5
2019,9,15,83.4,76.8,81.1,1.5,29.3,0.45,0.0,0.0,0.0
2019,9,16,84.8,76.5,78.3,0.4,29.3,0.45,0.0,0.0,0.0
2019,9,17,85.8,75.8,73.3,0.6,29.3,0,0.0,1.0,0.5
2019,9,18,86.8,76.5,72.6,0.6,29.4,0,0.0,0.0,0.0
2019,9,19,80.8,76,86.4,1,29.4,1.75,11.5,0.0,5.75
2019,9,20,79.8,76.6,90.8,0.6,29.4,1.92,2.0,2.5,2.25
2019,9,21,80.4,76.3,88.1,0.6,29.4,1.15,4.0,7.0,5.5
2019,9,22,80.6,75.8,85.9,0.4,29.4,0.28,0.0,0.0,0.0
2019,9,23,81.3,74.1,80.5,1.4,29.5,0.2,0.0,0.0,0.0
2019,9,24,82,75.6,81.9,0.3,29.5,0.12,0.0,13.5,6.75
2019,9,25,81.9,75.6,82.8,0,29.6,0.12,0.0,0.0,0.0
2019,9,26,82.6,74.8,79.3,0.4,29.5,0,0.0,0.0,0.0
2019,9,27,79.9,75.3,85.4,1.1,29.6,0.19,1.0,0.0,0.5
2019,9,28,81.9,74.9,80.5,1.4,29.5,0.19,0.0,0.0,0.0
2019,9,29,83.3,75.5,79.3,0,29.5,0,0.0,0.0,0.0
2019,9,30,84.1,75,75.8,0.6,29.4,0,0.0,0.0,0.0
2019,10,1,85.4,74.8,71.9,1.4,29.4,0,2.5,0.0,1.25
2019,10,2,86.1,74.5,69.3,1.1,29.4,0,0.0,0.0,0.0
2019,10,3,83.6,74.8,75.5,1.5,29.4,0,0.0,0.0,0.0
2019,10,4,83.6,74,74.5,2,29.4,0,15.0,27.0,21.0
2019,10,5,79.5,74.4,84.1,0,29.4,1.63,0.5,0.0,0.25
2019,10,6,82.3,75.1,80,0.4,29.4,0.05,0.0,0.5,0.25
2019,10,7,81.4,74.8,81,0.9,29.4,0,9.5,0.0,4.75
2019,10,8,80.6,74,81.6,0.9,29.5,0.02,3.0,0.0,1.5
2019,10,9,83,76.1,80.3,0.6,29.4,0.02,0.0,0.0,0.0
2019,10,10,83.4,76.5,81.1,1.4,29.4,0,1.0,3.0,2.0
2019,10,11,81.5,74.1,80,0.3,29.4,0.49,0.0,0.0,0.0
2019,10,12,84.1,75.8,77.6,0.5,29.4,0,0.0,1.0,0.5
2019,10,13,80.6,76.9,88.5,0,29.4,0.97,51.5,23.5,37.5
2019,10,14,83,75.4,79.8,0,29.5,0.97,0.0,0.0,0.0
2019,10,15,82.5,74,77.4,0.3,29.5,0.02,0.0,0.0,0.0
2019,10,16,82,75.3,80.8,1.4,29.5,0,0.0,0.0,0.0
2019,10,17,81.9,75.4,82.1,1.1,29.5,1.02,0.0,0.5,0.25
2019,10,18,82.9,74.6,78.5,1.3,29.5,0,0.0,0.0,0.0
2019,10,19,82,74.8,80.1,0.4,29.5,0,0.0,0.0,0.0
2019,10,20,81.8,74.3,79.5,0.5,29.5,0,0.0,0.0,0.0
2019,10,21,81.9,74.9,80.8,0,29.4,0,0.0,0.0,0.0
2019,10,22,83.8,74.6,76.5,0.6,29.4,0,0.0,0.0,0.0
2019,10,23,85.1,74.6,73.9,0.8,29.4,0,0.0,0.0,0.0
2019,10,24,86.1,76.1,74.8,0.8,29.4,0,21.0,34.0,27.5
2019,10,25,83.3,77.5,83.3,1.5,29.4,0.96,0.0,0.5,0.25
2019,10,26,83.8,76.6,80.8,0.9,29.4,0.96,0.0,0.0,0.0
2019,10,27,83.8,76.6,80.1,0.6,29.4,0,0.0,0.5,0.25
2019,10,28,84.3,75.8,77.8,1,29.4,0,0.0,0.0,0.0
2019,10,29,84.5,75.5,76.6,0.3,29.4,0,0.0,0.0,0.0
2019,10,30,82,75.3,80.9,0.6,29.4,0,0.0,0.0,0.0
2019,10,31,82.4,73.1,75.4,1.6,29.4,0,0.0,0.0,0.0
2019,11,1,78.3,68.9,74.9,0.9,29.4,0,0.0,0.0,0.0
2019,11,2,77.6,73.1,86,1,29.4,0.09,0.0,0.0,0.0
2019,11,3,81.9,74.3,79.1,0.4,29.4,0.09,0.0,0.0,0.0
2019,11,4,81.6,74.5,81.5,0.4,29.5,1.72,0.0,0.0,0.0
2019,11,5,79.9,72.9,81.5,0.9,29.4,1.72,0.0,0.0,0.0
2019,11,6,80.1,72,78.4,0.6,29.4,0,0.0,0.0,0.0
2019,11,7,81.3,73.6,79.8,0,29.4,0,0.0,0.0,0.0
2019,11,8,78.9,74.1,86.3,0,29.5,0,0.0,0.0,0.0
2019,11,9,78.8,70.5,77.6,0.4,29.5,0,0.0,0.0,0.0
2019,11,10,78.3,70.5,78.9,0.4,29.5,0,0.0,0.0,0.0
2019,11,11,79.4,71.6,78.6,0,29.4,0,0.0,0.0,0.0
2019,11,12,80.3,71.8,76.8,0,29.4,0,0.0,0.0,0.0
2019,11,13,81.3,72.5,76.1,0,29.5,0,4.5,2.5,3.5
2019,11,14,80.3,73.8,81.9,0,29.5,0.36,0.0,0.0,0.0
2019,11,15,80.4,71.9,76.8,0.9,29.5,0.11,0.0,0.0,0.0
2019,11,16,80,71.4,76.8,0.4,29.5,0,0.0,0.0,0.0
2019,11,17,81.1,71.5,74.6,0.3,29.4,0,0.0,0.0,0.0
2019,11,18,81.8,71.1,72.6,0.3,29.4,0,0.0,0.0,0.0
2019,11,19,79.8,69.4,72.6,0.3,29.5,0,0.0,0.0,0.0
2019,11,20,78.9,69.1,73.8,0.8,29.5,0,0.0,0.0,0.0
2019,11,21,78,67.3,72.1,1.4,29.5,0,0.0,0.0,0.0
2019,11,22,77.3,66.9,73.1,1.1,29.5,0,0.0,0.0,0.0
2019,11,23,77.6,66.1,71.4,1.6,29.5,0,0.0,0.0,0.0
2019,11,24,76.9,65.1,70.4,1,29.5,0,0.0,0.0,0.0
2019,11,25,76.1,64.6,71.3,1,29.5,0,0.0,0.0,0.0
2019,11,26,76.1,64.1,70.1,1,29.5,0,0.0,0.0,0.0
2019,11,27,77.8,66.9,71.4,0.6,29.5,0,0.0,0.0,0.0
2019,11,28,81,69.9,71.1,1.9,29.5,0,0.0,0.0,0.0
2019,11,29,79.5,68.9,72.5,1.1,29.5,0,0.0,0.0,0.0
2019,11,30,79.9,68.3,70.8,0.5,29.5,0,0.0,0.0,0.0
2019,12,1,80.6,69,70.9,0.6,29.5,0,0.0,0.0,0.0
2019,12,2,77.1,69.3,78.1,1,29.5,0,0.0,0.0,0.0
2019,12,3,76.4,64.1,68.9,0.4,29.6,0,0.0,0.0,0.0
2019,12,4,72.6,60.4,68,1.1,29.6,0,0.0,0.0,0.0
2019,12,5,69.5,57.1,68.4,1,29.6,0,0.0,0.0,0.0
2019,12,6,67.3,53,65.1,2.1,29.7,0,0.0,0.0,0.0
2019,12,7,64.4,50.1,65.5,1.6,29.7,0,0.0,0.0,0.0
2019,12,8,63.5,49.8,65.5,1.3,29.7,0,0.0,0.0,0.0
2019,12,9,64.4,52.3,68.9,1,29.6,0,0.0,0.0,0.0
2019,12,10,66.8,54.9,69.4,1.1,29.6,0,0.0,0.0,0.0
2019,12,11,68.5,56.8,70,1.1,29.5,0,0.0,0.0,0.0
2019,12,12,70,58.5,70.5,1,29.6,0,0.0,0.0,0.0
2019,12,13,70.8,59.6,71.9,1.8,29.6,0,0.0,0.0,0.0
2019,12,14,72.3,61,71.1,1,29.6,0,0.0,0.0,0.0
2019,12,15,74.4,62.6,70.4,0.6,29.5,0,0.0,0.0,0.0
2019,12,16,75.9,63.5,68.9,0.9,29.5,0,0.0,0.0,0.0
2019,12,17,77,65,69.4,0.9,29.5,0,0.0,0.0,0.0
2019,12,18,78.5,66,68.5,0.4,29.5,0,0.0,0.0,0.0
2019,12,19,79.4,66.5,68.4,0.8,29.5,0,0.0,0.0,0.0
2019,12,20,79.9,68.5,70.1,1.3,29.4,0,0.0,0.0,0.0
2019,12,21,79.6,69.4,73.1,0.4,29.5,0,0.0,0.0,0.0
2019,12,22,79.1,66.1,67.5,0.5,29.5,0,0.0,0.0,0.0
2019,12,23,79.1,63.8,63,2.1,29.5,0,0.0,0.0,0.0
2019,12,24,77.6,64.1,66.4,0.6,29.5,0,0.0,0.0,0.0
2019,12,25,78.9,64.5,64.9,2.8,29.4,0,0.0,0.0,0.0
2019,12,26,78.3,64.9,65.6,0.5,29.5,0,0.0,0.0,0.0
2019,12,27,77.5,66.4,70.3,1.1,29.5,0,0.0,0.0,0.0
2019,12,28,78.9,66.8,69.5,2,29.5,0,0.0,0.0,0.0
2019,12,29,79,66,66.4,1.3,29.5,0,0.0,0.0,0.0
2019,12,30,79.6,67,66.6,1.1,29.5,0,0.0,0.0,0.0
2019,12,31,78.5,65.9,67.6,1.3,29.6,0,0.0,0.0,0.0
2020,1,1,77.9,65.6,68.8,1.3,29.6,0,0.0,0.0,0.0
2020,1,2,79.6,66.9,67.4,0.6,29.6,0,0.0,0.0,0.0
2020,1,3,78.1,65.4,68,0.9,29.6,0,0.0,0.0,0.0
2020,1,4,78,64.6,66.1,0.8,29.5,0,0.0,0.0,0.0
2020,1,5,80.1,66.6,65.8,1.3,29.5,0,0.0,0.0,0.0
2020,1,6,80.5,66.4,64.8,0.6,29.5,0,0.0,0.0,0.0
2020,1,7,80.3,65.8,64,0.4,29.5,0,0.0,0.0,0.0
2020,1,8,79.4,66.3,66.9,0.8,29.5,0,0.0,0.0,0.0
2020,1,9,78.9,64,64.5,0.8,29.4,0,0.0,0.0,0.0
2020,1,10,80.3,64,60.5,1.3,29.4,0,0.0,0.0,0.0
2020,1,11,81.3,55.3,45.6,2.9,29.4,0,0.0,0.0,0.0
2020,1,12,77,58.9,56.6,0.8,29.4,0,0.0,0.0,0.0
2020,1,13,78.8,67.1,68.5,0.6,29.4,0,0.0,0.0,0.0
2020,1,14,80.1,67.1,66.9,0,29.4,0,0.0,0.0,0.0
2020,1,15,81.3,67.4,64.5,0.6,29.4,0,0.0,0.0,0.0
2020,1,16,80.9,65.1,61.8,0.9,29.5,0,0.0,0.0,0.0
2020,1,17,80.1,65.6,64.9,0.9,29.5,0,0.0,0.0,0.0
2020,1,18,80.4,65.1,62.4,0.9,29.5,0,0.0,0.0,0.0
2020,1,19,80.8,66.5,63.5,0.6,29.5,0,0.0,0.0,0.0
2020,1,20,82.6,68.3,63.1,1.1,29.5,0,0.0,0.0,0.0
2020,1,21,82.5,69.5,66.4,0.9,29.5,0,0.0,0.0,0.0
2020,1,22,83.3,68.9,64.5,0.5,29.5,0,0.0,0.0,0.0
2020,1,23,84.8,64.4,52.6,3.6,29.5,0,0.0,0.0,0.0
2020,1,24,82.4,59.8,51.4,3,29.4,0,0.0,0.0,0.0
2020,1,25,82.3,56.3,44.3,6,29.4,0,0.0,0.0,0.0
2020,1,26,78.1,45,35.6,6.6,29.4,0,0.0,0.0,0.0
2020,1,27,78.3,47.6,37.3,8.6,29.4,0,0.0,0.0,0.0
2020,1,28,78.3,50.5,41,2.8,29.4,0,0.0,0.0,0.0
2020,1,29,76,53.5,48.6,1.1,29.5,0,0.0,0.0,0.0
2020,1,30,75.4,61,63,1,29.5,0,0.0,0.0,0.0
2020,1,31,78,62.1,61,1,29.5,0,0.0,0.0,0.0
2020,2,1,77.4,63.6,65.9,1.3,29.5,0,0.0,0.0,0.0
2020,2,2,80.4,64.8,61.8,0.6,29.5,0,0.0,0.0,0.0
2020,2,3,80.6,59.3,52.4,1.8,29.5,0,0.0,0.0,0.0
2020,2,4,81.5,59.5,51.1,2.4,29.4,0,0.0,0.0,0.0
2020,2,5,81,59.3,49.1,1.3,29.4,0,0.0,0.0,0.0
2020,2,6,82.6,57.4,44.3,3.1,29.5,0,0.0,0.0,0.0
2020,2,7,82.6,59.4,47.9,0.6,29.5,0,0.0,0.0,0.0
2020,2,8,81.5,63,55.8,1,29.5,0,0.0,0.0,0.0
2020,2,9,80.5,64.4,60.1,1.1,29.6,0,0.0,0.0,0.0
2020,2,10,79.1,62.3,59.5,1.6,29.5,0,0.0,0.0,0.0
2020,2,11,81,63.5,58,0.5,29.5,0,0.0,0.0,0.0
2020,2,12,84.6,61.9,49.4,2.3,29.5,0,0.0,0.0,0.0
2020,2,13,85.3,58.8,41.5,6.1,29.4,0,0.0,0.0,0.0
2020,2,14,81.5,59,48.3,5.8,29.4,0,0.0,0.0,0.0
2020,2,15,82.1,59.5,47.4,7.8,29.4,0,0.0,0.0,0.0
2020,2,16,82.5,59.6,48.8,2.3,29.5,0,0.0,0.0,0.0
2020,2,17,81.5,61.8,54,2,29.5,0,0.0,0.0,0.0
2020,2,18,81.9,64.1,55.6,2.1,29.5,0,0.0,0.0,0.0
2020,2,19,82.5,64.5,56,0.8,29.6,0,0.0,0.0,0.0
2020,2,20,81.9,63.4,56.4,1.1,29.5,0,0.0,0.0,0.0
2020,2,21,80.5,61.4,55.3,1.6,29.6,0,0.0,0.0,0.0
2020,2,22,79.9,60.3,54.9,1.5,29.6,0,0.0,0.0,0.0
2020,2,23,80.3,61,54.9,1.4,29.6,0,0.0,0.0,0.0
2020,2,24,81,61.1,54,1.6,29.5,0,0.0,0.0,0.0
2020,2,25,82.6,59.5,49.3,0.8,29.4,0,0.0,0.0,0.0
2020,2,26,81.8,59.8,49.6,0.9,29.4,0,0.0,0.0,0.0
2020,2,27,83.1,61.8,51.5,1.6,29.4,0,0.0,0.0,0.0
2020,2,28,84.8,65.1,54.3,1.3,29.4,0,0.0,0.0,0.0
2020,2,29,85.3,68,56.6,1.1,29.4,0,0.0,0.0,0.0
2020,3,1,86.1,64.8,51.9,1.9,29.4,0,0.0,0.0,0.0
2020,3,2,88,65,48.3,4,29.4,0,0.0,0.0,0.0
2020,3,3,88.8,65.5,46.5,5.1,29.4,0,0.0,0.0,0.0
2020,3,4,86.6,66.6,52.3,4.1,29.4,0,0.0,0.0,0.0
2020,3,5,87.1,67.9,53.8,2.9,29.4,0,0.0,0.0,0.0
2020,3,6,87.3,68.5,54.9,4.1,29.4,0,0.0,0.0,0.0
2020,3,7,87.5,63.4,46.5,4.6,29.4,0,0.0,0.0,0.0
2020,3,8,88.5,60.9,41.3,6.5,29.4,0,0.0,0.0,0.0
2020,3,9,90.3,59.8,36.3,9.1,29.3,0,0.0,0.0,0.0
2020,3,10,90.6,64.4,43.8,6.5,29.3,0,0.0,0.0,0.0
2020,3,11,90.9,59.9,36.6,4.8,29.4,0,0.0,0.0,0.0
2020,3,12,91.5,59.9,36.4,4.8,29.4,0,0.0,0.0,0.0
2020,3,13,90.9,59.3,36.6,2.5,29.4,0,0.0,0.0,0.0
2020,3,14,89.8,64.5,45,0.8,29.4,0,0.0,0.0,0.0
2020,3,15,86.8,69.1,56.1,2.1,29.4,0,0.0,0.0,0.0
2020,3,16,86.4,71.1,62.3,1,29.4,0,0.0,0.0,0.0
2020,3,17,90.4,65.5,46.8,2.8,29.4,0,0.0,0.0,0.0
2020,3,18,92,61.6,37.1,7.9,29.4,0,0.0,0.0,0.0
2020,3,19,91.3,64.6,43,5.1,29.4,0,0.0,0.0,0.0
2020,3,20,89.4,66.5,49,4.9,29.4,0,0.0,0.0,0.0
2020,3,21,88.3,64.4,47.3,4.5,29.4,0,0.0,0.0,0.0
2020,3,22,90,60.8,38,5.6,29.4,0,0.0,0.0,0.0
2020,3,23,90.9,61.5,39.9,3.9,29.4,0,0.0,0.0,0.0
2020,3,24,91.5,62.8,39.3,5.9,29.3,0,0.0,0.0,0.0
2020,3,25,89.5,62.6,41.5,2.8,29.3,0,0.0,0.0,0.0
2020,3,26,90,60.9,38.4,5.4,29.4,0,0.0,0.0,0.0
2020,3,27,91.1,59.8,36.1,7.3,29.4,0,0.0,0.0,0.0
2020,3,28,92,58.1,32.6,6.3,29.3,0,0.0,0.0,0.0
2020,3,29,91.6,58.9,33.9,7.8,29.3,0,0.0,0.0,0.0
2020,3,30,91.8,58.4,34,7.8,29.3,0,0.0,0.0,0.0
2020,3,31,92,65.6,43,5.3,29.3,0,0.0,0.0,0.0
2020,4,1,93.1,65.6,42.6,5.1,29.3,0,0.0,0.0,0.0
2020,4,2,93.5,61.5,34.8,5.5,29.3,0,0.0,0.0,0.0
2020,4,3,93,61.9,36.5,3.9,29.4,0,0.0,0.0,0.0
2020,4,4,93.5,62.9,36.5,3.6,29.4,0,0.0,0.0,0.0
2020,4,5,89.1,68.6,52.8,1.9,29.4,0,0.0,0.0,0.0
2020,4,6,91.8,68.5,48.4,5.8,29.4,0,0.0,0.0,0.0
2020,4,7,92.1,68.3,46.9,8.3,29.3,0,0.0,0.0,0.0
2020,4,8,92.3,63.4,40.6,6.1,29.4,0,0.0,0.0,0.0
2020,4,9,91.1,62.8,39.1,3.1,29.4,0,0.0,0.0,0.0
2020,4,10,88.4,66,51.8,2.8,29.4,0,0.0,0.0,0.0
2020,4,11,90.5,60.6,41.1,2.5,29.4,0,0.0,0.0,0.0
2020,4,12,93,62,37,3.5,29.4,0,0.0,0.0,0.0
2020,4,13,88.3,70.4,57.1,4.8,29.4,0,0.0,0.0,0.0
2020,4,14,85.1,71.3,65,3,29.5,0,0.0,0.0,0.0
2020,4,15,86.4,68.9,57.6,3.4,29.4,0.02,0.0,0.0,0.0
2020,4,16,90.5,66,47.8,4.6,29.4,0.02,0.0,0.0,0.0
2020,4,17,93.1,63.6,38,5.5,29.4,0,0.0,0.0,0.0
2020,4,18,90.9,68.8,50.3,3.4,29.4,0,0.0,0.0,0.0
2020,4,19,93,63.5,38.6,3.9,29.4,0,0.0,0.0,0.0
2020,4,20,95.8,64.4,36.3,3.3,29.4,0,0.0,0.0,0.0
2020,4,21,97.1,67.8,38.8,4.9,29.3,0,0.0,0.0,0.0
2020,4,22,95.9,64.5,35.5,8.5,29.3,0,0.0,0.0,0.0
2020,4,23,93,69.6,47.6,3.9,29.4,0,6.5,0.0,3.25
2020,4,24,87.4,71.4,61.5,1.9,29.4,0.1,0.5,0.0,0.25
2020,4,25,85,73.5,69.3,2.3,29.4,0.09,0.0,0.0,0.0
2020,4,26,84.4,71.3,67.3,2.1,29.5,0.01,0.0,0.0,0.0
2020,4,27,75.9,73.4,92.1,2.3,29.5,2.8,11.5,0.0,5.75
2020,4,28,84.3,73,71.5,1.5,29.5,2.36,0.0,0.0,0.0
2020,4,29,85.1,74,71.4,3,29.4,0,1.5,0.0,0.75
2020,4,30,85,74.6,72.5,3.3,29.4,0.06,0.0,0.0,0.0
2020,5,1,85.5,75.1,72.9,2.6,29.4,0,1.5,0.0,0.75
2020,5,2,83.3,76.5,81.8,1.3,29.4,0.52,0.0,0.0,0.0
2020,5,3,90.1,74.3,60.3,2.4,29.4,0.05,0.0,0.0,0.0
2020,5,4,91.1,72.4,55.1,2.8,29.4,0,0.0,0.0,0.0
2020,5,5,92.4,72.5,53.4,3.8,29.3,0,0.0,0.0,0.0
2020,5,6,92,74,56.4,4.9,29.3,0.03,0.0,0.0,0.0
2020,5,7,92.6,73,54.4,3.5,29.3,0.03,1.0,0.0,0.5
2020,5,8,86.4,77.6,76.3,1.8,29.3,1.34,0.0,0.0,0.0
2020,5,9,91.3,75.8,60.9,3.4,29.3,0,0.0,0.0,0.0
2020,5,10,89.1,75.4,64.9,1.6,29.3,0,0.0,0.0,0.0
2020,5,11,88.5,74.4,63.8,3,29.4,0,0.0,0.0,0.0
2020,5,12,88.4,74.9,66,1.1,29.4,0,0.0,0.0,0.0
2020,5,13,89.1,74.1,63.3,2.9,29.3,0,0.0,0.0,0.0
2020,5,14,91.8,73.3,56.4,3.1,29.3,0,0.0,0.0,0.0
2020,5,15,88,73.5,62.6,2.4,29.3,0,0.0,0.0,0.0
2020,5,16,93.4,72.5,51.6,4.5,29.3,0,0.0,0.0,0.0
2020,5,17,92.3,73.5,54.6,7.6,29.2,0,0.0,0.0,0.0
2020,5,18,90.8,75.6,61,6.5,29.2,0.35,0.0,7.0,3.5
2020,5,19,84.4,77.6,81.5,2.9,29.3,1.17,0.0,15.5,7.75
2020,5,20,85.5,76.9,77.3,2.3,29.3,1.17,0.0,17.5,8.75
2020,5,21,85.1,76,74.6,3.9,29.3,0.76,0.0,5.0,2.5
2020,5,22,88.9,74.8,63.8,5.9,29.3,0.5,0.0,0.0,0.0
2020,5,23,91.1,73.8,57.3,8.3,29.3,0,0.0,0.0,0.0
2020,5,24,91.6,73,54.3,7.6,29.3,0,0.0,0.0,0.0
2020,5,25,91.5,72.4,53.9,5,29.4,0,0.0,0.0,0.0
2020,5,26,90.8,73.4,57.6,9,29.4,0,0.0,0.0,0.0
2020,5,27,89.8,73.4,59.3,8.6,29.4,0,0.0,0.0,0.0
2020,5,28,89.1,73.4,59.9,8.8,29.4,0,0.0,0.0,0.0
2020,5,29,88.6,74,62.1,5.6,29.4,0,0.0,0.0,0.0
2020,5,30,89.1,71.9,57.6,5.5,29.4,0,0.0,0.0,0.0
2020,5,31,87.9,73.1,61.5,6.3,29.4,0,0.0,0.0,0.0
2020,6,1,89.5,71,55.1,8.1,29.4,0,0.0,0.0,0.0
2020,6,2,88.3,72.4,59.9,7.1,29.4,0,0.0,0.0,0.0
2020,6,3,88.6,74,64,4.3,29.3,0.02,0.0,1.5,0.75
2020,6,4,87.6,73.6,65.3,3.8,29.3,0.02,1.5,8.5,5.0
2020,6,5,88.9,73.6,62.8,5,29.3,0.02,0.0,0.0,0.0
2020,6,6,85.5,75.9,73,1.5,29.3,0.02,0.0,0.0,0.0
2020,6,7,83.1,76.3,80.9,2.8,29.3,0.49,9.5,7.5,8.5
2020,6,8,81,75.9,85.3,1.9,29.3,0.67,0.0,1.5,0.75
2020,6,9,82.5,75.9,81.6,2.3,29.3,0.12,0.0,0.0,0.0
2020,6,10,85.3,74.9,74.1,2.8,29.3,0.02,0.0,0.0,0.0
2020,6,11,87.8,73.1,62.6,6.1,29.3,0.03,0.0,0.0,0.0
2020,6,12,88.9,72.1,58.1,8.1,29.3,0,0.0,0.0,0.0
2020,6,13,89.5,72.8,58,9.1,29.2,0,0.0,0.5,0.25
2020,6,14,86.4,74.5,69.1,6.1,29.3,0.04,4.0,2.5,3.25
2020,6,15,82.4,75.5,80.6,3.6,29.3,0.14,0.0,0.0,0.0
2020,6,16,81.6,75.6,82.6,2.4,29.3,0.33,25.5,3.0,14.25
2020,6,17,81,74.5,80.8,3.4,29.3,0.28,6.0,5.0,5.5
2020,6,18,78.6,74.3,86.1,2.8,29.4,0.65,9.0,11.5,10.25
2020,6,19,83.8,72.8,70.1,4.9,29.3,0.63,3.5,0.0,1.75
2020,6,20,87.5,72.4,61.3,5.4,29.3,0,0.0,0.0,0.0
2020,6,21,88.5,73.9,61.8,5.8,29.3,0,0.0,0.0,0.0
2020,6,22,89.6,74.1,61,4.5,29.3,0,25.0,6.0,15.5
2020,6,23,87.9,74.5,65.4,4.3,29.3,0.02,0.0,0.0,0.0
2020,6,24,88.1,74.4,65.5,3.8,29.3,0,0.0,0.0,0.0
2020,6,25,88.3,73.3,61.5,6.5,29.3,0,0.0,0.0,0.0
2020,6,26,87.9,72,60,7,29.3,0,1.0,0.0,0.5
2020,6,27,86.1,71.1,60.9,6.4,29.3,0.02,0.0,0.0,0.0
2020,6,28,87.9,70,56.3,6.8,29.3,0,0.0,0.0,0.0
2020,6,29,89.4,70.1,55.5,6.9,29.3,0,0.0,0.0,0.0
2020,6,30,88.3,71.9,59.1,7.3,29.3,0,0.0,0.0,0.0
2020,7,1,86.4,70.9,60.9,9,29.3,0,0.0,0.0,0.0
2020,7,2,87,70.9,59.5,9.4,29.2,0,0.0,0.0,0.0
2020,7,3,85.6,72.1,64.1,8.1,29.3,0.49,6.0,0.0,3.0
2020,7,4,84,71.9,67.1,5.6,29.3,0.5,11.5,0.0,5.75
2020,7,5,84.6,71.6,66.4,5.3,29.3,0.02,0.0,0.0,0.0
2020,7,6,88.6,71,56.6,7.8,29.3,0,0.0,0.0,0.0
2020,7,7,89.1,73.3,60.9,4.6,29.3,0,20.0,6.0,13.0
2020,7,8,84.9,77.1,79.6,2.1,29.3,0.19,0.0,0.5,0.25
2020,7,9,88.8,72.3,58.8,7.9,29.3,0.07,0.0,0.0,0.0
2020,7,10,88.6,71,56.9,7.6,29.3,0,0.0,0.0,0.0
2020,7,11,88.8,71.5,57.3,8,29.3,0,0.0,0.0,0.0
2020,7,12,88,72.1,59.6,6.3,29.3,0,0.0,1.0,0.5
2020,7,13,83.4,74.8,76.4,3.1,29.3,0.08,12.0,7.5,9.75
2020,7,14,83,74.3,75.8,3.4,29.3,0.09,0.0,1.5,0.75
2020,7,15,86.9,72.1,62.3,4.8,29.3,0.08,1.0,0.0,0.5
2020,7,16,88,72.3,60.1,7.6,29.3,0.08,0.0,0.0,0.0
2020,7,17,84.4,75,75.1,3.5,29.3,0.65,0.0,0.0,0.0
2020,7,18,87.3,72.4,63.1,4.8,29.3,0.65,0.5,0.0,0.25
2020,7,19,88.5,72.3,59.5,6,29.3,0,0.0,0.0,0.0
2020,7,20,89.3,73.4,60,5,29.3,0,0.0,0.0,0.0
2020,7,21,87.3,74.4,65.9,3.4,29.3,0,7.5,3.0,5.25
2020,7,22,83.6,75.8,78.6,2.6,29.3,0.32,0.0,0.0,0.0
2020,7,23,87.9,74.1,64.6,2,29.3,0.05,0.0,0.0,0.0
2020,7,24,89.9,74.5,61.9,2.3,29.3,0,0.0,0.0,0.0
2020,7,25,89.4,74,62.1,3.5,29.3,0,0.0,0.0,0.0
2020,7,26,88,75.4,67.4,1.9,29.3,0,0.0,0.0,0.0
2020,7,27,87.1,75.6,69.1,3.5,29.3,0.05,0.0,29.5,14.75
2020,7,28,85.1,74.8,71.4,2.6,29.3,0.28,9.5,0.0,4.75
2020,7,29,85.5,72.8,66,6.1,29.3,0.28,0.0,0.0,0.0
2020,7,30,85.5,71.8,63.3,8.4,29.3,0,0.0,0.0,0.0
2020,7,31,88,72.3,60.1,10.3,29.2,0,0.0,0.0,0.0
2020,8,1,87.9,72.5,60.5,10.6,29.2,0,0.0,0.0,0.0
2020,8,2,84.1,73.9,71.3,7.5,29.1,0.04,11.0,6.0,8.5
2020,8,3,81.4,77.8,89.5,0.9,29.1,0.69,3.0,2.0,2.5
2020,8,4,81.3,77.8,89.8,1.3,29.1,0.87,9.0,13.5,11.25
2020,8,5,83,76.1,80.5,1.9,29.2,0.52,0.0,0.0,0.0
2020,8,6,84,75.1,75.6,4,29.3,0,2.5,0.0,1.25
2020,8,7,85.1,74.4,70.6,5.6,29.3,0.09,0.0,0.0,0.0
2020,8,8,85.3,76.5,76.3,1.9,29.3,0.09,0.0,0.0,0.0
2020,8,9,87.1,74.9,67.5,4.5,29.3,0.02,8.5,0.5,4.5
2020,8,10,86.5,72.5,63.5,7.8,29.3,0.01,0.0,0.0,0.0
2020,8,11,85.3,72.8,66.5,4.5,29.3,0,0.0,0.0,0.0
2020,8,12,85.4,74,68.9,4.1,29.3,0.09,1.0,0.0,0.5
2020,8,13,82.9,74.8,77.5,3.9,29.3,0.71,30.0,20.5,25.25
2020,8,14,81.5,76,84,1.4,29.3,0.89,3.5,1.5,2.5
2020,8,15,79.4,76.8,90.6,0.4,29.3,0.33,4.0,4.5,4.25
2020,8,16,81,74,80,1.1,29.3,0.23,0.0,0.0,0.0
2020,8,17,83.4,71.6,68.3,5.9,29.3,0.06,0.0,0.0,0.0
2020,8,18,83.6,72.4,69.6,5.8,29.3,0,3.0,3.0,3.0
2020,8,19,83,73.1,73.5,3.3,29.3,0.17,0.0,0.0,0.0
2020,8,20,85.4,72.9,67.4,4.4,29.3,0.17,0.5,0.0,0.25
2020,8,21,80.5,74.1,81.6,3.5,29.4,0.2,5.0,5.5,5.25
2020,8,22,81,75.5,84.1,3.4,29.3,0.94,17.0,21.0,19.0
2020,8,23,80.8,74.9,83.6,3.9,29.3,1.45,2.5,0.0,1.25
2020,8,24,81.5,73,75.6,4,29.4,0.56,0.0,0.0,0.0
2020,8,25,84.4,71.6,66.8,5.5,29.4,0.03,0.0,0.0,0.0
2020,8,26,85.8,70.3,60.3,8.1,29.4,0,0.0,0.0,0.0
2020,8,27,84.5,72.5,67.6,8.5,29.3,0,0.0,0.0,0.0
2020,8,28,87.3,73.3,63.4,9.9,29.3,0,4.0,0.0,2.0
2020,8,29,87.3,72.5,62.1,8.4,29.3,0,0.0,0.0,0.0
2020,8,30,87.8,72.9,64.9,2.8,29.3,0,0.0,0.0,0.0
2020,8,31,84.8,76.5,77.3,1.3,29.3,0,0.0,0.0,0.0
2020,9,1,81.4,76.1,84.1,1.6,29.3,1.33,2.0,1.0,1.5
2020,9,2,84.1,75.4,76,2.8,29.4,1.33,0.0,0.0,0.0
2020,9,3,88.1,75.3,66,3.3,29.3,0,0.0,0.0,0.0
2020,9,4,87.9,77.5,72,1.6,29.3,0,0.0,0.0,0.0
2020,9,5,84.5,77.4,79.6,0.9,29.3,0,0.5,29.5,15.0
2020,9,6,87.8,74.3,65.4,5.8,29.3,0,0.0,0.0,0.0
2020,9,7,87,73.4,64.1,7.6,29.3,0,0.0,0.0,0.0
2020,9,8,86.6,73.8,66,5.4,29.3,0,0.0,0.0,0.0
2020,9,9,85.8,74.8,70,2,29.3,0,1.5,0.0,0.75
2020,9,10,85.9,74.8,70.8,1.9,29.3,0,1.0,1.0,1.0
2020,9,11,84.5,77.3,80,1.4,29.3,0.07,0.0,0.0,0.0
2020,9,12,83.5,76.1,78.6,1.4,29.4,0.02,0.0,0.0,0.0
2020,9,13,82.9,76.5,82.3,1.1,29.4,0.02,0.0,13.5,6.75
2020,9,14,84.8,76.3,78.3,1.5,29.4,0.16,1.5,22.5,12.0
2020,9,15,84.3,77.5,81.4,1.5,29.4,0.57,0.0,10.5,5.25
2020,9,16,86.1,75.4,72.5,2.8,29.3,0.26,0.0,0.0,0.0
2020,9,17,87.3,74.6,67.4,5.3,29.3,0,0.0,0.0,0.0
2020,9,18,84.6,76.7,77.4,2.6,29.2,0.06,42.5,8.5,25.5
2020,9,19,79.5,77.6,94.1,0.8,29.1,1.06,28.5,19.5,24.0
2020,9,20,79.8,77,92,1,29.3,1.08,2.0,4.5,3.25
2020,9,21,80.9,77.3,89,1,29.4,0.26,0.0,0.0,0.0
2020,9,22,83,77.4,83.9,1.1,29.4,0,0.0,0.0,0.0
2020,9,23,83.8,76.3,79.4,3.1,29.4,3.35,22.5,66.5,44.5
2020,9,24,81.3,77,88,0.9,29.4,3.74,0.0,0.0,0.0
2020,9,25,83.1,74.5,76.1,5,29.4,0.01,0.0,0.0,0.0
2020,9,26,85,72.8,66.5,6.3,29.4,0.01,0.0,0.0,0.0
2020,9,27,87,73,63.9,5.9,29.3,0,0.0,0.0,0.0
2020,9,28,84.4,76.4,77.6,3.4,29.3,0,12.5,23.0,17.75
2020,9,29,80.1,76.5,89.3,0.5,29.3,0.8,16.5,47.0,31.75
2020,9,30,80.1,75.6,86.4,1.1,29.3,1.75,0.0,0.0,0.0
2020,10,1,84.4,74.6,73,2.9,29.3,0.02,0.0,0.0,0.0
2020,10,2,84.8,75.1,73.1,2.3,29.3,0,0.0,0.0,0.0
2020,10,3,81.5,76,84.3,0.9,29.3,0,5.5,7.0,6.25
2020,10,4,81,75.9,85,1.5,29.4,0.17,0.0,0.0,0.0
2020,10,5,82.1,76.6,84.3,0.9,29.4,1.35,0.0,0.0,0.0
2020,10,6,82.5,77.6,86.3,1.6,29.4,0.8,0.0,5.0,2.5
2020,10,7,84,76.4,80.3,0.7,29.4,1.09,3.5,3.0,3.25
2020,10,8,80.6,76.3,87.1,1.4,29.4,0.13,0.0,1.0,0.5
2020,10,9,78.9,73.6,83.6,0.8,29.4,0.13,0.5,1.0,0.75
2020,10,10,77.5,73.9,88.5,1.4,29.4,0.13,1.0,2.0,1.5
2020,10,11,80.8,75.3,83.9,0.3,29.3,0.09,0.0,0.0,0.0
2020,10,12,82,75.6,82.1,0.9,29.3,0,0.5,0.0,0.25
2020,10,13,81.6,74.3,78.8,1.1,29.3,0.02,0.0,0.0,0.0
2020,10,14,83.1,75,78,1.1,29.3,0.02,0.0,0.0,0.0
2020,10,15,85.3,76.7,76.3,2.7,29.3,0.02,28.0,4.5,16.25
2020,10,16,79.4,76.8,91.4,1.4,29.3,1.13,13.0,22.0,17.5
2020,10,17,78.9,75.6,90.6,1.3,29.3,1.48,0.5,0.5,0.5
2020,10,18,75.5,73,91.9,0.9,29.4,0.13,20.5,20.0,20.25
2020,10,19,74.3,72.1,93.1,2.1,29.4,1.1,0.0,0.0,0.0
2020,10,20,74.4,71.6,90.9,0.8,29.4,0.65,0.5,2.0,1.25
2020,10,21,76.5,73.3,89.5,1.4,29.5,0.09,1.0,12.5,6.75
2020,10,22,79.4,75,86,0.8,29.4,0.31,2.0,0.0,1.0
2020,10,23,78.5,73.5,85.1,1.3,29.4,0.31,1.0,0.0,0.5
2020,10,24,79.4,74.5,85.1,0.9,29.4,0,0.0,0.0,0.0
2020,10,25,74,72.7,95.3,0,29.5,0,0.0,0.0,0.0
2020,10,26,82.8,73,74,1,29.4,0,0.0,0.0,0.0
2020,10,27,78.4,74,87,0.4,29.4,0.05,0.0,0.0,0.0
2020,10,28,81,74.3,81.4,1.3,29.4,0.05,0.0,0.0,0.0
2020,10,29,79.1,73.8,84.9,2.1,29.4,0.13,9.5,10.0,9.75
2020,10,30,77.4,74.9,91.4,0.7,29.4,0.73,0.0,0.0,0.0
2020,10,31,78.5,75.3,90.5,0.9,29.5,0.41,0.0,0.0,0.0
2020,11,1,81.4,75.8,84.6,0.9,29.5,0.38,0.0,0.0,0.0
2020,11,2,82.6,76,82,0.6,29.5,0.01,0.0,0.0,0.0
2020,11,3,81.3,74.9,82.1,0.6,29.5,0.02,0.0,0.0,0.0
2020,11,4,81.5,73.4,77.6,1.1,29.5,0.02,0.0,0.0,0.0
2020,11,5,80.5,73.6,81.1,0.8,29.5,0,0.0,0.0,0.0
2020,11,6,81.4,74.6,81.6,0.3,29.5,0,0.0,0.0,0.0
2020,11,7,79,74.6,87,0.6,29.5,0.03,3.5,7.5,5.5
2020,11,8,76.3,74,93,0,29.5,0.03,0.0,0.0,0.0
2020,11,9,80.4,72.4,78.3,1.1,29.5,0.01,0.0,0.0,0.0
2020,11,10,77.8,69,76.8,1.3,29.5,0,0.0,0.0,0.0
2020,11,11,76.9,65,70.3,1.4,29.5,0,0.0,0.0,0.0
2020,11,12,77.8,66.3,71.8,1.3,29.6,0,0.0,0.0,0.0
2020,11,13,78.9,71.1,78.9,0.5,29.5,0,0.0,0.0,0.0
2020,11,14,79.3,70.8,77.4,0.9,29.5,0,0.0,0.0,0.0
2020,11,15,78.1,66,70.5,1.3,29.5,0,0.0,0.0,0.0
2020,11,16,80.1,69,69.6,1.4,29.5,0,0.0,0.0,0.0
2020,11,17,82.1,72.8,74.6,1,29.4,0,0.0,0.0,0.0
2020,11,18,81.6,74.1,79.6,0.5,29.4,0,0.0,0.0,0.0
2020,11,19,81.8,72.9,77.1,0.8,29.4,0,0.0,0.0,0.0
2020,11,20,81.5,72.1,75.5,1,29.4,0,0.0,0.0,0.0
2020,11,21,82.3,72.1,74.1,1,29.4,0,0.0,0.0,0.0
2020,11,22,82,73.4,76.8,0.9,29.5,0,0.0,0.0,0.0
2020,11,23,81,73.4,78.6,0.5,29.5,0,0.0,0.0,0.0
2020,11,24,80.9,72,76.8,1.4,29.5,0,0.0,0.0,0.0
2020,11,25,79.4,69.6,74.5,1,29.5,0,0.0,0.0,0.0
2020,11,26,79.1,68.9,73.4,1.3,29.5,0,0.0,0.0,0.0
2020,11,27,78.1,69.1,76,1.3,29.5,0,0.0,0.0,0.0
2020,11,28,77.8,67.6,74,0.9,29.6,0,0.0,0.0,0.0
2020,11,29,77,66.4,72.6,1.4,29.5,0,0.0,0.0,0.0
2020,11,30,78.4,67.8,71.3,1.5,29.5,0,0.0,0.0,0.0
2020,12,1,77.4,67,73,1,29.6,0,0.0,0.0,0.0
2020,12,2,78.6,67.6,70,0.5,29.5,0,0.0,0.0,0.0
2020,12,3,76,68.9,79.3,1.1,29.5,0,0.0,0.0,0.0
2020,12,4,74,66.5,79.4,1,29.5,0,0.0,0.0,0.0
2020,12,5,72.4,63,73.8,1.4,29.6,0,0.0,0.0,0.0
2020,12,6,71.4,61.5,74.4,0.5,29.6,0,0.0,0.0,0.0
2020,12,7,72.5,61.8,72.4,0.8,29.6,0,0.0,0.0,0.0
2020,12,8,72.9,62.9,73.9,0.6,29.6,0,0.0,0.0,0.0
2020,12,9,73,63,74,0.9,29.5,0,0.0,0.0,0.0
2020,12,10,72,62.1,74.3,1,29.5,0,0.0,0.0,0.0
2020,12,11,73.1,62.9,73.8,0.9,29.5,0,0.0,0.0,0.0
2020,12,12,75.4,65.1,73.8,1.3,29.4,0,0.0,0.0,0.0
2020,12,13,78.9,68,71.8,0.6,29.4,0,0.0,0.0,0.0
2020,12,14,81,69.9,70.1,1.1,29.4,0,0.0,0.0,0.0
2020,12,15,79.6,71,77,1.1,29.5,0,0.0,0.0,0.0
2020,12,16,79.4,70.8,76.8,0.5,29.5,0,0.0,0.0,0.0
2020,12,17,77.9,68.4,74.6,0.6,29.5,0,0.0,0.0,0.0
2020,12,18,76.9,67.1,73.9,0.8,29.5,0,0.0,0.0,0.0
2020,12,19,76.6,67.4,74.9,1,29.5,0,0.0,0.0,0.0
2020,12,20,73.9,63,70.9,2.3,29.6,0,0.0,0.0,0.0
2020,12,21,72.6,59.8,65.4,1.8,29.6,0,0.0,0.0,0.0
2020,12,22,70.3,56.9,64,2.6,29.6,0,0.0,0.0,0.0
2020,12,23,70,58.1,69.4,2,29.5,0,0.0,0.0,0.0
2020,12,24,73.3,59.1,65.4,2,29.5,0,0.0,0.0,0.0
2020,12,25,76,61.9,65.1,1.3,29.5,0,0.0,0.0,0.0
2020,12,26,76.5,67,74.1,0.5,29.5,0,0.0,0.0,0.0
2020,12,27,79.8,68.6,71.5,0.5,29.4,0,0.0,0.0,0.0
2020,12,28,81.9,69,68.5,1.5,29.4,0,0.0,0.0,0.0
2020,12,29,79.5,62.8,62.1,0.8,29.4,0,0.0,0.0,0.0
2020,12,30,76.8,62.1,62.9,1.8,29.5,0,0.0,0.0,0.0
2020,12,31,75.9,60,59,3.4,29.6,0,0.0,0.0,0.0
2021,1,1,69.9,57,66.4,1.8,29.6,0,0.0,0.0,0.0
2021,1,2,68.6,56.6,68.5,1.1,29.6,0,0.0,0.0,0.0
2021,1,3,70.1,57.3,68.1,0.9,29.5,0,0.0,0.0,0.0
2021,1,4,72.3,59.3,68.5,0.9,29.5,0,0.0,0.0,0.0
2021,1,5,75.6,62.1,66.3,1.1,29.5,0,0.0,0.0,0.0
2021,1,6,79,66.5,68.1,0.9,29.4,0,0.0,0.0,0.0
2021,1,7,80.9,67.9,66.9,1.1,29.4,0,0.0,0.0,0.0
2021,1,8,79,68,70.4,1.4,29.4,0,0.0,0.0,0.0
2021,1,9,77,63.3,63.8,1.6,29.5,0,0.0,0.0,0.0
2021,1,10,73.3,60.6,67.8,0.8,29.5,0,0.0,0.0,0.0
2021,1,11,74.6,60.6,64.4,1.9,29.5,0,0.0,0.0,0.0
2021,1,12,69.2,53.2,57.2,2.7,29.6,0,0.0,0.0,0.0
2021,1,13,68.8,54.4,62.4,1.5,29.6,0,0.0,0.0,0.0
2021,1,14,70.4,57.1,65.3,1.3,29.5,0,0.0,0.0,0.0
2021,1,15,72.6,59.1,66.5,0.6,29.4,0,0.0,0.0,0.0
2021,1,16,84,63,51,1.8,29.4,0,0.0,0.0,0.0
2021,1,17,75.3,63.5,68.8,1,29.5,0,0.0,0.0,0.0
2021,1,18,75.3,58.5,57,2.4,29.6,0,0.0,0.0,0.0
2021,1,19,70.3,56.3,64.4,0.8,29.5,0,0.0,0.0,0.0
2021,1,20,70.1,55.9,64.8,1,29.5,0,0.0,0.0,0.0
2021,1,21,72.3,57.6,64.1,0.6,29.4,0,0.0,0.0,0.0
2021,1,22,74.4,58.9,62.6,0.6,29.4,0,0.0,0.0,0.0
2021,1,23,75.8,60,62.3,1.3,29.4,0,0.0,0.0,0.0
2021,1,24,77.8,60.1,58.5,0.8,29.4,0,0.0,0.0,0.0
2021,1,25,79,62.3,60,0.5,29.4,0,0.0,0.0,0.0
2021,1,26,79.4,62.6,60.1,1,29.4,0,0.0,0.0,0.0
2021,1,27,79.5,64.1,62.3,0.8,29.4,0,0.0,0.0,0.0
2021,1,28,80.5,66.3,64.3,0.8,29.5,0,0.0,0.0,0.0
2021,1,29,80.3,65.6,62.9,2.4,29.5,0,0.0,4.0,2.0
2021,1,30,78.6,66,66.9,0.5,29.5,0.24,0.0,0.0,0.0
2021,1,31,78.9,65,64.6,1.1,29.5,0.24,0.0,0.0,0.0
2021,2,1,79.6,64.9,63.6,1,29.5,0,0.0,0.0,0.0
2021,2,2,80.8,64,60,1.1,29.5,0,0.0,0.0,0.0
2021,2,3,80.4,63.5,58.3,1,29.5,0,0.0,0.0,0.0
2021,2,4,79.5,62.9,60.1,1.3,29.5,0,0.0,0.0,0.0
2021,2,5,78.5,62.1,60.9,0.8,29.5,0,0.0,0.0,0.0
2021,2,6,78.5,62,59.9,1.4,29.4,0,0.0,0.0,0.0
2021,2,7,80.8,63.8,59.1,0.4,29.4,0,0.0,0.0,0.0
2021,2,8,76.5,66.5,71.4,0.5,29.4,0.02,0.0,0.0,0.0
2021,2,9,77.1,65.3,69.3,3.1,29.4,0.02,0.0,0.0,0.0
2021,2,10,76,59.5,61.3,1.1,29.5,0,0.0,0.0,0.0
2021,2,11,75.5,58.6,61,0.6,29.5,0,0.0,0.0,0.0
2021,2,12,78.4,61.4,59.8,0.8,29.5,0,0.0,0.0,0.0
2021,2,13,80.1,61,55.9,1.1,29.5,0,0.0,0.0,0.0
2021,2,14,80.9,60.8,52.8,1.5,29.4,0,0.0,0.0,0.0
2021,2,15,81.9,59.4,50.4,2.9,29.4,0,0.0,0.0,0.0
2021,2,16,85.6,63.1,49,0.9,29.4,0,0.0,0.0,0.0
2021,2,17,82.1,65.6,58.6,1.8,29.4,0,0.0,0.0,0.0
2021,2,18,81.5,62.4,53,2,29.6,0,0.0,0.0,0.0
2021,2,19,78.3,60.6,56.8,2.1,29.6,0,0.0,0.0,0.0
2021,2,20,77.1,60.5,59.4,1.3,29.6,0,0.0,0.0,0.0
2021,2,21,79,60.1,56.8,1.5,29.5,0,0.0,0.0,0.0
2021,2,22,80.5,60.1,53.9,1.6,29.4,0,0.0,0.0,0.0
2021,2,23,83.1,64.1,55.8,0.9,29.4,0,0.0,0.0,0.0
2021,2,24,87,69.1,56.9,3.4,29.4,0,0.0,0.0,0.0
2021,2,25,87.1,62.8,46.3,6.6,29.3,0,0.0,0.0,0.0
2021,2,26,86.6,60.1,42.1,6.8,29.3,0,0.0,0.0,0.0
2021,2,27,87.4,58.1,39.9,5.4,29.3,0,0.0,0.0,0.0
2021,2,28,85.4,59.3,47,3.1,29.3,0,0.0,0.0,0.0
2021,3,1,83.4,56.1,44.8,1.8,29.4,0,0.0,0.0,0.0
2021,3,2,83.5,58.3,45.3,1.3,29.4,0,0.0,0.0,0.0
2021,3,3,86.3,62.6,46.8,1.8,29.4,0,0.0,0.0,0.0
2021,3,4,85.4,72.7,67.6,1.4,29.5,0,0.0,0.0,0.0
2021,3,5,89.1,64.4,46.3,3.8,29.4,0,0.0,0.0,0.0
2021,3,6,88.8,61.4,42.1,2.3,29.4,0,0.0,0.0,0.0
2021,3,7,86.1,63.3,48.5,1.3,29.4,0,0.0,0.0,0.0
2021,3,8,85.5,65.9,53.1,1.5,29.4,0,0.0,0.0,0.0
2021,3,9,85.1,63.1,52.3,1.8,29.4,0,0.0,0.0,0.0
2021,3,10,85.5,64.1,50.4,1.3,29.4,0,0.0,0.0,0.0
2021,3,11,86.6,67.5,55.1,1.1,29.5,0,0.0,0.0,0.0
2021,3,12,87.9,68.8,55.8,0.9,29.5,0,0.0,0.0,0.0
2021,3,13,88.3,70.3,56.3,2.1,29.4,0,0.0,0.0,0.0
2021,3,14,86.4,69.9,59,1.3,29.4,0,0.0,0.0,0.0
2021,3,15,89.5,68.8,52,3.3,29.4,0,0.0,0.0,0.0
2021,3,16,90.9,69.4,50.8,1.4,29.3,0,0.0,0.0,0.0
2021,3,17,91,70.1,50.8,2.3,29.3,0,0.0,0.0,0.0
2021,3,18,92.1,69.1,47.9,0.9,29.3,0,0.0,0.0,0.0
2021,3,19,92.5,66.8,43.4,3.4,29.3,0,0.0,0.0,0.0
2021,3,20,94,65.4,40,3.5,29.3,0,0.0,0.0,0.0
2021,3,21,95,67.4,41.3,3.3,29.3,0,0.0,0.0,0.0
2021,3,22,88.4,70.3,55.8,3,29.4,0,0.0,0.0,0.0
2021,3,23,88.8,68.5,51.8,1.8,29.5,0,0.0,0.0,0.0
2021,3,24,87,68.6,56,1.1,29.4,0,0.0,0.0,0.0
2021,3,25,92.4,71.9,52.1,3.5,29.3,0,0.0,0.0,0.0
2021,3,26,87.9,72.1,60.6,2.8,29.3,0.08,0.0,0.0,0.0
2021,3,27,89.6,70.4,55,2.1,29.3,0.08,0.0,0.0,0.0
2021,3,28,91.6,71,51.1,7.1,29.3,0,0.0,0.0,0.0
2021,3,29,92.4,66.5,44.1,7.4,29.3,0,0.0,0.0,0.0
2021,3,30,88.6,66,47.3,7.8,29.2,0,0.0,0.0,0.0
2021,3,31,91.4,65.4,44,6.9,29.2,0,0.0,0.0,0.0
2021,4,1,92.9,65.4,42.9,8.1,29.2,0,0.0,0.0,0.0
2021,4,2,91.4,67.9,46.6,3.8,29.3,0,0.0,0.0,0.0
2021,4,3,92.4,71.6,52.5,2.8,29.3,0,21.0,16.5,18.75
2021,4,4,80.5,72.3,76.9,2.9,29.4,3.45,4.0,10.5,7.25
2021,4,5,78.3,73.1,84,0.9,29.4,3.65,1.5,3.0,2.25
2021,4,6,79.1,73.8,84.4,2.3,29.4,0.52,52.5,0.0,26.25
2021,4,7,81.5,70.5,71.4,2.5,29.5,4.31,0.0,0.0,0.0
2021,4,8,87.4,72.1,62.5,2.4,29.4,0,0.0,0.0,0.0
2021,4,9,86.8,70.9,60.9,3.9,29.4,0,1.5,35.0,18.25
2021,4,10,84.1,72.9,71.5,1.8,29.4,0.39,0.0,0.0,0.0
2021,4,11,85.5,75.6,72.8,1.8,29.5,0.06,0.0,0.0,0.0
2021,4,12,84.6,73.8,70.4,0.8,29.4,0.06,0.5,0.0,0.25
2021,4,13,86.4,70.9,61.5,3.4,29.4,0,0.0,0.0,0.0
2021,4,14,82.3,74.3,78.4,1.9,29.4,1.61,0.0,2.5,1.25
2021,4,15,83.8,73,71.8,1.8,29.4,1.61,0.0,0.0,0.0
2021,4,16,86.6,72.8,64,2.5,29.4,0.01,0.0,0.0,0.0
2021,4,17,81.3,73.4,78.1,1.1,29.4,0.09,1.0,0.5,0.75
2021,4,18,81.1,75.3,82.4,1.9,29.4,0.29,31.0,4.0,17.5
2021,4,19,82.9,73.8,76,3,29.4,0.28,5.5,0.0,2.75
2021,4,20,85.3,73.3,70,1.4,29.3,0,0.0,0.0,0.0
2021,4,21,87.9,74.5,66.8,1.5,29.4,0,0.0,0.0,0.0
2021,4,22,90,72.8,57.6,6.5,29.3,0,0.0,0.0,0.0
2021,4,23,90,72.1,55.9,9.4,29.3,0,0.0,0.0,0.0
2021,4,24,91,72.5,55.5,6.3,29.3,0,0.0,0.0,0.0
2021,4,25,91,72.5,55.1,6.4,29.3,0,30.0,30.0,30.0
2021,4,26,80.8,75.4,84.3,3.6,29.4,1.61,1.0,3.0,2.0
2021,4,27,78.5,75.5,90.6,1.3,29.4,1.63,36.0,8.5,22.25
2021,4,28,80.4,75.6,86.8,0.8,29.4,1.51,48.0,58.5,53.25
2021,4,29,80.8,75,84,1.3,29.4,0.41,14.0,7.0,10.5
2021,4,30,79.3,75.8,89,1,29.4,0.57,0.0,0.0,0.0
2021,5,1,82.1,75.4,80.9,0.9,29.4,0.24,0.0,0.0,0.0
2021,5,2,83.9,75.8,77.5,2.1,29.4,0,0.0,0.0,0.0
2021,5,3,85.5,75.6,73.6,2,29.4,0,0.0,0.0,0.0
2021,5,4,88.1,75,66.1,1.9,29.3,0,0.0,0.0,0.0
2021,5,5,87.4,76.3,70.3,1.8,29.4,0,0.0,0.0,0.0
2021,5,6,82.9,74.3,75.5,2.5,29.4,0,0.0,0.0,0.0
2021,5,7,84.1,75.5,76.4,1,29.4,0,0.0,0.0,0.0
2021,5,8,86,76.6,74.6,1.4,29.4,0,32.0,10.5,21.25
2021,5,9,81.1,75.9,84.5,2,29.4,1.81,0.0,0.0,0.0
2021,5,10,85.5,75.9,74.4,2.4,29.3,0.02,0.0,0.0,0.0
2021,5,11,88.4,73.4,61.5,4.5,29.3,0.02,0.0,0.0,0.0
2021,5,12,89.1,74.3,61.8,4.3,29.3,0,0.0,0.0,0.0
2021,5,13,89.1,74,61.3,6.1,29.3,0,0.0,0.0,0.0
2021,5,14,90.1,74.6,61.3,4.3,29.3,0,0.0,0.0,0.0
2021,5,15,91.4,75.3,59.4,3.3,29.3,0,0.0,0.0,0.0
2021,5,16,91.3,74.5,58.4,2,29.3,0,0.0,0.0,0.0
2021,5,17,88.9,76.4,68,1.6,29.3,0,0.0,0.0,0.0
2021,5,18,89.1,76.8,68.4,2.6,29.3,0,0.0,0.0,0.0
2021,5,19,91.3,74.4,58.4,7.9,29.3,0,0.0,0.0,0.0
2021,5,20,91.4,74.3,57.8,6.4,29.3,0,0.0,0.0,0.0
2021,5,21,90.9,74.4,59.1,6.8,29.3,0,0.0,0.0,0.0
2021,5,22,91.1,74.8,59.8,5.6,29.2,0,0.0,0.0,0.0
2021,5,23,89.8,72.9,58,7.6,29.3,0,0.0,0.0,0.0
2021,5,24,90.6,72.5,56.3,5.8,29.3,0,0.0,0.0,0.0
2021,5,25,86.8,74.8,69.3,2.5,29.3,1.45,0.0,16.0,8.0
2021,5,26,84.5,73.8,71.8,3.6,29.3,1.48,0.0,0.0,0.0
2021,5,27,88.4,74.4,64.9,2.4,29.3,0.03,2.0,0.0,1.0
2021,5,28,83.4,77.9,84.4,1.3,29.3,0.21,16.5,1.5,9.0
2021,5,29,81.6,77.8,88.4,1.5,29.3,0.84,21.5,28.0,24.75
2021,5,30,84.4,77.5,81.9,2.1,29.3,0.59,2.0,21.5,11.75
2021,5,31,86.9,75.8,72.1,3.4,29.3,0.97,0.0,0.0,0.0
2021,6,1,89.5,74,61.3,5,29.3,0,0.0,0.0,0.0
2021,6,2,90.3,74.6,60.8,6.8,29.3,0,0.0,0.0,0.0
2021,6,3,90.4,74,59.3,8,29.3,0,0.0,0.0,0.0
2021,6,4,90.1,74.1,60.1,8.8,29.3,0,0.0,0.0,0.0
2021,6,5,87.6,73,61.9,7.4,29.3,0,0.0,0.0,0.0
2021,6,6,85.8,72.9,65,9.4,29.3,0,0.0,0.0,0.0
2021,6,7,86,72.9,65.3,8.6,29.3,0,0.0,0.0,0.0
2021,6,8,85,72.6,67.1,6.5,29.3,0,12.5,0.5,6.5
2021,6,9,83.1,73,72.5,5.4,29.3,0.06,0.0,0.5,0.25
2021,6,10,83.3,72.9,70.8,3.9,29.3,0.03,4.0,0.5,2.25
2021,6,11,84.1,71,65.3,6,29.3,0.02,0.0,0.0,0.0
2021,6,12,83.9,69.5,62,7.4,29.3,0,0.0,0.0,0.0
2021,6,13,81.8,73.8,76.9,2.4,29.3,0.02,4.5,5.5,5.0
2021,6,14,79.1,76,90.4,1.1,29.3,0.28,1.5,1.5,1.5
2021,6,15,79.5,76.1,88.6,1.1,29.3,0.24,4.0,10.5,7.25
2021,6,16,79.3,75.3,87.9,1.3,29.3,0.52,7.0,11.5,9.25
2021,6,17,82.5,73.4,74.9,4.4,29.4,0.52,0.0,0.0,0.0
2021,6,18,85.4,70.8,63.5,6.8,29.4,0.19,0.0,0.0,0.0
2021,6,19,86.4,71.8,61.8,5.9,29.4,0,0.0,0.0,0.0
2021,6,20,86.5,72.1,62.5,9.4,29.3,0,0.0,0.0,0.0
2021,6,21,86.3,71.6,61.6,9.5,29.3,0,0.0,0.0,0.0
2021,6,22,86.4,71.9,62.5,9,29.3,0,0.0,0.0,0.0
2021,6,23,85.8,72,63.9,6.6,29.3,0,0.0,0.0,0.0
2021,6,24,84.1,71.1,65.1,7.6,29.3,0.02,0.0,0.0,0.0
2021,6,25,86.9,71.1,59.9,7.3,29.3,0.02,0.0,0.0,0.0
2021,6,26,87.5,73.6,64.8,4.4,29.3,0,0.5,0.0,0.25
2021,6,27,86.5,73.1,65.3,5.6,29.4,0,0.0,0.0,0.0
2021,6,28,85.3,73.6,69,6.4,29.4,0.01,0.0,0.0,0.0
2021,6,29,85.9,71.9,63.1,9,29.3,0,0.0,0.0,0.0
2021,6,30,85.5,71.9,64.1,8.5,29.3,0,0.0,0.0,0.0
2021,7,1,85.4,71,62.9,6,29.3,0.02,0.0,0.5,0.25
2021,7,2,85.1,72,65.8,5.3,29.4,0.01,0.0,0.0,0.0
2021,7,3,84.3,71.3,65.5,6.5,29.3,0.09,1.0,0.0,0.5
2021,7,4,87.8,71.9,59.5,10.1,29.3,0.09,1.0,0.0,0.5
2021,7,5,89,73,59.6,7.6,29.3,0,0.0,0.0,0.0
2021,7,6,86.8,73.4,64.5,8.1,29.2,0,4.0,2.0,3.0
2021,7,7,86.3,74.5,69.4,3.8,29.3,0.07,0.0,0.5,0.25
2021,7,8,84,73.1,70.1,4.5,29.3,0.07,0.0,0.0,0.0
2021,7,9,81.6,76.8,86,1.4,29.3,0.98,9.5,24.5,17.0
2021,7,10,79.4,76.5,91.5,1.8,29.3,1.86,25.0,24.5,24.75
2021,7,11,78.9,77.1,94.1,1.3,29.3,2.24,22.0,33.0,27.5
2021,7,12,81.1,77.3,88.4,1,29.4,1.78,0.0,12.0,6.0
2021,7,13,84.4,75.8,77.1,0.9,29.3,0.95,0.0,0.0,0.0
2021,7,14,87.1,75.8,70.4,1,29.3,0,0.0,1.0,0.5
2021,7,15,83.3,76.1,79.5,1,29.3,0.02,8.5,5.5,7.0
2021,7,16,80.8,76.8,88.6,0,29.4,1.02,0.0,9.5,4.75
2021,7,17,84,74.3,72.4,1.4,29.3,0.91,0.0,0.0,0.0
2021,7,18,84.4,73.1,68.6,5,29.3,0,0.0,0.0,0.0
2021,7,19,83.8,74.3,73.3,5.8,29.2,0,8.5,7.5,8.0
2021,7,20,82.1,73.4,75,2.5,29.3,0.03,8.5,0.5,4.5
2021,7,21,81.8,75.5,82.1,0.3,29.3,0.08,6.0,8.0,7.0
2021,7,22,80.9,76.1,86.1,2.6,29.3,0.35,5.0,7.5,6.25
2021,7,23,81.8,75.3,81.8,2.1,29.3,0.25,1.5,0.5,1.0
2021,7,24,81.5,74.5,80.1,3.9,29.3,0.21,1.5,2.5,2.0
2021,7,25,82.1,73.4,74.6,5.6,29.2,0.21,0.0,0.5,0.25
2021,7,26,79,74,85.9,2.8,29.2,0.74,15.5,27.5,21.5
2021,7,27,79.6,75.9,88.3,2,29.2,1.03,19.0,33.0,26.0
2021,7,28,78.9,75.9,91.3,1.9,29.2,1.85,16.0,6.5,11.25
2021,7,29,82.6,75.4,80.3,3.6,29.3,1.5,0.5,0.0,0.25
2021,7,30,85.1,73.9,69.6,5.8,29.3,0.02,0.0,0.0,0.0
2021,7,31,84.4,73.8,70.9,5.8,29.3,0.14,0.0,0.0,0.0
2021,8,1,83.5,73.1,70.9,6.9,29.3,0.14,0.0,0.0,0.0
2021,8,2,81.8,74.3,77.9,2.9,29.3,0.1,1.5,2.0,1.75
2021,8,3,79.8,75.3,85.6,1.6,29.3,0.49,6.5,10.0,8.25
2021,8,4,81.9,75,80.8,1.5,29.3,0.51,0.0,0.0,0.0
2021,8,5,81.4,76.6,85.6,1,29.3,0.09,3.0,2.0,2.5
2021,8,6,82.8,74.9,77.1,3.6,29.3,0.17,0.0,2.0,1.0
2021,8,7,83.9,74.5,74.6,5.4,29.4,0.08,0.0,2.0,1.0
2021,8,8,85.1,74,70.4,5,29.4,0.01,0.5,0.0,0.25
2021,8,9,86.6,74.9,68.3,9.9,29.3,0,0.0,0.0,0.0
2021,8,10,87.1,74.3,65.6,7.4,29.2,0,0.0,0.0,0.0
2021,8,11,85.5,73.3,67,4.4,29.3,0,0.0,0.0,0.0
2021,8,12,84.6,75.5,74.9,2.3,29.4,0.12,0.0,0.0,0.0
2021,8,13,85.4,73.9,69.8,4.3,29.3,0.12,0.5,0.0,0.25
2021,8,14,82.5,75.6,80.3,2,29.3,0.15,11.0,4.5,7.75
2021,8,15,79.6,75.8,88.3,1.6,29.3,0.76,16.5,19.0,17.75
2021,8,16,80.1,76.5,89.6,0.5,29.4,1.11,1.0,0.5,0.75
2021,8,17,84.1,74.1,72.9,1.5,29.4,0.07,0.0,1.0,0.5
2021,8,18,86.6,71.9,62.3,6.1,29.4,0,0.5,0.0,0.25
2021,8,19,86.8,72.8,63.5,6.6,29.3,0,0.0,0.0,0.0
2021,8,20,86.4,75.5,70.4,3.6,29.4,0,0.0,0.0,0.0
2021,8,21,86.4,75.1,70.9,1.9,29.4,0,0.0,0.0,0.0
2021,8,22,87.8,73.9,63.9,7.5,29.3,0,0.0,0.0,0.0
2021,8,23,86.9,72.5,62.4,7.8,29.3,0,0.0,0.0,0.0
2021,8,24,86.6,73.5,65,6.8,29.3,0,0.0,0.0,0.0
2021,8,25,84.6,75.9,75.8,2.3,29.2,0.08,29.0,11.0,20.0
2021,8,26,82.9,77,83.4,1.9,29.3,0.25,12.5,12.0,12.25
2021,8,27,80.1,76.1,87.9,0.8,29.3,1.66,35.5,28.5,32.0
2021,8,28,79.1,75.9,89.5,1.1,29.3,2.78,0.0,54.5,27.25
2021,8,29,79.9,76.1,88.5,0.4,29.3,2.79,7.0,10.0,8.5
2021,8,30,81.9,76.4,84.8,0.8,29.4,1.56,3.5,0.0,1.75
2021,8,31,82.4,77.6,85.6,0.8,29.4,0.15,0.0,0.0,0.0
2021,9,1,79.4,76.6,91.8,1,29.4,0.98,0.0,0.5,0.25
2021,9,2,82,76.3,84,2.9,29.3,0.98,1.5,0.0,0.75
2021,9,3,79.3,75.5,88.6,1.4,29.3,0.24,43.0,19.5,31.25
2021,9,4,80.8,75.6,84.5,1.3,29.3,0.24,43.0,4.0,23.5
2021,9,5,82,73.3,75.9,4.3,29.4,0.11,0.0,0.0,0.0
2021,9,6,82.5,74.5,78.3,1.1,29.4,1.57,50.0,28.5,39.25
2021,9,7,83.3,77,82.4,2.5,29.4,2.45,22.0,0.0,11.0
2021,9,8,83.4,76.4,80.4,2.1,29.3,0.87,2.0,17.5,9.75
2021,9,9,78,75.4,91.9,2.6,29.3,6.76,10.5,22.5,16.5
2021,9,10,78.8,76.1,91.3,1,29.3,7.28,12.5,10.0,11.25
2021,9,11,80.4,75.4,85,2,29.3,1.54,8.0,3.5,5.75
2021,9,12,82.6,72.9,73.4,4.5,29.3,0.5,0.5,0.0,0.25
2021,9,13,84.9,72.5,67.1,6,29.3,0,0.0,0.0,0.0
2021,9,14,81.5,75,80.4,3.1,29.3,0,3.0,3.5,3.25
2021,9,15,83.1,77.4,82.8,1.8,29.3,0.02,0.0,48.0,24.0
2021,9,16,79.6,76.4,90,1.5,29.4,2.24,5.0,4.5,4.75
2021,9,17,81,77.1,87.8,0.9,29.4,1.44,9.5,12.5,11.0
2021,9,18,81.6,76.3,84.1,1.8,29.4,0.21,0.0,0.0,0.0
2021,9,19,85.8,75,72,3.6,29.4,0.13,0.0,0.0,0.0
2021,9,20,83,76.4,80.9,2.1,29.3,0.01,19.0,39.0,29.0
2021,9,21,79.6,75.5,88,3.1,29.3,1.83,23.0,18.5,20.75
2021,9,22,78.9,76.4,92.1,1.1,29.3,2.11,5.5,20.0,12.75
2021,9,23,79.1,76,91.4,1.9,29.4,3.24,53.0,52.5,52.75
2021,9,24,80.3,75.5,85.6,1.4,29.4,3.65,1.0,1.5,1.25
2021,9,25,78.9,75.6,89.8,2.5,29.3,1.45,16.5,18.5,17.5
2021,9,26,76.9,75.3,93.6,2,29.3,1.65,13.0,15.0,14.0
2021,9,27,80,75.9,87.4,0.8,29.4,0.65,0.0,1.5,0.75
2021,9,28,82.1,76.4,83.4,0.6,29.4,0.35,0.0,0.0,0.0
2021,9,29,83.9,77.8,83.5,0.6,29.4,0,0.0,0.0,0.0
2021,9,30,85.1,77.9,80,0.5,29.4,0,0.0,0.0,0.0
2021,10,1,83.5,76.4,81,1.5,29.4,0.95,2.5,0.0,1.25
2021,10,2,81.8,76,83.4,0.8,29.4,1.26,0.0,0.0,0.0
2021,10,3,83.9,75.5,76.8,1.1,29.4,0.04,0.0,0.0,0.0
2021,10,4,83.9,76.9,80.5,1.9,29.4,0,0.0,0.0,0.0
2021,10,5,84.4,76.1,78,1.8,29.4,0,0.0,0.0,0.0
2021,10,6,82.3,76.3,82.8,2.6,29.3,0.38,8.0,0.5,4.25
2021,10,7,83.4,76.6,81.1,1,29.3,0.42,0.0,0.0,0.0
2021,10,8,83.9,76,78.6,0.8,29.3,0.04,0.0,0.0,0.0
2021,10,9,85,77.1,79.8,1.1,29.3,0,0.0,0.0,0.0
2021,10,10,86.5,75.4,70.5,4.9,29.2,0,4.5,7.0,5.75
2021,10,11,81.9,76.4,84.1,2.3,29.2,0.76,9.5,18.0,13.75
2021,10,12,80.9,77.3,90,0.9,29.3,1.1,22.0,33.5,27.75
2021,10,13,82.4,77.9,87.1,2.1,29.2,0.69,2.0,25.5,13.75
2021,10,14,81.8,76.4,84.4,1,29.2,0.22,5.0,6.5,5.75
2021,10,15,77.8,74.9,91,1,29.3,0.55,9.0,44.5,26.75
2021,10,16,77.4,75.6,94,1.1,29.4,4.17,24.5,34.0,29.25
2021,10,17,77.1,75.1,94.1,0.9,29.4,2.51,39.0,11.5,25.25
2021,10,18,75.4,72.9,91.4,1.1,29.5,1.89,11.0,13.5,12.25
2021,10,19,75.8,73.9,93.5,0.9,29.5,0.69,1.5,1.0,1.25
2021,10,20,81.4,75.5,83.9,1.1,29.5,0.27,0.0,0.0,0.0
2021,10,21,81.6,76.6,86.1,1.4,29.4,1.06,0.0,0.0,0.0
2021,10,22,82.1,76,82.4,1.9,29.5,1.06,0.0,0.0,0.0
2021,10,23,78,75.3,91.4,1.9,29.5,0.26,0.0,0.0,0.0
2021,10,24,79.1,75.1,87.8,1,29.5,0.2,0.5,1.0,0.75
2021,10,25,79.3,75.3,86.9,0.8,29.5,0.07,0.5,0.0,0.25
2021,10,26,78.6,74.8,87.9,0.6,29.5,0.07,0.5,0.5,0.5
2021,10,27,80.1,74.6,84.8,0.3,29.4,0,0.0,0.0,0.0
2021,10,28,80.8,74.6,83.1,0.5,29.4,0,8.0,0.5,4.25
2021,10,29,77.9,75.3,92.3,0.6,29.5,0.27,5.5,11.0,8.25
2021,10,30,80.6,75.9,85.8,0,29.5,0.46,0.0,0.0,0.0
2021,10,31,81.1,75.9,84.5,0,29.5,0.01,0.0,0.0,0.0
2021,11,1,80.8,76,85.9,0.9,29.5,1.79,0.0,0.0,0.0
2021,11,2,79.5,76.3,90.3,1.3,29.5,0.56,1.5,3.0,2.25
2021,11,3,80.9,76,87.3,0.3,29.5,0.56,0.0,0.0,0.0
2021,11,4,81.1,75.6,84.8,0.8,29.4,0,0.0,0.0,0.0
2021,11,5,81.6,75,81.6,1,29.4,0,0.0,0.0,0.0
2021,11,6,82,75.4,81.6,0.9,29.4,0,0.0,0.0,0.0
2021,11,7,82.4,75.6,81.6,0.6,29.4,0,4.5,5.5,5.0
2021,11,8,80.4,76.6,88.8,0.6,29.4,0.76,8.5,5.5,7.0
2021,11,9,80.8,74.9,83.6,0.5,29.5,0.76,0.0,0.0,0.0
2021,11,10,79.3,74,84.8,0.5,29.5,0,0.0,0.0,0.0
2021,11,11,79.4,73,82.1,0.6,29.5,0,0.0,0.0,0.0
2021,11,12,79.4,73.1,82.4,1.1,29.5,0,0.0,0.0,0.0
2021,11,13,80.4,73,79,0.5,29.5,0,0.0,0.0,0.0
2021,11,14,78.6,73.8,85.4,1,29.5,0,0.0,0.0,0.0
2021,11,15,79.8,74,84.1,0.9,29.4,0,0.0,0.0,0.0
2021,11,16,80.5,75,84.3,0.5,29.4,0,1.0,0.0,0.5
2021,11,17,80.6,75,84.1,0.6,29.4,0,1.0,1.0,1.0
2021,11,18,81.5,74.9,82.4,1,29.4,0,0.0,0.0,0.0
2021,11,19,81.8,74.8,81.1,0.5,29.4,0,0.0,0.0,0.0
2021,11,20,82.5,75.3,80.1,0.5,29.3,0,0.0,0.0,0.0
2021,11,21,82.9,75,79.3,0.5,29.4,0,0.0,0.0,0.0
2021,11,22,80.8,74.8,83.4,0.6,29.4,0,0.0,0.0,0.0
2021,11,23,82,73.3,76.5,1.3,29.4,0,0.0,0.0,0.0
2021,11,24,79,71.6,78.8,2.1,29.5,0,0.0,0.0,0.0
2021,11,25,78.6,71.9,80.3,0.9,29.5,0,0.0,0.0,0.0
2021,11,26,79,71.6,79.6,0.5,29.5,0,0.0,0.0,0.0
2021,11,27,77.3,70.9,81.3,0.9,29.5,0.01,0.0,0.0,0.0
2021,11,28,77.8,68.6,75.8,1,29.5,0.01,0.0,0.0,0.0
2021,11,29,76.8,68.4,77.5,0.8,29.5,0,0.0,0.0,0.0
2021,11,30,76.4,67.6,76.1,1.8,29.5,0,0.0,0.0,0.0
2021,12,1,77.4,66.1,70,2.1,29.5,0,0.0,0.0,0.0
2021,12,2,74.6,65.6,76.3,0.9,29.6,0,0.0,0.0,0.0
2021,12,3,73.5,64.6,75.6,1.1,29.6,0,0.0,0.0,0.0
2021,12,4,72.1,59.9,69.9,1.5,29.6,0,0.0,0.0,0.0
2021,12,5,68.5,57.4,71.8,1.5,29.6,0,0.0,0.0,0.0
2021,12,6,69.4,58.6,71.3,1,29.6,0,0.0,0.0,0.0
2021,12,7,70.9,60.4,72.5,0.6,29.6,0,0.0,0.0,0.0
2021,12,8,70.9,57.9,68.5,1,29.6,0,0.0,0.0,0.0
2021,12,9,72,62.9,76.4,1.5,29.6,0,0.0,0.0,0.0
2021,12,10,75.6,66.1,74.5,0.8,29.6,0,0.0,0.0,0.0
2021,12,11,76,67.4,76.9,0.9,29.6,0,0.0,0.0,0.0
2021,12,12,75.1,65.8,75,1.6,29.6,0,0.0,0.0,0.0
2021,12,13,74.4,65.3,75.9,0.5,29.6,0,0.0,0.0,0.0
2021,12,14,73.6,63.9,74.1,1.6,29.5,0,0.0,0.0,0.0
2021,12,15,73.6,64,74.3,1,29.5,0,0.0,0.0,0.0
2021,12,16,74.1,63.9,73.6,1.3,29.5,0,0.0,0.0,0.0
2021,12,17,75.1,64.3,72.6,2,29.5,0,0.0,0.0,0.0
2021,12,18,73.6,65.9,77.4,0.9,29.5,0,0.0,0.0,0.0
2021,12,19,71.6,61.9,74.1,1.3,29.6,0,0.0,0.0,0.0
2021,12,20,70.6,61.5,75.6,1.3,29.5,0,0.0,0.0,0.0
2021,12,21,71.6,61.1,72.3,0.8,29.5,0,0.0,0.0,0.0
2021,12,22,72.8,62.3,73.1,1.1,29.5,0,0.0,0.0,0.0
2021,12,23,73.4,64.1,74.9,0.5,29.5,0,0.0,0.0,0.0
2021,12,24,75,65.9,75.3,0.9,29.5,0,0.0,0.0,0.0
2021,12,25,75.9,67.6,77.3,0.8,29.5,0,0.0,0.0,0.0
2021,12,26,77.9,69,75.9,0.6,29.6,0,0.0,0.0,0.0
2021,12,27,77,68.8,77.4,1.3,29.6,0,0.0,0.0,0.0
2021,12,28,76.8,68.3,77.1,1.4,29.6,0,0.0,0.0,0.0
2021,12,29,77.1,65.8,70.9,1.5,29.6,0,0.0,0.0,0.0
2021,12,30,77.5,67.8,74.6,1,29.6,0,0.0,0.0,0.0
2021,12,31,78.1,67.4,71.8,1.6,29.6,0,0.0,0.0,0.0
2022,1,1,75.8,66.6,75.1,1.1,29.6,0,0.0,0.0,0.0
2022,1,2,76.4,66,72.9,1.3,29.6,0,0.0,0.0,0.0
2022,1,3,74,64.3,74,0.4,29.5,0,0.0,0.0,0.0
2022,1,4,75.5,64.5,71.6,1.3,29.5,0,0.0,0.0,0.0
2022,1,5,76.6,65.9,72,0.8,29.5,0,0.0,0.0,0.0
2022,1,6,77.5,66.5,71.6,1.5,29.5,0,0.0,0.0,0.0
2022,1,7,77.3,65.3,69.4,1.3,29.5,0,0.0,0.0,0.0
2022,1,8,77.1,65.1,69.9,1.1,29.5,0,0.0,0.0,0.0
2022,1,9,77,65.1,69.8,0.6,29.5,0,0.0,0.0,0.0
2022,1,10,77.6,64.5,67.8,0.9,29.5,0,0.0,0.0,0.0
2022,1,11,77.3,63.5,65.8,0.5,29.5,0,0.0,0.0,0.0
2022,1,12,76.1,64.3,69.3,0.9,29.5,0,0.0,0.0,0.0
2022,1,13,78.5,66,68.1,1.3,29.5,0,0.0,0.0,0.0
2022,1,14,79.3,66.9,68.1,1.5,29.5,0,0.0,0.0,0.0
2022,1,15,78.1,67,70.6,1.3,29.5,0,0.0,0.0,0.0
2022,1,16,80.4,66.3,65.5,1,29.5,0,0.0,0.0,0.0
2022,1,17,80.6,67.6,67.3,2.3,29.5,0,0.0,0.0,0.0
2022,1,18,80,67.9,68.4,1.6,29.5,0,0.0,0.0,0.0
2022,1,19,78.5,65.9,67.9,2.1,29.5,0,2.0,0.0,1.0
2022,1,20,78.9,66.5,68,2.1,29.4,0,0.0,0.0,0.0
2022,1,21,77.6,67.5,73.3,1.8,29.4,0.02,0.0,0.0,0.0
2022,1,22,76.1,66.8,75.5,0.8,29.4,0.02,0.0,0.5,0.25
2022,1,23,77.5,62.5,64.6,1.9,29.4,0,0.0,0.0,0.0
2022,1,24,78,62.4,62.8,1.4,29.4,0,0.0,0.0,0.0
2022,1,25,78,63,63.6,1.6,29.4,0,0.0,0.0,0.0
2022,1,26,77.4,60.6,59.3,1.3,29.4,0,0.0,0.0,0.0
2022,1,27,79,60.8,56.9,3.1,29.4,0,0.0,0.0,0.0
2022,1,28,79.8,60.9,57,2.6,29.4,0,0.0,0.0,0.0
2022,1,29,80.6,63.4,58.1,3.3,29.4,0,0.0,0.0,0.0
2022,1,30,78.1,60.9,58.6,5.5,29.4,0,0.0,0.0,0.0
2022,1,31,78.1,57,53.1,2.9,29.4,0,0.0,0.0,0.0
2022,2,1,80.4,59.4,51.3,3,29.4,0,0.0,0.0,0.0
2022,2,2,81,58.9,48.5,4.4,29.4,0,0.0,0.0,0.0
2022,2,3,82.4,64.4,56.1,1.6,29.4,0,0.0,0.0,0.0
2022,2,4,78.8,67.9,72.9,1.3,29.4,0.27,24.0,0.0,12.0
2022,2,5,73,70.4,91.6,1.3,29.5,1.58,15.5,4.5,10.0
2022,2,6,75.1,68.9,81.6,1,29.5,1.32,0.0,0.0,0.0
2022,2,7,79.4,67.5,70.3,2.1,29.4,0,0.0,0.0,0.0
2022,2,8,80.4,63.9,60.4,1.6,29.4,0,0.0,0.0,0.0
2022,2,9,80.9,63.9,58.6,1.4,29.4,0,0.0,0.0,0.0
2022,2,10,81.4,66.8,62.3,0.8,29.4,0,0.0,0.0,0.0
2022,2,11,82.5,68.3,64.5,1,29.4,0,0.0,0.0,0.0
2022,2,12,82.9,67.1,61.6,2,29.4,0,0.0,0.0,0.0
2022,2,13,82.6,68,63.4,0.4,29.3,0,0.0,0.0,0.0
2022,2,14,82.4,70,67.5,1.4,29.4,0,0.0,0.0,0.0
2022,2,15,76.1,71.6,86.4,1,29.4,0.01,2.5,1.0,1.75
2022,2,16,75.9,71.8,86.8,0.3,29.4,0.01,0.0,0.0,0.0
2022,2,17,78.3,73,83.8,0.5,29.3,0,0.0,2.5,1.25
2022,2,18,80.3,73.3,80.3,1.4,29.4,0,8.0,7.5,7.75
2022,2,19,80.3,74,83,0.5,29.4,0.44,6.5,7.0,6.75
2022,2,20,79.9,68.6,70.8,2,29.3,0.5,6.0,3.0,4.5
2022,2,21,75,65.5,73.1,1.1,29.4,0.19,0.0,0.0,0.0
2022,2,22,76.8,66,70,1.6,29.5,0,0.0,0.0,0.0
2022,2,23,76.9,67.4,74.6,0.6,29.6,0,0.0,0.0,0.0
2022,2,24,77,66.5,72.8,1,29.6,0,0.0,0.0,0.0
2022,2,25,76.8,66.4,72.4,1.8,29.6,0,0.0,0.0,0.0
2022,2,26,77.3,66,71,0.9,29.6,0,0.0,0.0,0.0
2022,2,27,78.6,65,66.9,1,29.5,0,0.0,0.0,0.0
2022,2,28,80.6,65.3,63.5,0.8,29.5,0,0.0,0.0,0.0
2022,3,1,81.9,67.6,64.8,0.9,29.4,0,0.0,0.0,0.0
2022,3,2,82.9,70,67.9,0.9,29.4,0,0.0,0.0,0.0
2022,3,3,84,71.3,68.5,1,29.4,0,0.0,0.0,0.0
2022,3,4,86.3,71.6,64.1,0.6,29.4,0,0.0,0.0,0.0
2022,3,5,89.4,68.9,51.3,0.8,29.3,0,0.0,0.0,0.0
2022,3,6,86.8,69.9,59.1,0.4,29.4,0,0.0,0.0,0.0
2022,3,7,85.6,72.6,66.8,3,29.4,0,15.0,16.5,15.75
2022,3,8,81.6,72.9,76.8,0.5,29.4,0.88,4.0,0.0,2.0
2022,3,9,84.4,73.3,70.6,0.5,29.4,0.19,0.0,0.0,0.0
2022,3,10,86,73.4,68.1,1.1,29.3,0,0.0,0.0,0.0
2022,3,11,87.3,72.1,63,0.5,29.3,0,0.0,0.0,0.0
2022,3,12,89.4,73.6,60.9,1.5,29.3,0,0.0,0.0,0.0
2022,3,13,89.9,73,59.5,0.8,29.3,0,0.0,0.0,0.0
2022,3,14,89.5,73.1,59.4,1.6,29.3,0,0.0,0.0,0.0
2022,3,15,87.9,71.8,60.4,0.5,29.3,0,0.0,0.0,0.0
2022,3,16,90.5,70.1,52.6,3.1,29.3,0,0.0,0.0,0.0
2022,3,17,86.4,71.5,62.5,0.6,29.3,0,0.0,0.0,0.0
2022,3,18,86.4,71,61.5,1.5,29.3,0,5.5,1.0,3.25
2022,3,19,81.6,72.4,74.6,0.8,29.3,0.06,0.0,0.0,0.0
2022,3,20,82.4,74.9,79.3,0.6,29.3,0.06,0.5,15.0,7.75
2022,3,21,84.3,73.8,72.8,1.4,29.4,0.09,0.0,0.0,0.0
2022,3,22,82.8,74.1,77.1,1.4,29.4,0.25,1.0,19.5,10.25
2022,3,23,83.1,74.9,77.4,1.1,29.4,0.4,0.0,0.0,0.0
2022,3,24,85.1,70.6,63.3,2.4,29.4,0,0.0,0.0,0.0
2022,3,25,87,67.6,53.4,3.1,29.4,0,0.0,0.0,0.0
2022,3,26,89.1,69.9,54.6,3.3,29.4,0,0.0,0.0,0.0
2022,3,27,89.8,69.6,52.4,3.1,29.4,0,0.0,0.0,0.0
2022,3,28,87.4,71.8,60.5,0.8,29.4,0,0.0,0.0,0.0
2022,3,29,84.8,73.4,70.3,1.3,29.4,0,0.0,0.0,0.0
2022,3,30,85.4,73.6,68.1,0.6,29.4,0,0.0,0.0,0.0
2022,3,31,86.9,72.4,64.9,0.8,29.4,0,0.0,0.0,0.0
2022,4,1,83.1,73.4,72.8,1.5,29.4,0.01,24.0,0.5,12.25
2022,4,2,82.1,70.4,69.1,0.8,29.5,0.06,2.5,8.0,5.25
2022,4,3,75.5,65,71.8,1,29.6,0.24,0.0,0.0,0.0
2022,4,4,79.6,66.3,64.8,1.5,29.6,0.01,0.0,0.0,0.0
2022,4,5,82.8,67.6,63.6,0.3,29.5,0,0.0,0.0,0.0
2022,4,6,86.5,70.1,61.4,1,29.5,0,0.0,0.0,0.0
2022,4,7,84.6,71.5,65.8,1.5,29.5,0,0.0,0.0,0.0
2022,4,8,83.6,69.6,64.4,0.8,29.4,0,0.0,0.0,0.0
2022,4,9,83.3,70.4,66.9,0.8,29.4,0,0.0,0.0,0.0
2022,4,10,86.4,71.8,63.5,1.5,29.4,0,0.0,0.0,0.0
2022,4,11,88.9,70,57.8,0,29.3,0,0.0,0.0,0.0
2022,4,12,90.5,68.6,49,1.4,29.3,0,0.0,0.0,0.0
2022,4,13,90.6,70.1,51,3.5,29.3,0,0.0,0.0,0.0
2022,4,14,90.3,71.6,54.8,4.5,29.3,0,0.0,0.0,0.0
2022,4,15,91,70.3,51.5,5.8,29.3,0,0.0,0.0,0.0
2022,4,16,91.1,71.8,53.5,3.5,29.3,0,0.0,0.0,0.0
2022,4,17,91.5,70.6,51.3,1.9,29.3,0,0.0,0.0,0.0
2022,4,18,83.4,72.9,73,1,29.4,2.8,0.0,91.5,45.75
2022,4,19,82.5,73.9,77.6,0.5,29.4,3.13,0.0,0.0,0.0
2022,4,20,83,74,76,0.3,29.4,0,0.0,0.0,0.0
2022,4,21,85.4,74,70.8,1.1,29.4,0,0.0,0.0,0.0
2022,4,22,88.6,72,59.4,1.8,29.4,0,0.0,0.0,0.0
2022,4,23,88.8,73,62,0.4,29.3,0,0.0,0.0,0.0
2022,4,24,91.8,70.4,50.6,4.5,29.3,0,0.0,0.0,0.0
2022,4,25,92.4,71,50.3,2.1,29.3,0,0.0,0.0,0.0
2022,4,26,92.1,70.8,49.9,6.4,29.3,0,0.0,0.0,0.0
2022,4,27,93,72.3,50.8,3.8,29.3,0,0.0,0.0,0.0
2022,4,28,90.3,75.9,64,1.5,29.3,0,22.5,17.5,20.0
2022,4,29,84.1,73.6,72.4,1,29.3,1.52,2.0,0.0,1.0
2022,4,30,86.6,75.1,70.6,0,29.3,0,0.0,0.0,0.0
2022,5,1,84.9,74.5,72.8,1,29.3,0.07,0.0,0.0,0.0
2022,5,2,78.5,74.3,86.8,0.3,29.4,2.2,59.5,60.0,59.75
2022,5,3,79.5,71.9,78.3,0.8,29.4,2.23,0.0,0.0,0.0
2022,5,4,81.6,70.4,70.4,0.9,29.4,0,0.0,0.0,0.0
2022,5,5,82.9,72.4,71.4,0.8,29.4,0,0.0,0.0,0.0
2022,5,6,83.6,74.6,75.1,0.9,29.3,0,0.0,0.0,0.0
2022,5,7,81.5,76,83.4,1.8,29.4,0.6,14.5,67.0,40.75
2022,5,8,80.9,76,85.1,1,29.4,1.46,8.5,13.5,11.0
2022,5,9,83.5,75.9,79,1.4,29.4,0.25,0.0,0.0,0.0
2022,5,10,82.8,77.3,84,1.1,29.4,0.1,0.0,0.0,0.0
2022,5,11,83.8,76.8,79.9,0.9,29.3,0.1,0.0,9.5,4.75
2022,5,12,85.8,74.1,68.5,3.1,29.3,0,0.0,0.0,0.0
2022,5,13,87.4,73.4,63.4,3.5,29.3,0,0.0,0.0,0.0
2022,5,14,87,74.8,67.9,3.1,29.3,0,1.0,0.5,0.75
2022,5,15,88.9,73.5,60.5,5.3,29.3,0,0.0,0.0,0.0
2022,5,16,89.6,74,60.3,5.4,29.3,0,1.5,0.0,0.75
2022,5,17,81.6,75.8,83.3,1.4,29.4,1.72,6.5,22.5,14.5
2022,5,18,79.5,76.5,90.3,0,29.4,1.79,19.5,8.5,14.0
2022,5,19,80.1,76.5,89.5,1,29.4,1.23,38.5,49.0,43.75
2022,5,20,80.9,77.3,89.6,0.8,29.3,1.7,9.0,17.5,13.25
2022,5,21,78,75.9,93.3,0.5,29.1,1.28,13.0,20.5,16.75
2022,5,22,82.8,73.5,74.3,3.9,29.1,1.4,10.5,0.0,5.25
2022,5,23,86.3,73.5,65.5,4.8,29.2,0.07,0.0,0.0,0.0
2022,5,24,82.9,75.6,79.6,1.8,29.3,0.65,0.0,15.0,7.5
2022,5,25,83.1,73.1,72.1,1.6,29.3,0.7,0.5,1.0,0.75
2022,5,26,85.6,72.9,66.3,6,29.3,0.03,0.0,0.0,0.0
2022,5,27,85.1,73,67.6,8.4,29.2,0,0.0,0.0,0.0
2022,5,28,85.4,72.1,64.3,6.4,29.2,0,0.0,0.0,0.0
2022,5,29,85.3,72.1,64.8,7,29.2,0,0.0,0.0,0.0
2022,5,30,88,72,59.6,7.8,29.2,0,0.0,0.0,0.0
2022,5,31,83.8,75.1,75.8,2.1,29.2,0.94,0.0,0.0,0.0
2022,6,1,87.1,73.4,65.3,2.8,29.3,0.94,0.0,0.0,0.0
2022,6,2,87.9,73.1,63.3,2.6,29.3,0,0.0,0.0,0.0
2022,6,3,84.4,74.5,73.4,1.6,29.3,0.02,0.0,0.0,0.0
2022,6,4,83.5,75.9,79.9,1.5,29.3,0.05,0.0,0.0,0.0
2022,6,5,81.5,74.6,79.8,1.9,29.3,0.19,0.0,0.0,0.0
2022,6,6,84.5,71.6,65.6,2.8,29.3,0.1,0.0,0.0,0.0
2022,6,7,83.1,72.1,70.4,3.3,29.3,0,0.0,0.0,0.0
2022,6,8,82.3,75,78.6,0.3,29.3,0.24,0.0,0.0,0.0
2022,6,9,83.4,75.8,79.1,1.3,29.3,0.24,0.0,0.0,0.0
2022,6,10,84.4,75,74.4,1.8,29.3,0.08,0.0,0.0,0.0
2022,6,11,84.1,73.8,72.9,0.6,29.3,0.08,0.0,0.0,0.0
2022,6,12,84.3,74,72.8,1.8,29.3,0.02,0.0,0.0,0.0
2022,6,13,86,73,65.5,5.3,29.3,0.02,0.0,0.0,0.0
2022,6,14,87.1,73.3,64.5,4.3,29.3,0,0.0,0.0,0.0
2022,6,15,86,73.8,67.1,2.4,29.3,0,0.0,0.0,0.0
2022,6,16,85.5,74.3,71.9,2,29.4,0,0.0,0.0,0.0
2022,6,17,87.4,73.6,64.6,3.9,29.4,0,0.0,0.0,0.0
2022,6,18,85.1,72.9,66.8,3.3,29.4,0.02,0.0,0.0,0.0
2022,6,19,84.9,71.6,64.9,5.8,29.3,0,0.0,0.0,0.0
2022,6,20,85.5,70.1,60.3,6.5,29.3,0,0.0,0.0,0.0
2022,6,21,86,71.4,61.8,3.9,29.3,0,0.0,0.0,0.0
2022,6,22,87.1,70.8,59.5,7,29.3,0,0.0,0.0,0.0
2022,6,23,88,71.1,57.6,5,29.3,0,0.0,0.0,0.0
2022,6,24,87.3,72.1,62.3,3.6,29.3,0,0.0,0.0,0.0
2022,6,25,85.6,73.9,69.4,2.1,29.3,0.08,0.0,0.0,0.0
2022,6,26,82.5,75.8,81.4,0.5,29.3,0.16,0.0,0.0,0.0
2022,6,27,82.6,75.1,80.3,1,29.3,0.08,0.0,0.0,0.0
2022,6,28,84.4,73.9,70.9,2.5,29.3,0.02,0.0,0.0,0.0
2022,6,29,86.1,72.9,65,4.3,29.2,0.02,0.0,0.0,0.0
2022,6,30,86,72.8,64.8,7.1,29.2,0,0.0,0.0,0.0
2022,7,1,83.6,71.1,66.6,6.8,29.2,0.01,0.0,0.0,0.0
2022,7,2,83,72.3,69.6,4,29.2,0.02,0.0,0.0,0.0
2022,7,3,85.4,72.6,66.1,3.1,29.2,0.02,0.0,0.0,0.0
2022,7,4,86.3,73.9,67,2.6,29.2,0.01,0.0,0.0,0.0
2022,7,5,86.1,73.4,66.4,3.6,29.2,0.01,0.0,0.0,0.0
2022,7,6,87.9,72.4,60.9,4.9,29.3,0,0.0,0.0,0.0
2022,7,7,87.1,72.8,63,6.5,29.3,0,0.0,0.0,0.0
2022,7,8,85.9,73.1,66.3,4.3,29.3,0.17,0.0,0.0,0.0
2022,7,9,83.9,73.6,73.9,2.5,29.2,0.17,0.0,0.0,0.0
2022,7,10,84.4,72.8,68.8,5.9,29.3,0.03,0.0,0.0,0.0
2022,7,11,83.6,71.8,67.6,5.3,29.3,0,0.0,0.0,0.0
2022,7,12,83.6,71.9,67.5,4,29.2,0.02,0.0,0.0,0.0
2022,7,13,82.1,73.5,76.3,5,29.2,0.79,0.0,0.0,0.0
2022,7,14,80.8,74,80.3,1.3,29.2,1.08,0.0,0.0,0.0
2022,7,15,85.9,73.9,67.9,2.5,29.3,0,0.0,0.0,0.0
2022,7,16,87.1,74.4,66.4,1.4,29.3,0,0.0,0.0,0.0
2022,7,17,87.8,73,61.9,4.1,29.3,0,0.0,0.0,0.0
2022,7,18,88.1,72.9,61.3,7.4,29.3,0,0.0,0.0,0.0
2022,7,19,87.3,73.8,64.1,9,29.2,0,0.0,1.0,0.5
2022,7,20,85.9,74.9,70.3,2.6,29.3,0,3.5,9.5,6.5
2022,7,21,81.9,76.8,86.3,0.8,29.3,0.71,21.5,7.0,14.25
2022,7,22,79.5,75.5,88,1.4,29.4,0.94,45.0,3.5,24.25
2022,7,23,82,76.1,83.6,1.4,29.4,0.22,13.0,35.0,24.0
2022,7,24,82.3,77.1,85.1,1.4,29.3,0.59,0.0,0.0,0.0
2022,7,25,82.3,76.5,84.5,3.1,29.4,0.66,9.0,27.5,18.25
2022,7,26,85.5,75.4,74.3,1.4,29.3,0.67,0.0,0.0,0.0
2022,7,27,88.3,77.1,71.6,1.8,29.3,0,0.0,0.0,0.0
2022,7,28,89.1,77.4,70.3,0.3,29.3,0,0.0,0.0,0.0
2022,7,29,87.8,76.3,69.9,1.9,29.3,0,0.0,0.0,0.0
2022,7,30,88.8,75.3,64.4,5.5,29.3,0,0.0,0.0,0.0
2022,7,31,84.8,74.6,72,4.5,29.3,0,0.0,0.0,0.0
2022,8,1,82.1,76.5,83.1,2,29.3,0.41,3.5,29.0,16.25
2022,8,2,81.5,75.8,83.6,1.3,29.3,1.35,0.5,0.0,0.25
2022,8,3,83.1,75.8,80,1.3,29.3,0.03,0.0,0.0,0.0
2022,8,4,81.8,75.8,82.9,2.9,29.3,0.16,22.0,7.0,14.5
2022,8,5,83.1,73,72.4,2.8,29.3,0.11,0.0,0.0,0.0
2022,8,6,84,74.4,72.4,3.9,29.3,0.01,0.0,0.0,0.0
2022,8,7,80.6,76.6,87.9,1.1,29.3,0.4,17.0,0.0,8.5
2022,8,8,78.1,75.6,92.4,0.8,29.3,1.24,0.0,0.0,0.0
2022,8,9,81.1,73.6,79.1,3.4,29.3,1.4,0.0,1.0,0.5
2022,8,10,83.8,73,70.4,5,29.2,0.13,0.0,0.0,0.0
2022,8,11,84,71.9,67,9,29.2,0,2.0,5.5,3.75
2022,8,12,77.8,74,88.6,2.5,29.3,0.37,3.0,8.0,5.5
2022,8,13,82,75.5,82.4,1.4,29.3,0.37,1.5,0.0,0.75
2022,8,14,86.1,74.3,68.8,4.3,29.4,0,0.0,0.0,0.0
2022,8,15,86.1,73.8,66.5,6.6,29.3,0,0.0,1.5,0.75
2022,8,16,81.4,75.6,83.1,1.9,29.2,0.34,24.5,18.0,21.25
2022,8,17,79.8,76.3,89.6,0.9,29.3,1.5,4.5,23.0,13.75
2022,8,18,80.9,74.9,83.5,0.6,29.3,1.51,0.0,0.0,0.0
2022,8,19,83.9,74.4,74.5,4.5,29.3,0.09,0.0,0.0,0.0
2022,8,20,84.8,72.9,67.8,8.6,29.3,0,0.0,0.0,0.0
2022,8,21,84.4,72.6,68.8,7.4,29.2,0,0.0,0.0,0.0
2022,8,22,81.6,76,84.3,0.9,29.3,0.12,0.0,0.0,0.0
2022,8,23,84,75.1,76.5,2.1,29.3,0.18,0.0,0.0,0.0
2022,8,24,87.1,74.5,66.4,5.8,29.3,0,0.0,0.0,0.0
2022,8,25,82.6,74.1,76.3,5,29.2,0.54,0.0,0.0,0.0
2022,8,26,82,74.5,78,3.3,29.3,0.54,0.0,0.0,0.0
2022,8,27,82.5,75.1,79.9,1.6,29.3,0,0.0,0.0,0.0
2022,8,28,83,76.8,83.3,0.4,29.4,1.74,0.0,0.0,0.0
2022,8,29,83.5,78.1,84.8,1,29.4,0.23,0.0,0.0,0.0
2022,8,30,82.9,77.8,85.8,0,29.4,0.46,0.0,0.0,0.0
2022,8,31,83.8,77.8,83.6,0.5,29.3,0.46,0.0,0.0,0.0
2022,9,1,82.8,77.4,84.6,1.5,29.4,1.29,0.0,0.0,0.0
2022,9,2,85.5,77.8,79.3,0.3,29.3,1.02,0.0,0.0,0.0
2022,9,3,86,77,75.8,1.8,29.3,0,0.0,0.0,0.0
2022,9,4,84.6,76.3,77.4,2.1,29.3,0,0.0,0.0,0.0
2022,9,5,84.3,75.6,75.9,3.1,29.3,0,14.5,11.5,13.0
2022,9,6,81.8,77.9,88,0.9,29.3,0.38,0.0,0.0,0.0
2022,9,7,80.8,77.4,90.4,0.6,29.4,1.42,0.0,0.0,0.0
2022,9,8,79.5,76.1,91,0.9,29.4,1.6,0.0,0.0,0.0
2022,9,9,79.1,76.6,91.9,0.5,29.4,2.65,0.0,0.0,0.0
2022,9,10,79.8,76.8,90.4,0.9,29.4,1.65,0.0,0.0,0.0
2022,9,11,79.6,75.1,87.5,1.5,29.4,0.41,0.0,0.0,0.0
2022,9,12,81,74.8,82,0.4,29.4,0.39,0.0,0.0,0.0
2022,9,13,83.4,76.4,80.8,2.1,29.4,0,0.0,0.0,0.0
2022,9,14,83.3,75,77.4,3.9,29.4,0.06,0.0,0.0,0.0
2022,9,15,84.9,72.8,68.3,6.5,29.4,0,0.0,0.0,0.0
2022,9,16,84.5,72.9,68.6,5.6,29.3,0.1,0.0,0.0,0.0
2022,9,17,80.6,74.6,81.8,2.5,29.3,0.32,0.0,0.0,0.0
2022,9,18,78.5,75.3,89.6,1.8,29.3,0.32,33.5,23.5,28.5
2022,9,19,83,72.4,71.3,6.9,29.4,0.24,0.0,0.0,0.0
2022,9,20,84,72.1,68,7.3,29.3,0,0.0,0.0,0.0
2022,9,21,84.9,73.8,70.1,4,29.3,0,1.0,1.0,1.0
2022,9,22,83.6,76,79,0.5,29.3,0.04,3.5,23.0,13.25
2022,9,23,81.4,75,82.3,0,29.3,3.13,5.5,4.0,4.75
2022,9,24,82.1,76.3,83.3,1.1,29.3,0.69,17.0,22.5,19.75
2022,9,25,78.8,75.3,90,1.5,29.3,0.97,0.0,23.0,11.5
2022,9,26,76.9,74.9,93,0.6,29.4,1.94,0.0,0.0,0.0
2022,9,27,79.6,74.5,85.6,1.1,29.3,0.33,0.0,0.0,0.0
2022,9,28,82.5,70.5,76.9,1.9,27.3,0.08,0.0,0.0,0.0
2022,9,29,81.2,76.5,86.2,1.8,29.2,1.15,0.0,0.0,0.0
2022,9,30,78.5,75.9,91.4,0.8,29.2,1.91,0.0,0.0,0.0
2022,10,1,79.9,76.9,90.9,1.1,29.3,1.9,0.0,0.0,0.0
2022,10,2,79,76.3,91.3,0,29.3,2.01,0.0,0.0,0.0
2022,10,3,77.1,74.9,92.6,0.8,29.4,1.03,0.0,0.0,0.0
2022,10,4,80.5,75.3,84.3,1.9,29.4,1.03,0.0,0.0,0.0
2022,10,5,83.3,76.5,80.6,3.1,29.4,0.02,0.0,0.0,0.0
2022,10,6,82.1,75.3,80.6,1.5,29.4,0,0.0,0.0,0.0
2022,10,7,80.9,76.4,86.9,1,29.4,0.09,0.0,0.0,0.0
2022,10,8,81.5,75,81.8,1.4,29.5,0.28,0.0,0.0,0.0
2022,10,9,82.9,75.4,79.3,0.5,29.5,0,0.0,0.0,0.0
2022,10,10,79.4,75.1,87.8,2.1,29.5,1.31,0.0,0.0,0.0
2022,10,11,79.4,73.3,82.3,1.8,29.5,1.96,0.0,0.0,0.0
2022,10,12,79.6,73.4,82.4,0.9,29.5,0.09,0.0,0.0,0.0
2022,10,13,81.8,74.8,80.4,1,29.4,0,0.0,0.0,0.0
2022,10,14,79.6,75.6,88,1.4,29.4,0.24,0.0,0.0,0.0
2022,10,15,78.8,72.8,83.4,2,29.4,0.25,0.0,0.0,0.0
2022,10,16,76.5,71.6,85.6,0.5,29.5,0.03,0.0,0.0,0.0
2022,10,17,79.8,71.3,76.6,0.4,29.5,0.03,0.0,0.0,0.0
2022,10,18,78,71.1,80.5,1.5,29.4,0,0.0,0.0,0.0
2022,10,19,78,69.3,77.6,1.6,29.4,0,0.0,0.0,0.0
2022,10,20,78.1,69.6,77.1,1.8,29.4,0,0.0,0.0,0.0
2022,10,21,79.6,71.6,77.1,1.4,29.5,0,0.0,0.0,0.0
2022,10,22,81.9,73.9,77.8,0.9,29.5,0,0.0,0.0,0.0
2022,10,23,81.8,73.1,76.5,1.3,29.5,0,0.0,0.0,0.0
2022,10,24,81,73.3,78.4,0.8,29.4,0,0.0,0.0,0.0
2022,10,25,83,74.6,77.4,1.1,29.5,0,0.0,0.0,0.0
2022,10,26,82.9,74.8,77.9,1.1,29.4,0,0.0,0.0,0.0
2022,10,27,79.1,75.6,89.5,1.3,29.4,0.79,0.0,0.0,0.0
2022,10,28,79,75.1,88.4,0.8,29.4,0.81,0.0,0.0,0.0
2022,10,29,79.3,73,82.3,0.6,29.4,0.06,0.0,0.0,0.0
2022,10,30,78.9,70.5,78.1,0.9,29.4,0,0.0,0.0,0.0
2022,10,31,79.8,72.1,79.5,0.6,29.4,0,0.0,0.0,0.0
2022,11,1,79,72.4,81.3,0.5,29.4,0,0.0,0.0,0.0
2022,11,2,78.9,70.6,78.3,0.6,29.4,0,0.0,0.0,0.0
2022,11,3,78.3,70.4,78.6,1.3,29.4,0,0.0,0.0,0.0
2022,11,4,78,69.3,76.8,0.9,29.5,0,0.0,0.0,0.0
2022,11,5,77.8,67.8,74,1.1,29.6,0,0.0,0.0,0.0
2022,11,6,77.5,68.4,76.1,0.9,29.5,0,0.0,0.0,0.0
2022,11,7,77.5,69,77.1,0.4,29.5,0,0.0,0.0,0.0
2022,11,8,77.4,68.6,77,0.8,29.5,0,0.0,0.0,0.0
2022,11,9,76.8,67,74.6,1,29.5,0,0.0,0.0,0.0
2022,11,10,77,67.4,75.3,1.6,29.5,0,0.0,0.0,0.0
2022,11,11,77.9,68,74.5,1,29.5,0,0.0,0.0,0.0
2022,11,12,78.5,69.6,76,1.5,29.5,0,0.0,0.0,0.0
2022,11,13,79.3,70.4,76.3,1.3,29.4,0,0.0,0.0,0.0
2022,11,14,79.5,73.4,81.8,0.8,29.4,0.02,0.0,0.0,0.0
2022,11,15,81.4,74.9,81.6,1.8,29.4,0.42,0.0,0.0,0.0
2022,11,16,81,75,82.6,0.5,29.4,0.4,0.0,0.0,0.0
2022,11,17,82.4,74.9,79.5,1.1,29.4,0,0.0,0.0,0.0
2022,11,18,80.1,75.4,86.1,1.4,29.4,0.18,0.0,0.0,0.0
2022,11,19,81.5,75,82.5,1.3,29.4,0.18,0.0,0.0,0.0
2022,11,20,83.4,74.9,77.1,0.9,29.4,0,0.0,0.0,0.0
2022,11,21,82.6,74.8,78.3,1,29.4,0,0.0,0.0,0.0
2022,11,22,81.6,74.5,80.3,1.5,29.4,0,0.0,0.0,0.0
2022,11,23,80.8,72.8,78.8,1.4,29.4,0,0.0,0.0,0.0
2022,11,24,78.5,74,86.5,1.4,29.4,0.4,0.0,0.0,0.0
2022,11,25,77.1,74.8,93.3,1.4,29.4,0.86,0.0,0.0,0.0
2022,11,26,79,75.1,88.5,0.4,29.4,1.87,0.0,0.0,0.0
2022,11,27,80,75.5,86.9,0.9,29.4,0.06,0.0,0.0,0.0
2022,11,28,81.5,76,84.3,0.6,29.4,0,0.0,0.0,0.0
2022,11,29,82.3,76.1,82.8,0.9,29.4,0,0.0,0.0,0.0
2022,11,30,81.5,76.3,85.5,0.8,29.4,0.36,0.0,0.0,0.0
2022,12,1,76.8,73.6,89.5,2,29.4,1.65,0.0,0.0,0.0
2022,12,2,79.3,73.4,83,0.3,29.4,1.29,0.0,0.0,0.0
2022,12,3,80,73.5,82.1,0.8,29.4,0,0.0,0.0,0.0
2022,12,4,79.9,73,80.8,0.8,29.4,0,0.0,0.0,0.0
2022,12,5,79.6,74,84.3,0.5,29.5,0,0.0,0.0,0.0
2022,12,6,79.1,73,81.8,0.9,29.4,0,0.0,0.0,0.0
2022,12,7,78.1,72.6,83.5,1,29.4,0,0.0,0.0,0.0
2022,12,8,79.5,72.9,81.6,0.8,29.4,0,0.0,0.0,0.0
2022,12,9,79.5,72.9,81.4,1.1,29.4,0,0.0,0.0,0.0
2022,12,10,80.1,72.6,79.9,0.3,29.4,0,0.0,0.0,0.0
2022,12,11,80.1,72.5,79.6,0.9,29.4,0,0.0,0.0,0.0
2022,12,12,78.4,70.6,79.6,1.3,29.4,0,0.0,0.0,0.0
2022,12,13,74.4,67.9,81.5,1,29.5,0,0.0,0.0,0.0
2022,12,14,72.8,65.6,81,1.3,29.5,0,0.0,0.0,0.0
2022,12,15,71.5,62.5,76,1.1,29.5,0,0.0,0.0,0.0
2022,12,16,71.6,63.9,78.5,0.8,29.4,0,0.0,0.0,0.0
2022,12,17,76.1,66.7,75,0.9,29.5,0,0.0,0.0,0.0
2022,12,18,74.8,62.4,65.8,3.4,29.6,0,0.0,0.0,0.0
2022,12,19,71.9,59.9,67.4,2.9,29.5,0,0.0,0.0,0.0
2022,12,20,69.9,61.8,77.8,0.9,29.5,0,0.0,0.0,0.0
2022,12,21,71.9,63.4,76.8,1,29.5,0,0.0,0.0,0.0
2022,12,22,73.6,65.5,77.4,0.9,29.4,0,0.0,0.0,0.0
2022,12,23,75.3,67.4,78.1,0.5,29.4,0,0.0,0.0,0.0
2022,12,24,75,65.6,75.1,1.3,29.5,0,0.0,0.0,0.0
2022,12,25,72,62.8,74.5,1.4,29.6,0,0.0,0.0,0.0
2022,12,26,71.8,64.1,78.6,0.5,29.6,0,0.0,0.0,0.0
2022,12,27,72.6,62.9,74.6,1,29.6,0,0.0,0.0,0.0
2022,12,28,72.8,63.4,75,0.8,29.6,0,0.0,0.0,0.0
2022,12,29,73.3,63.8,74.8,1.3,29.6,0,0.0,0.0,0.0
2022,12,30,72.8,63.9,76.4,1.5,29.6,0,0.0,0.0,0.0
2022,12,31,71.4,63.6,78.1,0.9,29.6,0,0.0,0.0,0.0
2023,1,1,71.1,62.4,77,0.6,29.6,0,0.0,0.0,0.0
2023,1,2,70.9,62,76.4,0.8,29.6,0,0.0,0.0,0.0
2023,1,3,72.9,64.3,76,1,29.6,0,0.0,0.0,0.0
2023,1,4,74,66.8,79.6,0.9,29.6,0,0.0,0.0,0.0
2023,1,5,75,66.9,77.8,1,29.6,0,0.0,0.0,0.0
2023,1,6,74.1,64.1,74,1.5,29.6,0,0.0,0.0,0.0
2023,1,7,74.9,58.1,57.1,4,29.6,0,0.0,0.0,0.0
2023,1,8,73.3,60.3,65.4,1,29.6,0,0.0,0.0,0.0
2023,1,9,75.3,63.4,68.3,1.1,29.6,0,0.0,0.0,0.0
2023,1,10,78.9,67.3,69.4,1.3,29.5,0,0.0,0.0,0.0
2023,1,11,77.6,68.9,76,1,29.4,0,0.0,0.0,0.0
2023,1,12,77.6,69.8,77.9,0.8,29.4,0,0.0,0.0,0.0
2023,1,13,76.6,63.3,67.4,1.5,29.4,0,0.0,0.0,0.0
2023,1,14,76.4,59.3,59.5,2.9,29.4,0,0.0,0.0,0.0
2023,1,15,75.3,58.3,60,1,29.4,0,0.0,0.0,0.0
2023,1,16,73.5,60.3,67.3,0.8,29.4,0,0.0,0.0,0.0
2023,1,17,74.9,64.3,72,1,29.5,0,0.0,0.0,0.0
2023,1,18,77.6,66.3,70.6,0.4,29.5,0,0.0,0.0,0.0
2023,1,19,74.3,62.3,69.6,0.6,29.5,0,0.0,0.0,0.0
2023,1,20,72.1,63,74.7,0.7,29.5,0,0.0,0.0,0.0
2023,1,21,74.1,61.9,68.9,0.3,29.5,0,0.0,0.0,0.0
2023,1,22,73.1,61.1,70.5,0.3,29.5,0,0.0,0.0,0.0
2023,1,23,73.9,59.6,66.5,1.3,29.4,0,0.0,0.0,0.0
2023,1,24,73.6,60,66.9,1.4,29.5,0,0.0,0.0,0.0
2023,1,25,73.1,61.1,68.8,0.9,29.5,0,0.0,0.0,0.0
2023,1,26,72.6,61.1,70.6,1.1,29.5,0,0.0,0.0,0.0
2023,1,27,73,61.3,70.5,0.6,29.5,0,0.0,0.0,0.0
2023,1,28,73.8,62.1,68.8,1,29.5,0,0.0,0.0,0.0
2023,1,29,71.3,58,67.1,1.5,29.6,0,0.0,0.0,0.0
2023,1,30,69.1,55.5,66,1,29.6,0,0.0,0.0,0.0
2023,1,31,70.6,58,68.3,0.8,29.5,0,0.0,0.0,0.0
2023,2,1,73.6,60.6,67.4,0.4,29.4,0,0.0,0.0,0.0
2023,2,2,76.4,65,70.1,0.6,29.4,0,0.0,0.0,0.0
2023,2,3,78.8,66,67.5,0.9,29.4,0,0.0,0.0,0.0
2023,2,4,80.4,70.6,73.3,0.9,29.4,0,0.0,0.0,0.0
2023,2,5,82,72.4,74.8,1.4,29.4,0,0.0,0.0,0.0
2023,2,6,83.6,68.6,66,2,29.4,0,0.0,0.0,0.0
2023,2,7,84.5,63.6,52.9,3.5,29.4,0,0.0,0.0,0.0
2023,2,8,82.5,66.8,60.1,4.3,29.4,0,0.0,0.0,0.0
2023,2,9,81.1,62.3,54.1,1.3,29.4,0,0.0,0.0,0.0
2023,2,10,82.5,63.3,55.1,1,29.4,0,0.0,0.0,0.0
2023,2,11,83.9,61.1,48.8,2.9,29.4,0,0.0,0.0,0.0
2023,2,12,83.3,57.8,45,2.4,29.4,0,0.0,0.0,0.0
2023,2,13,83.3,61,50.1,2.1,29.4,0,0.0,0.0,0.0
2023,2,14,83.1,59.5,48.5,1.4,29.4,0,0.0,0.0,0.0
2023,2,15,79.8,65.4,62.5,2,29.4,0,0.0,0.0,0.0
2023,2,16,80.3,68.9,69.3,1.8,29.5,0,0.0,0.0,0.0
2023,2,17,75.9,63.4,66.6,1.8,29.6,0,0.0,0.0,0.0
2023,2,18,76,62.8,64.9,0.3,29.5,0.02,0.0,0.0,0.0
2023,2,19,78,61.6,62.8,1.6,29.5,0.02,0.0,0.0,0.0
2023,2,20,79.9,64,60.5,3.6,29.5,0,0.0,0.0,0.0
2023,2,21,80,66.3,65.3,1.6,29.5,0,0.0,0.0,0.0
2023,2,22,79.8,65,63.3,1.3,29.5,0,0.0,0.0,0.0
2023,2,23,80.3,64.6,62.9,0.5,29.5,0,0.0,0.0,0.0
2023,2,24,82.6,64.9,57.5,0.8,29.4,0,0.0,0.0,0.0
2023,2,25,80.3,62.6,57.1,3.4,29.6,0,0.0,0.0,0.0
2023,2,26,78.6,59.5,53.9,2.6,29.7,0,0.0,0.0,0.0
2023,2,27,74.5,57,57.8,1.8,29.7,0,0.0,0.0,0.0
2023,2,28,75.1,56.5,58.3,1,29.6,0,0.0,0.0,0.0
2023,3,1,77.5,58.9,58,0.9,29.6,0,0.0,0.0,0.0
2023,3,2,79.1,59.8,56.4,0.6,29.6,0,0.0,0.0,0.0
2023,3,3,78.9,62.9,61,1,29.6,0,0.0,0.0,0.0
2023,3,4,78.6,62.3,61.1,0.5,29.6,0,0.0,0.0,0.0
2023,3,5,78.8,63.9,62.8,0.9,29.6,0,0.0,0.0,0.0
2023,3,6,79.4,64.1,63.1,1.3,29.5,0,0.0,0.0,0.0
2023,3,7,81.3,65.1,61.6,1.3,29.5,0,0.0,0.0,0.0
2023,3,8,82.8,64.9,59.3,1.3,29.5,0,0.0,0.0,0.0
2023,3,9,82.9,66.8,60.8,1.6,29.5,0,0.0,0.0,0.0
2023,3,10,84.4,68.1,61.3,1.3,29.4,0,0.0,0.0,0.0
2023,3,11,84.8,71,65,0.5,29.4,0,0.0,0.0,0.0
2023,3,12,85.9,73,66.5,1.3,29.4,0,8.5,0.0,4.25
2023,3,13,76.5,70.6,82.6,1.9,29.5,0.21,0.0,0.0,0.0
2023,3,14,79.8,69.4,72.9,0.5,29.5,0.2,0.0,0.0,0.0
2023,3,15,82.9,69.3,66.3,1.3,29.4,0,0.0,0.0,0.0
2023,3,16,84.6,70,64,0.8,29.4,0,0.0,0.0,0.0
2023,3,17,85.4,69.8,61.8,1.3,29.4,0,0.0,0.0,0.0
2023,3,18,87.6,70.9,60.3,1.3,29.4,0,0.0,0.0,0.0
2023,3,19,83.8,70.8,66.8,2.5,29.4,0.47,0.5,0.0,0.25
2023,3,20,85.5,70.8,63.8,2.6,29.4,0.69,0.0,0.0,0.0
2023,3,21,89,68.6,52.4,4.3,29.3,0,0.0,0.0,0.0
2023,3,22,89.9,65.8,45.9,8,29.3,0,0.0,0.0,0.0
2023,3,23,89.9,66.4,46.6,7,29.3,0,0.0,0.0,0.0
2023,3,24,89.8,66,47.6,4.9,29.3,0,0.0,0.0,0.0
2023,3,25,90,63.5,42.5,5.6,29.3,0,0.0,0.0,0.0
2023,3,26,90,62.8,42.4,6.1,29.3,0,0.0,0.0,0.0
2023,3,27,90.1,62.4,44,4,29.3,0,0.0,0.0,0.0
2023,3,28,87.4,67.9,53.3,1.5,29.4,0,0.0,0.0,0.0
2023,3,29,88.5,67.9,53.9,4.1,29.4,0,0.0,0.0,0.0
2023,3,30,89.1,65.9,49.4,4.1,29.3,0,0.0,0.0,0.0
2023,3,31,90.8,65.6,43.8,4.3,29.3,0,0.0,0.0,0.0
2023,4,1,92,67.3,45.3,4.1,29.3,0,0.0,0.0,0.0
2023,4,2,90.4,68.9,50.6,4.9,29.3,0,0.0,0.0,0.0
2023,4,3,89.6,65.8,47.6,7.4,29.3,0,0.0,0.0,0.0
2023,4,4,90.4,68,49.4,7.5,29.3,0,0.0,0.0,0.0
2023,4,5,91,66.5,46.1,6.1,29.3,0,0.0,0.0,0.0
2023,4,6,92.4,68.4,47,4.1,29.3,0,0.0,0.0,0.0
2023,4,7,92.8,71.9,52.1,1.1,29.4,0,0.0,0.0,0.0
2023,4,8,91.3,71.9,55.1,2.4,29.4,0,0.0,0.0,0.0
2023,4,9,90.1,72.3,56.4,1.6,29.4,0,0.0,0.0,0.0
2023,4,10,94,66.4,41.4,4.9,29.4,0,0.0,0.0,0.0
2023,4,11,93.8,67,41.6,4.5,29.3,0,0.0,0.0,0.0
2023,4,12,94.8,73,50.5,4.8,29.3,0,0.0,0.0,0.0
2023,4,13,93.3,74,55,5.8,29.3,0,0.0,0.0,0.0
2023,4,14,93.3,71.8,51.4,6.8,29.3,0,0.0,0.0,0.0
2023,4,15,95,71.5,48.8,4.6,29.3,0,0.0,0.0,0.0
2023,4,16,93.3,71.1,49,5.3,29.3,0,0.0,0.0,0.0
2023,4,17,92.3,71.8,52.5,6,29.3,0,0.0,0.0,0.0
2023,4,18,93.9,70.4,48.5,4.5,29.3,0,0.0,0.0,0.0
2023,4,19,91.8,73,54.5,7.6,29.3,0,0.0,0.0,0.0
2023,4,20,91.9,74.4,57.3,9,29.2,0,0.0,0.0,0.0
2023,4,21,92.8,74,56.1,6.6,29.2,0,0.0,0.0,0.0
2023,4,22,94.3,73,51.3,5.6,29.2,0,0.0,0.0,0.0
2023,4,23,92.1,71.1,51.3,2.4,29.3,0,5.5,0.0,2.75
2023,4,24,90.5,71.6,56.9,1.1,29.4,0,0.0,0.0,0.0
2023,4,25,89.4,74.3,62.8,2.4,29.3,0.34,0.0,0.0,0.0
2023,4,26,82.6,74.1,75.6,1.8,29.4,0.34,1.5,0.0,0.75
2023,4,27,86.3,75.5,72.1,0.6,29.4,0,0.0,0.0,0.0
2023,4,28,90,73.6,61.1,2.3,29.3,0,0.0,0.0,0.0
2023,4,29,91.8,73.3,55.9,5.5,29.3,0.04,0.0,0.0,0.0
2023,4,30,85.6,74.8,71.4,3.9,29.3,0.3,0.0,0.0,0.0
2023,5,1,84.9,74.6,73.1,1.1,29.4,1.34,0.0,0.0,0.0
2023,5,2,88.1,74.9,66.6,1.1,29.4,0,18.5,0.0,9.25
2023,5,3,87.3,76,71.4,1.5,29.4,0.07,0.0,0.0,0.0
2023,5,4,92.5,75.4,58.8,2.3,29.3,0.03,0.0,0.0,0.0
2023,5,5,92.8,73.1,53.3,6.1,29.2,0,0.0,0.0,0.0
2023,5,6,93.5,72.9,51.3,8.8,29.2,0,0.0,0.0,0.0
2023,5,7,93.9,73.3,51.6,8.9,29.2,0,0.0,0.0,0.0
2023,5,8,91.5,73,55.5,6.6,29.2,0,0.0,0.0,0.0
2023,5,9,88,74.4,65.3,1.3,29.3,0,0.0,0.0,0.0
2023,5,10,82.4,74.3,76.8,1.9,29.4,0.02,6.5,0.0,3.25
2023,5,11,86.4,75.6,72.5,1.1,29.4,0.02,0.0,0.0,0.0
2023,5,12,82.1,76.3,82.6,1.1,29.4,0.57,35.5,0.0,17.75
2023,5,13,84,76.6,80.1,0.9,29.4,0.68,0.0,0.0,0.0
2023,5,14,80.9,75.6,84.4,1,29.4,0.38,0.0,0.0,0.0
2023,5,15,81.1,75.6,83.6,0.8,29.4,0.64,0.0,0.0,0.0
2023,5,16,83.5,73.1,70.9,4.1,29.4,0.31,0.0,0.0,0.0
2023,5,17,87.5,71.9,59.5,7.5,29.4,0.01,0.0,0.0,0.0
2023,5,18,88.9,71.1,56.5,9,29.4,0,0.0,0.0,0.0
2023,5,19,89.3,71.1,55.3,10.4,29.3,0,0.0,0.0,0.0
2023,5,20,89.9,73.3,58.3,8.5,29.3,0,0.0,0.0,0.0
2023,5,21,90.3,74.5,60,5.6,29.3,0,0.0,0.0,0.0
2023,5,22,89.6,73.9,60.6,6.6,29.3,0,0.0,0.0,0.0
2023,5,23,88.6,72.9,59.8,6.6,29.3,0,0.0,0.0,0.0
2023,5,24,90.4,73.1,58,6.6,29.3,0,0.0,1.5,0.75
2023,5,25,89,72.3,58,7.9,29.3,0,0.0,0.0,0.0
2023,5,26,90.5,72.4,55.8,8,29.3,0,0.0,0.0,0.0
2023,5,27,91,72,54.9,8.1,29.3,0,0.0,0.0,0.0
2023,5,28,89.6,74,61.8,4.4,29.3,0,5.5,9.0,7.25
2023,5,29,83.8,76.8,80.1,0.5,29.3,0.41,0.0,0.5,0.25
2023,5,30,89,76.9,68.6,1.1,29.3,0,0.0,0.0,0.0
2023,5,31,90,74.8,62,5.6,29.3,0,0.0,0.0,0.0
2023,6,1,89.4,71.1,56,9.1,29.3,0,0.5,0.0,0.25
2023,6,2,89,71,55.4,8.1,29.3,0,0.5,0.0,0.25
2023,6,3,90.4,72.3,56,6.5,29.3,0,0.0,0.0,0.0
2023,6,4,90.1,74.3,59.4,4,29.3,0.02,0.0,0.0,0.0
2023,6,5,89.6,73.8,60.4,3,29.3,0.02,0.0,0.0,0.0
2023,6,6,86.9,74.1,66.4,2.8,29.2,0,0.0,0.0,0.0
2023,6,7,84,75.9,77.5,1.3,29.3,0.37,2.0,2.0,2.0
2023,6,8,82,76.3,83.3,0.3,29.3,0.73,0.0,4.5,2.25
2023,6,9,81.5,76.4,84.9,0.6,29.3,0.43,0.0,8.5,4.25
2023,6,10,85.1,75,73.4,2.3,29.2,0.12,0.0,0.5,0.25
2023,6,11,85.3,74.1,69.9,2.5,29.2,0.43,0.0,8.0,4.0
2023,6,12,85.9,73.4,67.1,3.8,29.2,0.43,0.0,0.0,0.0
2023,6,13,84.1,74,72.3,1.8,29.3,0,0.0,0.0,0.0
2023,6,14,82.6,74.1,75.4,1.5,29.3,0.02,0.0,6.0,3.0
2023,6,15,83.8,75.1,76,3,29.3,0.25,0.0,0.0,0.0
2023,6,16,86.6,73.9,66.6,5.8,29.3,0.24,0.0,0.0,0.0
2023,6,17,89.1,74.4,62.3,4.1,29.3,0,0.0,0.0,0.0
2023,6,18,87.9,72.9,61.6,6.8,29.3,0,0.0,0.0,0.0
2023,6,19,86.4,72.5,63.3,6.3,29.3,0,0.0,0.0,0.0
2023,6,20,86.3,71.8,62.6,5.5,29.3,0,0.0,0.0,0.0
2023,6,21,84.8,72.5,67.1,3.8,29.4,0,0.0,0.0,0.0
2023,6,22,84.9,72.9,68,5.5,29.4,0.17,0.0,0.5,0.25
2023,6,23,87.1,72.5,62.1,5.5,29.3,0.17,0.0,0.0,0.0
2023,6,24,84.9,71.4,64.1,7.6,29.3,0,0.0,0.0,0.0
2023,6,25,85.8,72.6,64.9,5,29.3,0,0.0,0.0,0.0
2023,6,26,82.3,72.6,73.4,6.3,29.3,0.46,0.0,5.0,2.5
2023,6,27,85.4,72.9,66.4,5.9,29.3,0.46,0.0,0.0,0.0
2023,6,28,88.5,75,65.5,5.5,29.3,0.04,0.0,0.0,0.0
2023,6,29,90,75,62,5.3,29.3,0.02,0.0,0.0,0.0
2023,6,30,89.5,74.5,61.6,6.9,29.3,0,0.0,0.0,0.0
2023,7,1,90.6,74,59.4,4.5,29.3,0,0.0,0.0,0.0
2023,7,2,88.4,74.8,64.9,6,29.3,0,0.0,0.5,0.25
2023,7,3,82.1,75,79.9,2,29.3,0.04,0.0,16.0,8.0
2023,7,4,81.4,76.5,85.9,0.9,29.4,0.46,0.0,11.0,5.5
2023,7,5,81.5,76.1,84.5,1.3,29.4,0.52,0.0,8.0,4.0
2023,7,6,87,72.6,63.3,4.8,29.4,0.07,0.0,0.0,0.0
2023,7,7,90.5,74,59.8,4.8,29.3,0,0.0,0.0,0.0
2023,7,8,90.6,75.3,61.6,5.6,29.3,0,0.0,0.0,0.0
2023,7,9,89.3,75.9,66,3.4,29.3,0,0.0,0.0,0.0
2023,7,10,85.4,76.1,75,1.3,29.3,0,0.0,0.0,0.0
2023,7,11,84.6,74.6,73.4,2,29.4,0.02,0.0,6.5,3.25
2023,7,12,87,73.5,65,2.9,29.4,0.02,0.0,0.0,0.0
2023,7,13,88,72.5,61,6,29.4,0,0.0,0.0,0.0
2023,7,14,86.3,72.5,64.1,8.9,29.3,0,0.0,0.0,0.0
2023,7,15,85.8,72.3,63.6,8.8,29.3,0,0.0,0.0,0.0
2023,7,16,86.3,71.4,62,9.5,29.3,0,0.0,0.0,0.0
2023,7,17,86.9,73.1,63.6,9.4,29.2,0,0.0,0.0,0.0
2023,7,18,85.6,72.9,66,10.5,29.2,0.17,0.0,0.0,0.0
2023,7,19,84.6,72,66.5,9.5,29.2,0.17,0.0,1.5,0.75
2023,7,20,84.3,73.5,70.6,7.3,29.3,0.24,0.0,0.0,0.0
2023,7,21,88.9,74.1,62.5,4,29.3,0.24,0.0,3.0,1.5
2023,7,22,88.4,77.1,70.6,1.9,29.3,0.06,0.0,0.0,0.0
2023,7,23,85.1,76.6,77.1,1.8,29.3,1.07,0.0,0.0,0.0
2023,7,24,84.1,76.4,78.3,2.3,29.3,1.08,0.0,0.0,0.0
2023,7,25,86.6,73.5,65.6,6.4,29.3,0.03,0.0,0.0,0.0
2023,7,26,86.3,73.1,64.5,7,29.3,0.03,0.0,0.0,0.0
2023,7,27,85.3,73,67,9.3,29.3,0.03,0.0,0.0,0.0
2023,7,28,85.5,73.3,66.6,9.5,29.2,0,0.0,0.0,0.0
2023,7,29,84.8,73.3,68.1,9,29.2,0,0.0,0.0,0.0
2023,7,30,84.1,74,72,4.4,29.2,0.04,0.0,0.5,0.25
2023,7,31,81.3,77.8,89.1,0.4,29.3,0.11,0.0,0.0,0.0
2023,8,1,83.1,76.8,82.1,2.1,29.3,0.18,0.0,0.5,0.25
2023,8,2,83.9,75.9,77.8,2.5,29.3,0.15,0.0,0.0,0.0
2023,8,3,83.4,74.5,74.6,6.4,29.3,0.06,0.0,0.5,0.25
2023,8,4,82.9,74.5,75.9,4.6,29.4,0.05,0.0,0.0,0.0
2023,8,5,82.1,74.9,79.6,3.5,29.4,0.08,0.0,5.5,2.75
2023,8,6,82.5,73.4,74.3,5.1,29.3,0.3,0.0,6.0,3.0
2023,8,7,79.7,75.7,87.1,2.3,29.3,0.41,0.0,6.5,3.25
2023,8,8,78.8,76.1,91.9,0.4,29.3,0.51,0.0,7.0,3.5
2023,8,9,80.9,74.6,81.9,3.3,29.4,0.47,0.0,0.5,0.25
2023,8,10,82.8,73.6,74.3,5.6,29.4,0.09,0.0,0.0,0.0
2023,8,11,84.8,73.6,69.3,7.1,29.3,0.01,0.0,0.0,0.0
2023,8,12,86,74.8,69.9,4.4,29.3,0,0.0,0.0,0.0
2023,8,13,85.9,74.3,68.5,6.8,29.3,0,0.0,0.0,0.0
2023,8,14,85.4,73.9,69.5,7,29.3,0,0.0,0.0,0.0
2023,8,15,85.8,72.6,65.3,7.9,29.3,0,0.0,0.0,0.0
2023,8,16,84.1,73.6,71,4.4,29.3,0.13,0.0,5.0,2.5
2023,8,17,85.3,73,67.4,5.4,29.3,0.13,0.0,0.0,0.0
2023,8,18,86.8,72,62.6,7.1,29.3,0,0.0,0.0,0.0
2023,8,19,88.3,71.9,59,8.1,29.3,0,0.0,0.0,0.0
2023,8,20,89.3,74.3,62.6,8.3,29.3,0,0.0,6.5,3.25
2023,8,21,83.8,77.8,83.4,1.9,29.3,0.69,0.0,5.5,2.75
2023,8,22,85,73.5,68.6,4.8,29.3,0.67,0.0,0.0,0.0
2023,8,23,85.8,73.3,66.6,6.6,29.3,0,0.0,0.0,0.0
2023,8,24,84.9,73,67.6,6.1,29.3,0,0.0,0.0,0.0
2023,8,25,84.4,73,68.3,6.8,29.3,0,0.0,0.0,0.0
2023,8,26,83.1,72.4,69.9,4.8,29.3,0,0.0,1.5,0.75
2023,8,27,84.9,73.1,68,5.5,29.3,0.01,0.0,0.0,0.0
2023,8,28,86.1,73.5,66.3,6.3,29.3,0,0.0,0.0,0.0
2023,8,29,85.8,74.8,71,4,29.2,0.12,0.0,0.0,0.0
2023,8,30,84.6,76.9,79.4,2.4,29.3,0.58,0.0,0.0,0.0
2023,8,31,84.8,76.6,77.3,1.9,29.3,0.09,0.0,0.0,0.0
2023,9,1,87.9,74.8,66.9,6.1,29.3,0.02,0.0,1.5,0.75
2023,9,2,87,76.1,71.6,1.1,29.2,0.05,0.0,0.0,0.0
2023,9,3,86.1,76.9,75,3,29.2,0.05,0.0,0.0,0.0
2023,9,4,85.3,77,77.3,2,29.2,0.31,0.0,41.5,20.75
2023,9,5,80.3,77.6,92.4,1.1,29.3,2.86,0.0,70.0,35.0
2023,9,6,82.4,75.4,80.8,2.8,29.3,0.19,0.0,0.5,0.25
2023,9,7,85.3,74.5,71.1,5.4,29.4,0.02,0.0,0.0,0.0
2023,9,8,85.6,74.8,70.4,7,29.3,0,0.0,0.5,0.25
2023,9,9,85.9,74.3,68.4,5.1,29.3,0.02,0.0,0.0,0.0
2023,9,10,83.8,75.3,76.1,3.6,29.3,0.17,0.0,2.5,1.25
2023,9,11,82.3,76.8,84.9,1.3,29.3,0.3,0.0,13.5,6.75
2023,9,12,81.1,75.8,84.1,2.8,29.3,0.26,0.0,2.0,1.0
2023,9,13,81,76.3,85.9,1,29.4,0.13,0.0,1.5,0.75
2023,9,14,84.3,74.3,72.9,5,29.3,0.13,0.0,0.0,0.0
2023,9,15,84.3,75.3,75.6,5.5,29.3,0.01,0.0,17.0,8.5
2023,9,16,79.9,77.3,92.3,0.8,29.3,1.01,0.0,25.0,12.5
2023,9,17,79,76.9,93.1,1.5,29.3,2.01,0.0,45.5,22.75
2023,9,18,78.6,76.5,93.8,1.5,29.4,1.91,0.0,50.5,25.25
2023,9,19,80.1,76.8,89.8,0.5,29.4,2.12,0.0,1.0,0.5
2023,9,20,84.6,75.4,74,2.5,29.4,0.23,0.0,0.0,0.0
2023,9,21,86.6,76,72.6,2.3,29.4,0.01,0.0,2.0,1.0
2023,9,22,85.5,78.5,80.5,1,29.4,0.35,0.0,0.0,0.0
2023,9,23,85.4,78.1,79.9,0.9,29.4,0.01,0.0,0.0,0.0
2023,9,24,86.8,77.3,76,1.4,29.3,0.01,0.0,0.0,0.0
2023,9,25,86.4,78,76.8,1.3,29.3,0,0.0,0.0,0.0
2023,9,26,83.5,77.3,82.6,1.3,29.3,0.63,0.0,1.0,0.5
2023,9,27,78.6,77,94.9,1.8,29.3,1.75,0.0,45.5,22.75
2023,9,28,79.4,76.5,91.5,1.4,29.3,2.13,0.0,12.0,6.0
2023,9,29,79.8,77,91.8,0.5,29.4,0.85,0.0,2.5,1.25
2023,9,30,80.1,77.3,90.8,1.3,29.4,0.22,0.0,0.0,0.0
2023,10,1,82.3,75.9,82.1,3,29.4,0.17,0.0,3.0,1.5
2023,10,2,84.1,75.4,76.3,3.4,29.4,0.2,0.0,0.0,0.0
2023,10,3,85.5,75,72,3.9,29.4,0,0.0,0.0,0.0
2023,10,4,87.3,77,72.6,2.3,29.4,0,0.0,34.5,17.25
2023,10,5,82.5,78.4,87.8,0,29.3,2.86,0.0,11.0,5.5
2023,10,6,78.9,77.5,95.5,0.3,29.4,2.86,0.0,11.5,5.75
2023,10,7,80.5,76,86.5,0.9,29.4,0.57,0.0,1.5,0.75
2023,10,8,81.3,74,78.5,3.5,29.4,0.07,0.0,0.0,0.0
2023,10,9,81.1,75.3,82.4,2.6,29.4,0,0.0,7.5,3.75
2023,10,10,77,75.8,95.5,0.3,29.5,2.52,0.0,44.0,22.0
2023,10,11,79.4,76,89.6,1,29.5,2.81,0.0,13.5,6.75
2023,10,12,82,77.4,86.5,1.4,29.5,1.3,0.0,2.0,1.0
2023,10,13,83,76.5,81.4,1.3,29.5,0,0.0,0.0,0.0
2023,10,14,81.6,76.4,84.4,1.1,29.4,0,0.0,0.0,0.0
2023,10,15,82.9,77.5,84.5,1,29.4,0.07,0.0,4.5,2.25
2023,10,16,82,76.4,84,1.8,29.4,0.28,0.0,5.5,2.75
2023,10,17,81.3,76.9,87.1,0.3,29.4,0.71,0.0,0.5,0.25
2023,10,18,83.4,76.3,80.8,0.9,29.4,0.71,0.0,0.0,0.0
2023,10,19,83.9,77.4,81.4,0.3,29.4,0,0.0,0.0,0.0
2023,10,20,84.8,77.5,80.4,0.9,29.4,0,0.0,2.5,1.25
2023,10,21,78.5,74.9,88.4,1.6,29.5,1.31,0.0,3.0,1.5
2023,10,22,79.1,75.6,89.4,0.9,29.5,1.13,0.0,13.5,6.75
2023,10,23,82.3,76.3,83,0.5,29.5,0.45,0.0,0.0,0.0
2023,10,24,83.1,76.6,81.3,1,29.5,0,0.0,0.0,0.0
2023,10,25,84,77.4,82.1,0.8,29.5,0,0.0,0.0,0.0
2023,10,26,79.5,77.3,93.3,0,29.5,0.2,0.0,13.5,6.75
2023,10,27,81.6,77.1,86.6,1.1,29.4,0.2,0.0,1.0,0.5
2023,10,28,81.5,77.1,87.1,1.5,29.4,0.24,0.0,23.5,11.75
2023,10,29,77,75,94,0.6,29.5,4.9,0.0,8.5,4.25
2023,10,30,78.1,74.4,88.4,2,29.5,4.9,0.0,42.5,21.25
2023,10,31,78.8,74.4,86.8,1.6,29.6,1.44,0.0,0.0,0.0
2023,11,1,81.1,75.6,83.9,1,29.5,0.92,0.0,0.0,0.0
2023,11,2,81.4,76.1,85.1,1.1,29.5,0,0.0,0.0,0.0
2023,11,3,83,76.1,80.8,0.8,29.4,0,0.0,0.0,0.0
2023,11,4,82.9,77.1,83.4,0,29.4,0,0.0,0.0,0.0
2023,11,5,84.7,78.1,81,1.1,29.4,0,0.0,0.0,0.0
2023,11,6,84.5,77.8,81.4,0.5,29.4,0,0.0,0.0,0.0
2023,11,7,84.3,77.7,82.1,0.9,29.5,0,0.0,0.0,0.0
2023,11,8,83.5,77,82.4,1.3,29.4,0,0.0,0.0,0.0
2023,11,9,83.1,77.4,84,1,29.4,0,0.0,0.0,0.0
2023,11,10,83.9,77.5,82.5,1,29.5,0,0.0,0.0,0.0
2023,11,11,83.1,78.4,85.9,0.5,29.5,0.02,0.0,1.0,0.5
2023,11,12,79.6,75.5,88.3,1,29.5,0.29,0.0,1.0,0.5
2023,11,13,82.5,77.4,85.1,1,29.5,0.26,0.0,0.0,0.0
2023,11,14,81.4,75.5,83.4,1,29.6,0.02,0.0,0.0,0.0
2023,11,15,82,74.8,80.1,1.3,29.6,0.02,0.0,0.0,0.0
2023,11,16,81.8,74.8,80.6,1.5,29.6,0,0.0,0.0,0.0
2023,11,17,80,71.3,75.4,2.4,29.6,0,0.0,0.0,0.0
2023,11,18,77.5,66.5,70.5,1.5,29.6,0,0.0,0.0,0.0
2023,11,19,76,66,73.8,1.1,29.6,0,0.0,0.0,0.0
2023,11,20,75.5,66.3,75.4,1,29.6,0,0.0,0.0,0.0
2023,11,21,75.8,68.4,79.4,0.3,29.5,0,0.0,0.0,0.0
2023,11,22,76.5,68.9,79.1,1,29.5,0,0.0,0.0,0.0
2023,11,23,77.1,69.3,78.9,1.8,29.5,0,0.0,0.0,0.0
2023,11,24,77.3,69.5,79.4,1.3,29.5,0,0.0,0.0,0.0
2023,11,25,78.1,70.3,78.1,0.9,29.5,0,0.0,0.0,0.0
2023,11,26,78.6,69.6,75.9,1.4,29.6,0,0.0,0.0,0.0
2023,11,27,79.1,71.5,77.5,1,29.5,0,0.0,0.0,0.0
2023,11,28,77.8,71.9,82.3,0.8,29.5,0,0.0,0.0,0.0
2023,11,29,78.5,70,76.9,1,29.5,0,0.0,0.0,0.0
2023,11,30,78.8,71.5,79.5,1.5,29.5,0,0.0,0.0,0.0
2023,12,1,79.6,72.3,79.6,0.3,29.5,0,0.0,0.0,0.0
2023,12,2,80,73.9,81.5,0.8,29.5,0,0.0,0.0,0.0
2023,12,3,80,73.6,81.8,1,29.5,0,0.0,0.0,0.0
2023,12,4,79,72.8,82.4,0.5,29.5,0,0.0,0.0,0.0
2023,12,5,80.3,73.5,81.9,1,29.5,0,0.0,0.0,0.0
2023,12,6,81.8,74,79.3,0.6,29.5,0,0.0,0.0,0.0
2023,12,7,80.3,74,82.4,0.5,29.5,0.02,0.0,0.0,0.0
2023,12,8,80,71.3,76.9,1,29.5,0.02,0.0,0.0,0.0
2023,12,9,81.8,72.6,76.1,0.8,29.4,0,0.0,0.0,0.0
2023,12,10,82.9,74.6,77.1,0.8,29.4,0,0.0,0.0,0.0
2023,12,11,82.4,75.1,80.1,0.6,29.4,0,0.0,0.0,0.0
2023,12,12,81.6,74,79.5,0.9,29.4,0,0.0,0.0,0.0
2023,12,13,80.3,73.4,80.8,0.9,29.5,0,0.0,0.0,0.0
2023,12,14,80,71.9,78,1.4,29.5,0,0.0,0.0,0.0
2023,12,15,79.9,71.4,77.5,0.6,29.5,0,0.0,0.0,0.0
2023,12,16,77.9,70.4,79.7,0,29.5,0,0.0,0.0,0.0
2023,12,17,79,70.6,76.8,1,29.5,0,0.0,0.0,0.0
2023,12,18,79.1,71,77.6,0.9,29.5,0,0.0,0.0,0.0
2023,12,19,77.7,70.7,81.1,0.6,29.5,0,0.0,0.0,0.0
2023,12,20,78.6,70,76.8,1,29.5,0,0.0,0.0,0.0
2023,12,21,77.5,69.3,76.5,1.3,29.6,0,0.0,0.0,0.0
2023,12,22,73.6,64.4,74.3,0.9,29.6,0,0.0,0.0,0.0
2023,12,23,70,59,71,2.4,29.7,0,0.0,0.0,0.0
2023,12,24,70.5,59.5,71.3,1.1,29.7,0,0.0,0.0,0.0
2023,12,25,72.9,60.5,67.6,1.8,29.7,0,0.0,0.0,0.0
2023,12,26,74.3,61.9,68.5,1.6,29.6,0,0.0,0.0,0.0
2023,12,27,75.4,64,70.9,1.5,29.6,0,0.0,0.0,0.0
2023,12,28,75.6,65.4,72.9,1.1,29.6,0,0.0,0.0,0.0
2023,12,29,75.8,64.5,71.8,1.4,29.6,0,0.0,0.0,0.0
2023,12,30,76.7,65.6,70.1,1.1,29.5,0,0.0,0.0,0.0
2023,12,31,77.5,67.9,75.1,1,29.5,0,0.0,0.0,0.0
2024,1,1,77.8,67,72.6,1,29.5,0,0.0,0.0,0.0
2024,1,2,78.6,68.1,72.8,0.5,29.5,0,0.0,0.0,0.0
2024,1,3,77.5,67.1,72.9,0.9,29.5,0,0.0,0.0,0.0
2024,1,4,77.1,66.8,73.3,1.1,29.5,0,0.0,0.0,0.0
2024,1,5,76.9,66.9,73.6,0.9,29.5,0,0.0,0.0,0.0
2024,1,6,77.9,67.5,72.9,0.9,29.5,0,0.0,0.0,0.0
2024,1,7,78.5,68.1,73,1.3,29.5,0,0.0,0.0,0.0
2024,1,8,79.5,69.1,72.8,0.6,29.5,0,0.0,0.0,0.0
2024,1,9,81.4,68.5,67.9,1,29.4,0,0.0,0.0,0.0
2024,1,10,80.8,67.9,65.4,0.9,29.4,0,0.0,0.0,0.0
2024,1,11,82,67.8,63.5,0.8,29.4,0,0.0,0.0,0.0
2024,1,12,81.4,66.1,62.3,0.5,29.4,0,0.0,0.0,0.0
2024,1,13,81.9,68.9,65.8,1.3,29.4,0,0.0,0.0,0.0
2024,1,14,79.6,71.5,77,1.1,29.5,0,0.0,0.0,0.0
2024,1,15,79.1,70.1,75.5,0.5,29.5,0,0.0,0.0,0.0
2024,1,16,79.1,68.1,71.5,2,29.5,0,0.0,0.0,0.0
2024,1,17,78.4,67.6,71.6,1.3,29.5,0,0.0,0.0,0.0
2024,1,18,78.9,68.6,72.9,1.1,29.5,0,0.0,0.0,0.0
2024,1,19,79.8,67,68.3,1.3,29.4,0,0.0,0.0,0.0
2024,1,20,79,62,60.8,2.3,29.4,0,0.0,0.0,0.0
2024,1,21,78.3,59.4,55.3,2.6,29.5,0,0.0,0.0,0.0
2024,1,22,76.3,58.5,58,0.9,29.5,0,0.0,0.0,0.0
2024,1,23,76.1,62.6,65.9,0.9,29.5,0,0.0,0.0,0.0
2024,1,24,77.1,65.5,69,1.3,29.6,0,0.0,0.0,0.0
2024,1,25,72.4,64.3,76.3,1.3,29.7,0,0.0,0.0,0.0
2024,1,26,71.8,64.5,79.4,0.5,29.7,0,0.0,0.0,0.0
2024,1,27,75.3,67.4,77.5,0.8,29.6,0,0.0,0.0,0.0
2024,1,28,75.5,71,86.8,1.4,29.6,0.23,0.0,0.0,0.0
2024,1,29,74.3,70.9,89,1,29.6,0.39,0.0,0.0,0.0
2024,1,30,73,71.1,93.5,0.5,29.6,0.15,0.0,0.0,0.0
2024,1,31,76.4,69.9,82,1.1,29.6,0.07,0.0,0.0,0.0
2024,2,1,81.4,66.9,66.1,1.4,29.5,0,0.0,0.0,0.0
2024,2,2,83.5,67.6,60.8,1.6,29.5,0,0.0,0.0,0.0
2024,2,3,82.5,65.6,59,3.1,29.5,0,0.0,0.0,0.0
2024,2,4,82,62.1,52.8,2.6,29.5,0,0.0,0.0,0.0
2024,2,5,80.4,59.8,53.6,2,29.5,0,0.0,0.0,0.0
2024,2,6,80.4,58.8,53.1,3.1,29.5,0,0.0,0.0,0.0
2024,2,7,80.9,62.8,57.1,1.6,29.5,0,0.0,0.0,0.0
2024,2,8,83.5,65,56.8,1.9,29.4,0,0.0,0.0,0.0
2024,2,9,82.1,69.4,67.8,1,29.5,0,0.0,0.0,0.0
2024,2,10,81.4,71.8,73.3,1.9,29.6,0,0.0,0.0,0.0
2024,2,11,80.5,67,64.3,2,29.7,0,0.0,0.0,0.0
2024,2,12,78.9,67.6,70.4,1.1,29.6,0,0.0,0.0,0.0
2024,2,13,79.4,65.8,66.9,1.4,29.6,0,0.0,0.0,0.0
2024,2,14,80.4,64,61.5,1.3,29.5,0,0.0,0.0,0.0
2024,2,15,80.8,65.3,62.8,1.1,29.5,0,0.0,0.0,0.0
2024,2,16,81.6,67.1,63.3,0.9,29.5,0,0.0,0.0,0.0
2024,2,17,84,67.5,61.8,2,29.4,0,0.0,0.0,0.0
2024,2,18,84.8,68.4,60.6,1.5,29.4,0,0.0,0.0,0.0
2024,2,19,84.9,65.4,53.6,1.9,29.4,0,0.0,0.0,0.0
2024,2,20,85.5,64.4,50.5,3,29.4,0,0.0,0.0,0.0
2024,2,21,84.6,65.9,54.6,2,29.4,0,0.0,0.0,0.0
2024,2,22,83.8,65.6,56.5,1.4,29.4,0,0.0,0.0,0.0
2024,2,23,85.9,65.6,52.8,2.1,29.4,0,0.0,0.0,0.0
2024,2,24,87.4,68.8,56.1,1.3,29.4,0,0.0,0.0,0.0
2024,2,25,87.6,72,61.4,1,29.4,0,0.0,0.0,0.0
2024,2,26,88.1,74.1,64.1,1.4,29.4,0,0.0,0.0,0.0
2024,2,27,87,74.4,68.5,1.1,29.4,0,0.0,0.0,0.0
2024,2,28,87.3,72.3,62.5,1.1,29.4,0,0.0,0.0,0.0
2024,2,29,88,70.3,57.6,0.9,29.4,0,0.0,0.0,0.0
2024,3,1,87.4,69.1,56.8,2.3,29.4,0,0.0,0.0,0.0
2024,3,2,86,72.6,66,0.9,29.4,0,0.0,0.0,0.0
2024,3,3,87.8,71.3,60.5,0.5,29.4,0,0.0,0.0,0.0
2024,3,4,89.6,65.1,45.6,4.9,29.4,0,0.0,0.0,0.0
2024,3,5,90.3,63.9,41.9,1.8,29.4,0,0.0,0.0,0.0
2024,3,6,90.5,70.3,53.3,0.6,29.3,0,0.0,0.0,0.0
2024,3,7,89.1,72.3,60.3,0.9,29.3,0,0.0,0.0,0.0
2024,3,8,89,71.6,57.9,2.3,29.3,0,0.0,0.0,0.0
2024,3,9,91,68.8,50.3,3.9,29.4,0,0.0,0.0,0.0
2024,3,10,88.9,66.6,49.6,3,29.4,0,0.0,0.0,0.0
2024,3,11,88.9,67,49.4,1.6,29.5,0,0.0,0.0,0.0
2024,3,12,89.6,64.5,45.8,2.3,29.4,0,0.0,0.0,0.0
2024,3,13,87.4,59.8,43.4,3.3,29.4,0,0.0,0.0,0.0
2024,3,14,88.6,58.4,36.9,3.4,29.4,0,0.0,0.0,0.0
2024,3,15,91,61.8,40.3,1.6,29.4,0,0.0,0.0,0.0
2024,3,16,88.3,66.8,50.9,1.4,29.4,0,0.0,0.0,0.0
2024,3,17,88.9,69.4,54.5,1.9,29.4,0,0.0,0.0,0.0
2024,3,18,91.5,70.5,52.9,1,29.4,0,0.0,0.0,0.0
2024,3,19,88.3,71.1,59,2,29.4,0,0.0,0.0,0.0
2024,3,20,78.9,72.4,80.8,1.5,29.6,0.35,0.0,0.0,0.0
2024,3,21,82.8,72.5,72.8,1,29.5,0.06,0.0,0.0,0.0
2024,3,22,87.3,70.1,58.8,3,29.4,0.02,0.0,0.0,0.0
2024,3,23,89.3,65.9,48.5,2.1,29.3,0,0.0,0.0,0.0
2024,3,24,88.3,60.1,41.1,2.5,29.4,0,0.0,0.0,0.0
2024,3,25,87.9,59.4,41.1,0.6,29.4,0,0.0,0.0,0.0
2024,3,26,87.3,65.9,51.5,1.4,29.4,0,0.0,0.0,0.0
2024,3,27,87.1,72.9,64.3,0.9,29.5,0,0.0,0.0,0.0
2024,3,28,89.4,68.5,55,1.8,29.4,0,0.0,0.0,0.0
2024,3,29,89.8,69,52.9,1.5,29.4,0,0.0,0.0,0.0
2024,3,30,91.5,63.5,42.9,3.5,29.4,0,0.0,0.0,0.0
2024,3,31,93.3,60,33.4,3.9,29.4,0,0.0,0.0,0.0
2024,4,1,94.3,64.1,37.8,4.6,29.3,0,0.0,0.0,0.0
2024,4,2,94.5,67.8,42.5,5.5,29.3,0,0.0,0.0,0.0
2024,4,3,94.4,68.6,44.3,7.4,29.3,0,0.0,0.0,0.0
2024,4,4,95,70.5,46.4,4.6,29.3,0,0.0,0.0,0.0
2024,4,5,95.9,70.8,46,4.5,29.3,0,0.0,0.0,0.0
2024,4,6,94.1,74.6,55.1,3.4,29.3,0,0.0,0.0,0.0
2024,4,7,94.4,72.4,50.6,4.8,29.3,0,0.0,0.0,0.0
2024,4,8,95.8,65,37.1,2,29.3,0,0.0,0.0,0.0
2024,4,9,96.4,71.4,45.8,2,29.3,0,0.0,0.0,0.0
2024,4,10,89.4,71.6,56.5,2.3,29.4,0,0.0,0.0,0.0
2024,4,11,91.9,71.1,52.8,1.5,29.4,0,0.0,0.0,0.0
2024,4,12,93.4,72.6,51.4,1.4,29.4,0,0.0,0.0,0.0
2024,4,13,93.1,71.6,50.8,2,29.4,0,0.0,0.0,0.0
2024,4,14,88.9,74.5,64.9,1.8,29.4,0.81,0.5,8.0,4.25
2024,4,15,89.5,73.9,63.6,1.1,29.4,0.81,0.0,0.0,0.0
2024,4,16,90,75.4,64.6,1.4,29.3,0.24,0.0,0.0,0.0
2024,4,17,92.4,72.8,54.3,5.1,29.3,0.24,0.0,0.0,0.0
2024,4,18,93.4,69.6,46.4,5.9,29.3,0,0.0,0.0,0.0
2024,4,19,92,70,49,6.3,29.3,0,0.0,0.0,0.0
2024,4,20,92.3,68.4,46.4,6.5,29.3,0,0.0,0.0,0.0
2024,4,21,92.5,72.3,51.6,7.4,29.3,0,0.0,0.0,0.0
2024,4,22,94.1,73.6,52,6.6,29.3,0,0.0,0.0,0.0
2024,4,23,94.6,75.1,54.3,6.8,29.2,0,0.0,0.0,0.0
2024,4,24,93.5,73.6,53.3,3.5,29.3,0,0.0,0.0,0.0
2024,4,25,94.6,72.3,50,6.5,29.3,0,0.0,0.0,0.0
2024,4,26,94.9,72.6,49.3,7.3,29.3,0,0.0,0.0,0.0
2024,4,27,95.9,72,47.1,6.5,29.3,0,0.0,0.0,0.0
2024,4,28,96.3,74,49,6.4,29.3,0,0.0,0.0,0.0
2024,4,29,95.1,74,51.5,5.5,29.3,0,0.0,0.0,0.0
2024,4,30,95.1,73.9,51.4,7.9,29.2,0,0.0,0.0,0.0
2024,5,1,93.9,75,54.9,8.4,29.2,0,0.0,0.0,0.0
2024,5,2,95.4,74,50.7,6.9,26,0,0.0,0.0,0.0
2024,5,3,93.9,73.4,51.6,7.2,19.5,0,0.0,0.0,0.0
2024,5,4,96.2,74.9,51,7.6,10.7,0,0.0,0.0,0.0
2024,5,5,96.1,73.4,49.5,7.7,9.8,0,0.0,0.0,0.0
2024,5,6,94.8,73.8,51.8,4.9,13.8,0,0.0,0.0,0.0
2024,5,7,92.4,74.4,55.9,3.5,11.8,0,0.0,0.0,0.0
2024,5,8,90.9,75.7,63,1.8,10.7,0,0.0,0.0,0.0
2024,5,9,91.9,75.2,58.9,2.1,9.8,0,2.0,1.5,1.75
2024,5,10,87.5,64.8,59.3,2.5,14.7,0.09,0.0,0.0,0.0
2024,5,11,86.2,74.4,73.3,2.3,11,0.05,0.0,2.5,1.25
2024,5,12,89.1,63.2,53.3,2.5,14.7,0.02,0.0,0.0,0.0
2024,5,13,92.9,75.8,59,4.3,12.4,0.01,48.0,1.5,24.75
2024,5,14,87.6,61.3,54.1,2.6,15.9,0.17,0.0,0.0,0.0
2024,5,15,92.1,73.1,61.8,1.4,12.2,0.27,0.0,0.0,0.0
2024,5,16,93.3,79.9,66.6,2.2,9.8,0.27,0.0,0.0,0.0
2024,5,17,90.5,75.5,66.3,2.3,11,0,0.0,0.0,0.0
2024,5,18,90.9,72.5,62.3,2.7,12.2,0.03,0.0,0.0,0.0
2024,5,19,93.7,77.1,59.1,6.2,9.8,0.03,0.0,0.0,0.0
2024,5,20,94,76.9,58.1,5.6,9.7,0.02,0.0,0.0,0.0
2024,5,21,89.4,78,69.4,3.8,10.7,0.02,0.0,0.0,0.0
2024,5,22,88.7,77.8,70.9,2,13.8,0.01,0.0,0.0,0.0
2024,5,23,84.4,58.8,60.7,2,17.1,0.29,43.0,2.5,22.75
2024,5,24,82.6,36.4,41.5,1.5,25.6,1.6,12.0,0.5,6.25
2024,5,25,84,46.7,50.3,0.9,22,1.21,0.5,0.5,0.5
2024,5,26,84.9,48.6,50.3,1.7,24.4,0.3,34.0,0.0,17.0
2024,5,27,86.6,58.8,55,3.3,17.1,0.36,0.0,0.0,0.0
2024,5,28,86.5,71.8,71,1.8,13.3,0.74,0.0,0.0,0.0
2024,5,29,85.7,72.6,74.4,2.4,12.2,0.74,0.0,0.0,0.0
2024,5,30,87.8,65,60.2,4.8,15.3,0.13,0.0,0.0,0.0
2024,5,31,91.3,79,67.8,7.3,9.8,0.11,0.0,0.0,0.0
2024,6,1,88,62.3,56.3,3,15.9,0.15,12.5,0.0,6.25
2024,6,2,84.3,49.3,50.6,1.5,20.8,0.18,2.5,0.0,1.25
2024,6,3,84,58.5,59.6,2.5,17.1,0.28,0.0,0.0,0.0
2024,6,4,87.3,77.3,72.4,6.6,9.8,0.16,0.0,0.0,0.0
2024,6,5,86.9,74.1,69.9,5.6,11,0.04,3.5,0.0,1.75
2024,6,6,84.2,65.1,67.3,1.9,14.7,0.13,0.0,0.0,0.0
2024,6,7,85.1,61.8,61.3,3,15.9,0.11,0.0,0.0,0.0
2024,6,8,86.1,61.1,57.5,5.3,15.8,0.11,0.0,0.0,0.0
2024,6,9,88.6,77.6,70.3,5.2,9.7,0.11,0.0,0.0,0.0
2024,6,10,86.6,68.4,66.3,2.4,13.4,0.06,2.5,0.0,1.25
2024,6,11,83.5,45.8,49.1,1.5,21.9,0.65,13.0,1.0,7.0
2024,6,12,86.1,70.8,67.7,3.1,12.2,0.6,0.0,0.0,0.0
2024,6,13,85.8,76.5,73.5,4.6,9.8,0.02,0.0,0.0,0.0
2024,6,14,85.8,74.6,73.8,4.3,11,0.03,3.5,0.0,1.75
2024,6,15,85.5,78.1,78.4,2.6,9.8,0.1,0.0,0.0,0.0
2024,6,16,88.1,77.3,70.8,5.7,9.8,0.1,0.0,0.0,0.0
2024,6,17,88.5,76.5,67.8,6.2,9.8,0.01,0.0,0.0,0.0
2024,6,18,87.1,76,69.8,7.1,9.8,0.01,0.0,0.0,0.0
2024,6,19,88.2,76.5,68.9,5.3,9.8,0,0.0,0.0,0.0
2024,6,20,88,76.8,69.8,4.6,9.8,0,0.0,0.0,0.0
2024,6,21,90.6,77.2,66,4.7,9.7,0,0.0,0.0,0.0
2024,6,22,91.8,77.4,63.8,5.5,9.7,0,0.0,0.0,0.0
2024,6,23,89.2,73.7,64.3,6.8,11,0.02,1.5,1.5,1.5
2024,6,24,86.2,71.3,69.5,2.9,12.7,0.09,8.5,0.0,4.25
2024,6,25,84.6,61.7,61.6,2.3,15.8,2.5,38.0,0.5,19.25
2024,6,26,81,35.5,41.5,0.9,26.6,2.58,26.5,0.0,13.25
2024,6,27,86.3,62.1,59.1,2.8,15.9,0.27,0.0,0.0,0.0
2024,6,28,89.7,77.3,67.3,5.9,9.8,0.01,0.0,0.0,0.0
2024,6,29,89.5,77.7,68.4,5.5,9.8,0,0.0,0.0,0.0
2024,6,30,88.2,77.1,69.7,6.2,9.8,0,0.0,0.0,0.0
2024,7,1,85.8,72.8,69.8,5.8,11,0.06,0.0,0.0,0.0
2024,7,2,86.8,74.8,68.1,5.5,10.7,0.01,0.0,0.0,0.0
2024,7,3,88.4,76.5,68.6,4.1,9.8,0.01,0.0,0.0,0.0
2024,7,4,86.7,77.7,74.5,3,10.2,0,4.5,0.0,2.25
2024,7,5,88.1,77.8,72.1,3.5,9.8,0,0.0,0.0,0.0
2024,7,6,88.9,77.5,69.5,3.5,9.8,0,0.0,0.0,0.0
2024,7,7,88.8,77.6,69.8,2,9.8,0,2.5,0.0,1.25
2024,7,8,85.5,57.1,56.9,1.7,18.6,0.02,0.0,0.0,0.0
2024,7,9,88.7,60.3,51.6,4.7,16.6,0.02,0.0,0.0,0.0
2024,7,10,89.8,76.5,64.8,7.1,9.8,0,0.0,0.0,0.0
2024,7,11,88.3,75.8,66.6,8.6,9.8,0,0.0,0.0,0.0
2024,7,12,87.6,75.4,67.5,6.3,10.2,0,0.0,0.0,0.0
2024,7,13,88,75.8,67.3,7.8,9.7,0,0.0,0.0,0.0
2024,7,14,88.5,76,67.5,6.2,10.2,0.02,0.0,0.0,0.0
2024,7,15,88.5,74.9,64,7.1,9.8,0.02,0.0,0.0,0.0
2024,7,16,83.8,60.6,60.7,4.7,15.8,1.02,0.0,0.0,0.0
2024,7,17,83.7,51.6,51.8,3.2,20.9,1.02,0.0,0.0,0.0
2024,7,18,85.9,67.2,63.6,4.5,13.4,0.02,0.0,0.0,0.0
2024,7,19,86.2,76.6,73.3,6,9.8,0.01,0.0,0.0,0.0
2024,7,20,86.7,74.2,70.3,4.5,11,0,0.0,0.0,0.0
2024,7,21,85.2,64.8,64.1,3.5,14.6,0.13,2.0,0.0,1.0
2024,7,22,86.1,76.8,73.8,5.9,9.8,0.13,0.0,0.0,0.0
2024,7,23,85.8,75.7,71.9,7.2,10.2,0,0.0,0.0,0.0
2024,7,24,84.8,76.6,76.6,4.9,9.7,0.04,0.5,0.0,0.25
2024,7,25,83.3,57.9,60.4,4.4,17,0.5,0.0,0.0,0.0
2024,7,26,82.9,51.7,54.3,2.5,19.4,0.8,0.0,0.0,0.0
2024,7,27,84.5,55.5,56,2.8,18.3,0.43,0.0,0.0,0.0
2024,7,28,84.7,68,68.6,2.9,13.4,0.12,0.0,0.0,0.0
2024,7,29,85.1,67.3,66.3,4.7,13.4,0,0.0,0.0,0.0
2024,7,30,81.8,42.5,47.8,0.9,23.2,0.44,4.5,0.0,2.25
2024,7,31,81.8,39.2,43.8,1.1,24.4,0.72,0.0,0.0,0.0
2024,8,1,81.3,32.8,38.3,0.9,26.9,0.83,0.0,0.0,0.0
2024,8,2,80.8,36,42,0.7,25.7,0.92,0.0,0.0,0.0
2024,8,3,84.1,55.5,56.5,1.9,18.3,0.5,0.0,0.0,0.0
2024,8,4,84.8,57.5,54.5,4.6,17.1,0.06,0.0,0.0,0.0
2024,8,5,85.7,57.9,53.3,4.9,18.1,0.02,0.0,0.0,0.0
2024,8,6,86.3,76.5,72,4,9.8,0,0.0,0.0,0.0
2024,8,7,87.2,76.5,71,4.3,9.8,0,0.0,0.0,0.0
2024,8,8,88.3,75.5,66.1,7.1,9.8,0,0.0,0.0,0.0
2024,8,9,88.8,77,68.3,7.4,9.8,0,0.0,0.0,0.0
2024,8,10,89.8,77,65.7,8.9,9.8,0,0.0,0.0,0.0
2024,8,11,89.9,77.1,66.8,8.6,9.8,0,0.0,0.0,0.0
2024,8,12,87.4,76.3,69.3,7.9,9.8,0,0.0,0.0,0.0
2024,8,13,85.6,75.9,73.3,5.5,9.8,0.01,0.0,0.0,0.0
2024,8,14,86.8,77,73.3,3.6,9.8,0.18,0.0,0.0,0.0
2024,8,15,88.7,77.2,69.4,5.2,9.8,0.17,0.0,0.0,0.0
2024,8,16,87.5,76.2,69.5,7,10.7,0.02,0.0,0.0,0.0
2024,8,17,88.7,76.2,67,7.4,9.8,0.02,0.0,0.0,0.0
2024,8,18,87.9,77.6,71.6,3.7,9.8,0.02,0.0,0.0,0.0
2024,8,19,88.4,76.9,68.6,7.8,9.8,0.02,0.0,0.0,0.0
2024,8,20,86.8,77.3,73.4,5,11.7,0.01,0.0,0.0,0.0
2024,8,21,84.5,63.6,62.5,5.5,14.7,0.09,0.0,0.0,0.0
2024,8,22,87.3,75.5,68.6,6.7,9.8,0.03,0.0,0.0,0.0
2024,8,23,86.9,76.3,71.3,4.7,9.8,0.03,0.0,0.0,0.0
2024,8,24,87.4,70.4,64.3,5,12.2,0.03,0.0,0.0,0.0
2024,8,25,86.2,69.5,65,4.9,12.2,0.02,0.0,0.0,0.0
2024,8,26,85.3,73.2,71.5,4,11,0.05,10.5,1.5,6.0
2024,8,27,86.6,77.3,74.2,4.3,9.8,0.11,0.0,0.0,0.0
2024,8,28,84.3,50.4,50.4,2.2,20.4,0.34,12.0,34.5,23.25
2024,8,29,81.5,42.7,47.4,1.5,23.2,1.36,10.5,24.5,17.5
2024,8,30,83.2,57.3,57.4,3.3,17.1,1.18,0.0,0.0,0.0
2024,8,31,87.2,75.9,69.4,6.1,9.8,0.01,0.0,0.0,0.0
2024,9,2,84.9,55.9,56.3,2.2,18.3,0.31,0.0,0.0,0.0
2024,9,3,84.9,49.8,50.5,1,20.8,0.31,0.0,0.0,0.0
2024,9,4,86.8,58.3,53.6,4,19,0,0.0,0.0,0.0
2024,9,5,88,75.6,66.7,7.1,9.8,0,0.0,0.0,0.0
2024,9,6,87.5,75.4,67.5,7,9.8,0,0.0,0.0,0.0
2024,9,7,87.6,75.5,67.3,8,9.8,0,0.0,0.0,0.0
2024,9,8,86.1,76.6,73.3,5.9,9.8,0,0.0,0.5,0.25
2024,9,9,82.8,64.7,70.1,3.1,14.6,0.33,2.0,2.5,2.25
2024,9,10,81.6,49.5,56,1.3,21.3,0.57,14.0,12.5,13.25
2024,9,11,81.4,39,43,1.4,24.4,0.59,14.5,7.5,11.0
2024,9,12,82.1,52,56,1.7,19.6,0.71,0.0,10.0,5.0
2024,9,13,85.2,58.2,56,3.5,17.1,0.5,0.0,0.0,0.0
2024,9,14,88,76.3,68.7,6.9,9.8,0,0.0,0.0,0.0
2024,9,15,87.8,75.8,67.9,8.6,9.8,0,0.0,0.0,0.0
2024,9,16,88.2,77,70,5.1,9.8,0.02,0.0,0.0,0.0
2024,9,17,85.8,77.6,76.6,4.1,9.7,0.02,0.0,0.0,0.0
2024,9,18,84.8,62.4,63.8,2.4,15.8,0.01,0.0,0.0,0.0
2024,9,19,84.3,49.3,50.1,1.6,20.7,0.15,0.0,3.0,1.5
2024,9,20,83.6,57.9,59.5,3.1,17,0.16,6.5,14.5,10.5
2024,9,21,79.8,29,35,1.1,28,1.98,22.0,32.5,27.25
2024,9,22,81.5,39.3,44.5,1.3,24.4,1.91,24.0,6.0,15.0
2024,9,23,79.8,35.3,41.1,1.2,25.7,1.06,6.5,14.0,10.25
2024,9,24,79.9,35.4,41.6,0.9,25.7,0.76,0.0,0.0,0.0
2024,9,25,81.3,45,48.5,1.3,22.1,0.42,0.0,0.0,0.0
2024,9,26,81.8,45.5,49.1,0.9,22.1,0.28,0.0,0.0,0.0
2024,9,27,85.6,52.9,51.2,1.1,19.6,0.17,0.0,0.0,0.0
2024,9,28,87.6,56.6,52.4,1.5,18.4,0,0.0,0.0,0.0
2024,9,29,90,68.9,60.1,4.8,13.4,0,0.0,0.0,0.0
2024,9,30,88.8,76.5,66.8,8.6,9.8,0,0.0,0.0,0.0
2024,10,2,80,32.4,38.2,2.3,26.9,2.16,0.0,0.0,0.0
2024,10,3,79.4,25.6,31.8,1.4,29.4,1.19,0.0,38.0,19.0
2024,10,4,82.2,52.1,57.3,1.1,22.9,1.17,0.0,0.0,0.0
2024,10,5,84.3,52.3,52.9,1.4,19.6,0.98,0.0,0.0,0.0
2024,10,6,85.1,52.4,51.1,1.4,19.6,0,0.0,0.0,0.0
2024,10,7,84.4,54.4,53.6,1.2,18.4,0,0.0,0.0,0.0
2024,10,8,84,55,54.9,0.9,18.4,0,0.0,0.0,0.0
2024,10,9,83,48.6,50.2,1.5,20.8,0.01,0.0,0.0,0.0
2024,10,10,84.1,52.1,52.5,1.4,19.6,0.02,0.0,0.0,0.0
2024,10,11,82.5,42,44,1.1,23.3,0.41,0.0,0.0,0.0
2024,10,12,83,45.5,46.7,1.3,22.1,0.41,0.0,0.0,0.0
2024,10,13,83.2,49.1,51.3,1.4,20.9,0.09,0.0,0.0,0.0
2024,10,14,85.4,53.3,52.3,1.1,19.6,0.09,0.0,0.0,0.0
2024,10,15,86.5,56.7,53.4,1.7,19.6,0.01,0.0,0.0,0.0
2024,10,16,86.5,63,60.8,1.5,15.9,0,0.0,0.0,0.0
2024,10,17,82.9,45,47.5,1.3,22.1,0,0.0,0.0,0.0
2024,10,18,85.5,52.6,50.3,1.1,19.6,0,0.0,0.0,0.0
2024,10,19,82.7,39.3,42,2.3,24.5,0.46,0.0,0.0,0.0
2024,10,20,79.8,29,35,1.8,28.2,1.35,0.0,0.0,0.0
2024,10,21,81.4,52.9,58.4,1.5,21.7,1.21,0.0,0.0,0.0
2024,10,22,83.7,49.3,50.9,2,20.9,0.18,0.0,0.0,0.0
2024,10,23,83.3,48.2,48.1,1.3,20.9,0.1,0.0,0.0,0.0
2024,10,24,83.7,48.1,47.8,1,20.9,0.01,0.0,0.0,0.0
2024,10,25,85.8,57.5,52.7,2,17.1,0.01,0.0,0.0,0.0
2024,10,26,88.3,74.6,68,5.4,11,0,0.0,0.0,0.0
2024,10,27,89.8,78.9,71.4,3.2,10.6,0,0.0,0.0,0.0
2024,10,28,86.4,60.8,56.8,1.8,15.8,0,0.0,0.0,0.0
2024,10,29,85.1,57.4,54.3,2,17.1,0,0.0,0.0,0.0
2024,10,30,84.9,51.7,49.3,1.3,19.6,0,0.0,0.0,0.0
2024,10,31,85.8,57.8,53.6,1.5,17.1,0,0.0,0.0,0.0
2024,11,1,86,60.8,57.2,1.4,15.9,0,0.0,0.0,0.0
2024,11,2,83.6,52.7,52,2.1,19.2,0.01,0.0,0.0,0.0
2024,11,3,82.2,52.2,51.5,1.8,18.4,0.01,0.0,0.0,0.0
2024,11,4,81.8,54.4,52.4,1.3,17.2,0,0.0,0.0,0.0
2024,11,5,80.2,57.8,64.5,1.8,16.1,0.01,0.0,0.0,0.0
2024,11,6,78.7,39.8,44.5,1.7,23.4,0.03,0.0,0.0,0.0
2024,11,7,77.9,48.3,56.6,1.4,20.5,0.03,0.0,0.0,0.0
2024,11,8,77.8,51.4,58.8,2.9,18.4,0,0.0,0.0,0.0
2024,11,9,80.7,65.8,68,2.4,12.3,0,0.0,0.0,0.0
2024,11,10,81,51.5,51.3,1.8,18.4,0,0.0,0.0,0.0
2024,11,11,80.3,51.2,51.6,1.3,18.4,0,0.0,0.0,0.0
2024,11,12,80.8,51.8,51,1.2,18.4,0,0.0,0.0,0.0
2024,11,13,81.9,52.3,50.8,0.9,18.4,0,0.0,0.0,0.0
2024,11,14,83.1,52.7,49.9,1.4,18.4,0,0.0,0.0,0.0
2024,11,15,84,56.8,53.9,2.7,17.1,0,0.0,0.0,0.0
2024,11,16,84.7,57.6,55.3,1.5,17.1,0,0.0,0.0,0.0
2024,11,17,83.3,54,54.2,1.8,18.4,0,0.0,0.0,0.0
2024,11,18,81.5,43.6,45.3,1.3,22.1,0.12,0.0,0.5,0.25
2024,11,19,80.5,51.5,51.7,1.6,18.4,0.12,0.0,0.0,0.0
2024,11,20,81.3,53.3,51.9,1.4,17.9,0,0.0,0.0,0.0
2024,11,21,79.2,48,49.6,1,19.6,0,0.0,0.0,0.0
2024,11,22,79.5,50.7,51.4,1.1,18.4,0,0.0,0.0,0.0
2024,11,23,80.6,51.1,50.8,1.3,18.4,0,0.0,0.0,0.0
2024,11,24,80.7,48.5,48.5,1.1,19.6,0,0.0,0.0,0.0
2024,11,25,81.3,51.1,50.5,1,20.6,0,0.0,0.0,0.0
2024,11,26,81.8,52.4,52.2,1.2,18.4,0,0.0,0.0,0.0
2024,11,27,81,52.3,54.1,2.1,18.4,0,0.0,0.0,0.0
2024,11,28,79.4,52.6,54.7,2,18,0,0.0,0.0,0.0
2024,11,29,78.1,61.6,64.2,1.6,12.8,0,0.0,0.0,0.0
2024,11,30,76,52.3,55,1.3,16,0,0.0,0.0,0.0
2024,12,1,76.5,48.2,49.5,1,18.4,0,0.0,0.0,0.0
2024,12,2,78.9,49.9,49.5,1,18.4,0,0.0,0.0,0.0
2024,12,3,80.7,52.8,50.6,1,17.9,0,0.0,0.0,0.0
2024,12,4,84.4,62.1,57,1,13.9,0,0.0,0.0,0.0
2024,12,5,82.3,54.6,52.7,1.1,17.1,0,0.0,0.0,0.0
2024,12,6,82.3,56.2,52.9,1.5,15.9,0,0.0,0.0,0.0
2024,12,7,81.8,57,55.9,0.8,15.9,0,0.0,0.0,0.0
2024,12,8,81.1,51.4,50.2,0.8,18.4,0,0.0,0.0,0.0
2024,12,9,81,56,55.2,1.1,16,0,0.0,0.0,0.0
2024,12,10,80.5,50.7,48.7,1.1,18.4,0,0.0,0.0,0.0
2024,12,11,81.8,51.5,48.2,1.6,18.2,0,0.0,0.0,0.0
2024,12,12,80.4,59.5,59.6,1.5,14.7,0,0.0,0.0,0.0
2024,12,13,79.6,64,70,1,13.5,0,0.0,0.0,0.0
2024,12,14,79.4,54.2,57.5,1.7,17.2,0,0.0,0.0,0.0
2024,12,15,77.8,54.7,58.4,1.9,16,0,0.0,0.0,0.0
2024,12,16,77.6,68.2,73.9,2.3,9.9,0,0.0,0.0,0.0
2024,12,17,76.8,50.4,51.5,1.1,17.2,0,0.0,0.0,0.0
2024,12,18,75.5,53.1,58.2,0.9,16.4,0,0.0,0.0,0.0
2024,12,19,75.5,46.3,48.5,1.1,20.7,0,0.0,0.0,0.0
2024,12,20,74.2,44.3,44.9,1.1,18.4,0,0.0,0.0,0.0
2024,12,21,72.5,47,50.6,1,17.2,0,0.0,0.0,0.0
2024,12,22,72.5,49.3,53.6,1.1,16,0,0.0,0.0,0.0
2024,12,23,72.9,48.1,51.2,1.6,16,0,0.0,0.0,0.0
2024,12,24,73.6,46.5,48,1.7,17.2,0,0.0,0.0,0.0
2024,12,25,74.7,45.3,45.9,1.6,19.7,0,0.0,0.0,0.0
2024,12,26,76.5,48.1,46.1,2,17.3,0,0.0,0.0,0.0
2024,12,27,79.7,67.1,67.5,1.9,9.9,0,0.0,0.0,0.0
2024,12,28,79.5,67.1,70.5,1.5,11.1,0,0.0,0.0,0.0
2024,12,29,79.5,68.6,70.9,1.6,9.9,0,0.0,0.0,0.0
2024,12,30,77.4,50.1,49.6,1.4,17.2,0,0.0,0.0,0.0
2024,12,31,77.1,50.9,50.9,1.4,17.4,0,0.0,0.0,0.0
2025,1,1,75.3,48.6,49.8,1,17.2,0,0.0,0.0,0.0
2025,1,2,75.3,47.2,46.3,1.2,17.2,0,0.0,0.0,0.0
2025,1,3,74.4,48.8,49.1,1.5,16,0,0.0,0.0,0.0
2025,1,4,73.5,45.6,45.4,1.3,17.2,0,0.0,0.0,0.0
2025,1,5,72.6,46.9,48.3,1.4,16,0,0.0,0.0,0.0
2025,1,6,72.1,46.3,48,1.4,16,0,0.0,0.0,0.0
2025,1,7,72.7,48,49.7,1.2,16,0,0.0,0.0,0.0
2025,1,8,75,52.7,54.2,1,14.7,0,0.0,0.0,0.0
2025,1,9,77,53.7,53.4,1.3,14.8,0,0.0,0.0,0.0
2025,1,10,76.4,58.9,61.2,1.6,12.3,0,0.0,0.0,0.0
2025,1,11,75.2,61.1,63.5,3.4,9.9,0,0.0,0.0,0.0
2025,1,12,69.8,55,61.4,2.9,10.8,0,0.0,0.0,0.0
2025,1,13,67.6,42.4,46.8,1.6,16,0,0.0,0.0,0.0
2025,1,14,69.1,45.9,50.3,1.4,14.8,0,0.0,0.0,0.0
2025,1,15,72,44.8,44.6,1.5,16,0,0.0,0.0,0.0
2025,1,16,74.6,60.9,64.8,1.8,9.9,0,0.0,0.0,0.0
2025,1,17,75.2,55.3,57.3,1.4,13.5,0,0.0,0.0,0.0
2025,1,18,75,48.2,47.2,1.3,16.7,0,0.0,0.0,0.0
2025,1,19,74.4,48.5,48.2,1.3,16,0,0.0,0.0,0.0
2025,1,20,72.8,48.8,51.8,0.9,15.9,0,0.0,0.0,0.0
2025,1,21,74.5,49,49.2,1.2,15.9,0,0.0,0.0,0.0
2025,1,22,75.6,50,49,1,15.9,0,0.0,0.0,0.0
2025,1,23,75.1,47.8,48.6,0.9,14.7,0,0.0,0.0,0.0
2025,1,24,80.5,58.3,53.5,2.6,12.3,0,0.0,0.0,0.0
2025,1,25,80.3,59.4,51.8,2.7,10.2,0,0.0,0.0,0.0
2025,1,26,78,61.4,60.8,1,10.2,0,0.0,0.0,0.0
2025,1,27,76.1,61,61.4,2.1,10.3,0,0.0,0.0,0.0
2025,1,28,74.2,54.8,56.6,1.5,12.3,0,0.0,0.0,0.0
2025,1,29,73.9,59.4,63.5,1.5,10.3,0,0.0,0.0,0.0
2025,1,30,74.4,58.4,62.3,0.9,11.5,0,0.0,0.0,0.0
2025,1,31,78.8,59.8,57.7,3.2,12.8,0,0.0,0.0,0.0
2025,2,1,81.8,59.6,53.1,2.1,11.5,0,0.0,0.0,0.0
2025,2,2,81.3,53.9,45.8,2.3,11,0,0.0,0.0,0.0
2025,2,3,80.8,61.3,55.2,1.3,9.8,0,0.0,0.0,0.0
2025,2,4,79,65.8,65.9,1.6,9.8,0,0.0,0.0,0.0
2025,2,5,80.1,61.9,60.6,1.5,12.8,0,0.0,0.0,0.0
2025,2,6,83.1,65,59.7,1.1,11,0,0.0,0.0,0.0
2025,2,7,83,68,63.7,1.4,9.8,0,0.0,0.0,0.0
2025,2,8,82.1,67.4,63.7,1.6,9.8,0,0.0,0.0,0.0
2025,2,9,80.5,62.7,55.8,2.6,9.8,0,0.0,0.0,0.0
2025,2,10,79,62.8,60.8,1.5,9.8,0,0.0,0.0,0.0
2025,2,11,80.4,63.7,60.1,1.4,9.8,0,0.0,0.0,0.0
2025,2,12,84,65,56.2,1.3,9.4,0,0.0,0.0,0.0
2025,2,13,84.4,65,55.3,1.6,9.8,0,0.0,0.0,0.0
2025,2,14,86.7,61.4,45.4,3.8,10.2,0,0.0,0.0,0.0
2025,2,15,87,57.3,37.7,4.1,9.8,0,0.0,0.0,0.0
2025,2,16,85.8,60.6,45.1,1.8,10.3,0,0.0,0.0,0.0
2025,2,17,86.3,62.4,46.9,1.3,9.8,0,0.0,0.0,0.0
2025,2,18,82.8,66.6,59,1.6,12.4,0,0.0,9.0,4.5
2025,2,19,82.7,66.1,64.6,2.3,12.8,0,0.0,0.0,0.0
2025,2,20,83.8,65.6,62.7,2.6,14,0,0.0,0.5,0.25
2025,2,21,80.5,70.3,72.1,1.4,29.5,0,0.0,0.0,0.0
2025,2,22,83.1,70.5,67.3,0,29.5,0.01,0.0,0.0,0.0
2025,2,23,86.1,71.2,62.2,0.5,21.5,0,0.0,13.5,6.75
2025,2,24,80.6,65.2,66.5,1.6,12.9,0.74,0.0,0.0,0.0
2025,2,25,75,58.1,70,2,15.5,0.74,0.0,0.0,0.0
2025,2,26,78.7,54.5,56.1,1.3,17.5,0.03,0.0,0.0,0.0
2025,2,27,84,59.9,54.3,1.2,14.7,0,0.0,0.0,0.0
2025,2,28,87.6,73.1,64.8,1.5,9.8,0,0.0,0.0,0.0
2025,3,1,91.8,71.2,52.5,3,9.8,0,0.0,0.0,0.0
2025,3,2,92.2,65.2,44.4,3.2,13,0,0.0,0.0,0.0
2025,3,3,90.7,65.5,45.6,2.7,10.2,0,0.0,0.0,0.0
2025,3,4,88.8,67,51.8,2.1,12.3,0,0.0,0.0,0.0
2025,3,5,90.5,67.1,49.3,4.9,11.2,0,0.0,0.0,0.0
2025,3,6,89,66,49.6,1.7,9.8,0,0.0,0.0,0.0
2025,3,7,87.8,68.1,55.4,2.4,11,0.39,0.0,0.0,0.0
2025,3,8,78.9,70.5,75.7,2.4,9.8,0.39,0.0,0.0,0.0
2025,3,9,80.3,59.5,60.3,1.3,14.8,0,0.0,0.0,0.0
2025,3,10,86.3,60.2,50.9,1.1,14.7,0,0.0,0.0,0.0
2025,3,11,88,71.8,61.8,1.7,10.7,0,0.0,0.0,0.0
2025,3,12,89.9,71.7,57,2.7,9.8,0,0.0,0.0,0.0
2025,3,13,89.6,73.1,59.9,2.4,9.8,0,0.0,0.0,0.0
2025,3,14,88.8,73.5,62.7,2,9.8,0,0.0,0.0,0.0
2025,3,15,91.2,69.3,52.7,1.9,9.8,0,0.0,0.0,0.0
2025,3,16,94,67.2,42.3,3.8,9.8,0,0.0,0.0,0.0
2025,3,17,91,73.9,57.7,2.3,9.8,0,0.0,0.0,0.0
2025,3,18,89.9,74.2,60.8,1.7,13.1,0,0.0,0.0,0.0
2025,3,19,86,68.5,56.3,3.5,9.8,0,0.0,0.0,0.0
2025,3,20,83.1,65.5,56,3.3,9.9,0,0.0,0.0,0.0
2025,3,21,83,65.6,58.3,1.3,9.9,0,0.0,0.0,0.0
2025,3,22,83.8,64.6,55.5,1.3,9.8,0,0.0,0.0,0.0
2025,3,23,85.3,67,56.6,0.9,9.8,0,0.0,0.0,0.0
2025,3,24,89.3,69.5,53.7,1.4,14.7,0,0.0,0.0,0.0
2025,3,25,95.5,67.5,40.5,4.5,9.8,0,0.0,0.0,0.0
2025,3,26,94.6,64.8,38.6,5.1,10.2,0,0.0,0.0,0.0
2025,3,27,93.5,63.8,38.3,5.6,9.7,0,0.0,0.0,0.0
2025,3,28,96.1,68.7,41.3,4.8,9.8,0,0.0,0.0,0.0
2025,3,29,94.3,69.8,46.3,3.7,9.8,0,0.0,0.0,0.0
2025,3,30,94.5,74.8,53.7,2.7,11.2,0,0.0,0.0,0.0
2025,3,31,89.7,78,68.8,1.9,9.8,0,0.0,0.0,0.0
2025,4,1,90.5,75.9,62.6,2,12.6,0,0.0,0.0,0.0
2025,4,2,90.2,76.1,64.4,1.2,10.2,0,0.0,0.0,0.0
2025,4,3,91.9,75.1,59.5,1.8,9.8,0,0.0,0.0,0.0
2025,4,4,92.5,75.2,57.2,3.7,9.8,0,0.0,2.0,1.0
2025,4,5,91.2,75.8,61,4.8,9.8,0.35,0.0,0.0,0.0
2025,4,6,90.3,76,64,3.4,10.2,0.35,0.0,0.0,0.0
2025,4,7,88.7,65.7,56.4,2.4,14.1,0,0.0,0.0,0.0
2025,4,8,91.7,74.7,59.7,1.8,10.7,0,0.0,0.0,0.0
2025,4,9,90.6,73.8,59.8,2.3,9.8,0.01,0.0,0.0,0.0
2025,4,10,89.2,75.6,65.4,2.2,10.7,0.02,9.0,0.0,4.5
2025,4,11,89,76.3,68.6,3.8,9.8,0.03,0.5,1.5,1.0
2025,4,12,86.9,67.5,63.1,3,13.4,0.03,0.0,0.0,0.0
2025,4,13,86.5,68,65.1,1.5,13.4,0.05,8.5,24.0,16.25
2025,4,14,83.3,48.7,51.8,1.5,20.8,0.74,56.0,23.5,39.75
2025,4,15,87.9,62,56.3,2,15.9,0.69,0.0,1.5,0.75
2025,4,16,85.5,58.2,56.5,3.3,17.1,2.02,4.0,0.5,2.25
2025,4,17,90,77.5,67.9,4.4,9.8,1.92,0.0,0.0,0.0
2025,4,18,91.8,76.7,62,6.3,9.8,0,0.0,0.0,0.0
2025,4,19,91.7,76.9,62.6,4.7,10.7,0,0.0,0.0,0.0
2025,4,20,90.5,77.4,66.3,2.8,9.8,0.03,0.5,0.0,0.25
2025,4,21,93.6,78.1,61.4,3.2,9.8,0.03,0.0,0.0,0.0
2025,4,22,95.6,75.6,53.6,5.9,9.8,0,0.0,0.0,0.0
2025,4,23,94.8,75.8,54.9,6.8,9.8,0,0.0,0.0,0.0
2025,4,24,94.8,75,53.1,6.9,9.8,0,0.0,0.0,0.0
2025,4,25,93.9,74.4,54.5,6.4,13,0,0.0,0.0,0.0
2025,4,26,95,77.4,56.9,5.2,9.8,0,0.0,0.0,0.0
2025,4,27,93,77.2,60.7,1.9,9.8,0,0.0,0.0,0.0
2025,4,28,89.5,66.6,55.8,2.9,13.5,0.35,0.0,0.0,0.0
2025,4,29,84.7,54,53.5,1.6,19.2,0.4,0.0,0.0,0.0
2025,4,30,87.1,55.5,51.1,1.9,18.4,0.13,0.0,0.0,0.0
2025,5,1,87.2,58.8,53.8,2.3,17.1,0.17,0.0,0.0,0.0
2025,5,2,89.9,65.5,56.5,2.4,14.7,0.05,0.0,0.0,0.0
2025,5,3,87.2,68.1,64.9,2.8,13.4,0.59,0.0,0.0,0.0
2025,5,4,89.4,60,51,2.2,17.3,0.6,0.0,0.0,0.0
2025,5,5,94,76.9,58.4,3.6,9.8,0.01,0.0,0.0,0.0
2025,5,6,97.4,78.4,54.9,3.4,9.8,0,0.0,0.0,0.0
2025,5,7,93.3,77.8,61.3,4,10.2,0,0.0,0.0,0.0
2025,5,8,92.7,78,63.2,4.5,9.8,0,0.0,0.0,0.0
2025,5,9,91,65.1,54.1,4.6,14.6,0.07,0.0,0.0,0.0
2025,5,10,88.5,61,55.5,1.9,17.3,0.07,0.0,0.0,0.0
2025,5,11,87.5,62.9,59,2.7,15.9,0.25,0.0,0.0,0.0
2025,5,12,85.1,59,58.9,1.6,17.1,0.38,0.0,0.0,0.0
2025,5,13,84.8,46.6,49.3,1.8,22,0.79,0.0,0.0,0.0
2025,5,14,83.6,42.6,45,1,23.2,0.89,0.0,0.0,0.0
2025,5,15,83.8,36.4,40.8,1.5,25.7,0.41,0.0,0.0,0.0
2025,5,16,84.3,43.2,46,1.2,23.2,0.32,0.0,0.0,0.0
2025,5,17,86.3,50.9,49.3,1.3,20,0.39,0.0,0.0,0.0
2025,5,18,86.2,59.7,57.8,1.5,17.1,0.53,0.0,0.0,0.0
2025,5,19,89,70.8,66.6,2.1,13.4,0.09,0.0,0.0,0.0
2025,5,20,90.6,76.9,69.5,2.1,12,0.09,0.0,0.0,0.0
2025,5,21,88.6,73.5,69.6,2.8,12.2,0.04,0.0,0.0,0.0
2025,5,22,90.5,76.4,67.8,3.4,11,0.04,0.0,0.0,0.0
2025,5,23,92.4,78.7,64.8,5.3,9.7,0,0.0,0.0,0.0
2025,5,24,86.5,56.8,56.8,2.3,18.3,1.14,0.0,0.0,0.0
2025,5,25,83.1,43.3,47.2,1.6,23.2,2.47,0.0,0.0,0.0
2025,5,26,82.8,39.6,44.6,1.7,25.3,2.02,42.0,27.5,34.75
2025,5,27,83.3,36.2,39.9,1.3,25.6,1.27,0.0,0.0,0.0
2025,5,28,87.7,54.3,54.3,1.3,19.5,0.6,0.0,0.0,0.0
2025,5,29,86.8,59.3,57.2,2.1,17.8,0.31,0.0,0.0,0.0
2025,5,30,84.4,50.3,53.6,1.1,20.7,0.62,0.0,0.0,0.0
2025,5,31,84.5,43.5,46.2,1.9,22.6,1.24,0.0,0.0,0.0
2025,6,1,85.2,55.5,55.5,2.4,18.3,0.68,0.5,0.5,0.5
2025,6,2,86.1,68.3,66.3,4,13.4,0.07,1.5,1.5,1.5
2025,6,3,87,72.5,70.1,3.4,12.2,0.07,0.0,0.0,0.0
2025,6,4,89,77.7,69.4,7.4,9.8,0.01,0.0,0.0,0.0
2025,6,5,90.5,77.4,65.7,7.1,9.8,0,0.0,0.0,0.0
2025,6,6,91.8,78.2,65.2,8.5,9.8,0,0.0,0.0,0.0
2025,6,7,91.5,78.6,66.2,6.6,9.8,0,0.0,0.0,0.0
2025,6,8,90.8,74.8,64.1,4.5,11.7,0.31,39.5,26.5,33.0
2025,6,9,86.8,58,55.9,2.5,17.3,0.54,0.0,0.0,0.0
2025,6,10,87.7,75.3,71.9,2.8,11.9,0.19,0.0,5.0,2.5
2025,6,11,88.8,77.3,68.4,6.5,9.8,0.11,0.0,0.0,0.0
2025,6,12,89.1,77.8,69.6,4.7,9.8,0,0.0,0.0,0.0
2025,6,13,89.5,78.5,69.9,5.5,9.8,0,1.5,0.0,0.75
2025,6,14,87.5,79.3,76.4,3.4,9.8,0.1,2.5,3.0,2.75
2025,6,15,87.1,75.8,73.9,3.2,11,0.1,2.5,1.0,1.75
2025,6,16,87.3,78.1,74.5,3.6,9.8,0.04,0.5,0.0,0.25
2025,6,17,88,78.3,73.2,4.1,9.8,0.01,25.5,0.5,13.0
2025,6,18,88.5,74.3,67.3,4.5,11,0.06,0.0,0.5,0.25
2025,6,19,89,77.5,69.3,5.6,9.8,0.06,0.0,0.0,0.0
2025,6,20,88.1,77.5,71,7.7,9.8,0.02,0.0,0.0,0.0
2025,6,21,89,76.6,67,7.6,9.8,0.02,0.0,0.0,0.0
2025,6,22,86.7,72.3,71,3.5,12.2,0.15,0.0,0.0,0.0
2025,6,23,85.4,55.8,55,1.9,18.3,2.8,0.5,31.5,16.0
2025,6,24,85.6,57.1,56.7,2.1,18.6,2.8,10.0,1.5,5.75
2025,6,25,87.8,67.8,62.1,4,14,0.02,0.0,0.0,0.0
2025,6,26,88,77.5,71,7.2,9.8,0.01,0.0,0.0,0.0
2025,6,27,85.6,76.9,75.5,6.4,10.2,0.01,10.0,5.5,7.75
2025,6,28,83.4,57.2,59.3,3,17.8,0.56,11.5,2.5,7.0
2025,6,29,83.8,76.3,78.7,3.1,16.7,0.56,8.0,0.0,4.0
2025,6,30,84.7,67.6,69.9,2.5,14.6,0.65,0.0,0.0,0.0
2025,7,1,86.5,70.8,67.2,4.1,12.2,0.64,0.5,2.0,1.25
2025,7,2,85.5,64.3,61.5,4.1,14.7,0.17,0.0,0.0,0.0
2025,7,3,85.2,68.9,66.7,5.3,14,0.17,0.0,0.0,0.0
2025,7,4,88.7,77.5,69.9,5.6,9.8,0.02,0.0,0.0,0.0
2025,7,5,88.1,77.4,70.4,7.3,9.8,0,0.0,0.0,0.0
2025,7,6,86.7,77,72.7,4.9,9.8,0,1.0,0.5,0.75
2025,7,7,86.5,70.5,66.5,5.3,12.7,0.01,0.0,0.0,0.0
2025,7,8,85.5,63.9,64.5,2.5,16.7,0.24,2.5,0.5,1.5
2025,7,9,88,67.6,62.3,6.5,14.7,0.24,0.0,1.0,0.5
2025,7,10,87.5,77.5,72.5,7.4,9.8,0.02,0.5,0.0,0.25
2025,7,11,86.5,77.1,73.8,8.7,9.7,0.02,1.0,0.5,0.75
2025,7,12,86.5,74.3,71.2,5.8,11,0.06,0.0,0.5,0.25
2025,7,13,88.7,78.2,71.4,4.5,9.8,0.06,0.0,0.0,0.0
2025,7,14,90.6,78.3,67.5,7.3,9.8,0.01,0.0,0.0,0.0
2025,7,15,91.2,75.5,64,7.4,11,0.05,1.0,0.5,0.75
2025,7,16,87.6,73.5,71.2,2.5,12.2,0.06,3.0,3.0,3.0
2025,7,17,85.3,55.6,55.3,3.1,18.3,0.15,1.5,0.0,0.75
2025,7,18,86.8,70.9,68,3.7,12.5,0.05,0.0,0.0,0.0
2025,7,19,88.1,73.8,66.5,6,10.9,0.01,0.0,0.0,0.0
2025,7,20,88.1,76.5,68.8,6.2,9.7,0,0.0,0.0,0.0
2025,7,21,86.6,77.2,73.5,6.4,10.6,0.02,1.5,2.5,2.0
2025,7,22,84.4,70.7,72,7.4,12.2,0.19,17.5,21.0,19.25
2025,7,23,80.7,38.5,45.2,2.6,24.3,1.47,19.0,18.5,18.75
2025,7,24,81.7,39.3,46,1.9,24.3,1.42,20.5,11.5,16.0
2025,7,25,82.2,43,49.4,1.3,23.1,0.5,6.5,1.5,4.0
2025,7,26,84.2,56,58.5,3,18.3,0.25,3.0,2.5,2.75
2025,7,27,84.8,71.6,73.7,3.5,13.3,0.2,0.5,2.0,1.25
2025,7,28,84.2,66.5,72.2,2.8,14.6,0.37,0.0,3.0,1.5
2025,7,29,86.4,79.1,79.1,6.3,11.4,0.28,0.0,0.0,0.0
2025,7,30,87.3,79.1,76.6,6,9.8,0.01,0.0,0.0,0.0
2025,7,31,88.5,79.5,74.7,6.1,9.8,0,0.0,0.0,0.0
2025,8,1,89.3,79.3,73.1,5.7,9.8,0,0.0,0.0,0.0
2025,8,2,88.9,78.8,72.1,6.7,9.8,0,0.0,0.0,0.0
2025,8,3,90,78.7,69.5,7.7,9.8,0,0.0,0.0,0.0
2025,8,4,90.5,78.8,69,8,9.8,0,0.0,0.0,0.0
2025,8,5,90.3,78.6,68.6,7.3,10.2,0,0.0,0.0,0.0
2025,8,6,89.7,74.9,65.5,6.5,11,0,0.0,0.0,0.0
2025,8,7,85.5,55.9,55.1,2.5,18.3,0.54,0.0,5.5,2.75
2025,8,8,88.2,62.4,56,3.7,15.9,0.54,2.0,0.0,1.0
2025,8,9,90.5,78.2,67.6,6.8,9.8,0,0.0,0.0,0.0
2025,8,10,88.4,77.1,69.3,10,9.8,0,0.0,0.0,0.0
2025,8,11,88.8,77.7,70.3,8,9.8,0,0.0,0.0,0.0
2025,8,12,87.8,75.4,70.4,3.7,11,0.35,0.0,0.0,0.0
2025,8,13,89.5,77.8,68.5,6.4,9.8,0.35,0.0,0.0,0.0
2025,8,14,89.2,77.3,68.2,7.9,9.8,0.01,0.0,0.0,0.0
2025,8,15,87.7,71.3,65.8,6.6,12.2,0.02,19.0,0.5,9.75
2025,8,16,83.3,49.5,53.5,1.6,20.7,0.04,3.5,2.0,2.75
2025,8,17,82,39,43.8,0.9,25.3,0.2,8.0,3.0,5.5
2025,8,18,85.4,61.3,59.2,4.4,15.9,0.2,0.0,0.0,0.0
2025,8,19,88.5,77.1,69.3,7.5,9.8,0,0.0,0.0,0.0
2025,8,20,89.7,76.1,64.9,7.8,9.8,0,0.0,0.0,0.0
2025,8,21,89.9,77,66.4,6.9,9.8,0,0.0,0.0,0.0
2025,8,22,87.7,78,73.7,4.4,10.2,0.06,15.5,2.5,9.0
2025,8,23,85.5,60.7,58.5,5,15.9,0.13,0.0,0.0,0.0
2025,8,24,88.5,76.8,68.8,4.5,9.8,0.09,3.0,1.5,2.25
2025,8,25,88.8,78,71.3,3,10.6,0.09,0.0,0.0,0.0
2025,8,26,85.9,75.6,71,7.3,9.8,0.08,0.0,0.0,0.0
2025,8,27,83,72,74.1,5.3,11,0.22,1.5,5.0,3.25
2025,8,28,85.9,75.3,71.3,5.8,9.8,0.22,0.0,0.0,0.0
2025,8,29,87.8,75,66.4,7.3,10.2,0,0.0,0.0,0.0
2025,8,30,84.4,75.7,74.9,7.3,8.4,0,42.0,34.0,38.0
2025,9,4,90.5,78.5,68.6,4.3,9.8,0,0.5,0.0,0.25
2025,9,5,87.4,69.4,66.8,3.3,13.4,0.13,1.5,1.5,1.5
2025,9,6,85.7,59.8,59.8,1.7,17.1,0.22,4.0,2.0,3.0
2025,9,7,83.9,46,48,1.2,22,0.43,3.5,3.0,3.25
2025,9,8,84.1,42.5,44,1.9,23.2,0.43,0.0,2.5,1.25
2025,9,9,81.9,44,50.1,0.8,23.8,0.75,2.0,2.0,2.0
2025,9,10,82.6,39.3,43.9,1.1,24.4,0.99,48.0,3.5,25.75
2025,9,11,83.7,49.3,51,1.4,20.8,1.02,9.5,5.5,7.5
2025,9,12,84.5,41,41.5,1.3,24.2,1.09,0.0,5.0,2.5
2025,9,13,86.9,53.4,51.5,1.6,19.6,0.2,1.0,0.0,0.5
2025,9,14,86,53.8,51.9,1.6,20,0.02,0.0,0.0,0.0
2025,9,15,83.9,43.1,45.8,0.9,22.7,0.12,62.0,0.0,31.0
2025,9,16,83.8,49.5,51.2,1.6,21.4,0.13,0.0,0.0,0.0
2025,9,17,85.2,49.3,48.7,1,20.8,0.09,0.0,0.0,0.0
2025,9,18,85.9,52.1,51.4,1.5,20.4,0.1,0.0,0.0,0.0
2025,9,19,83.2,42.8,46.8,1.3,23.2,4.39,25.0,0.0,12.5
2025,9,20,83.8,39.8,42.7,1.4,24.4,4.52,1.0,0.0,0.5
2025,9,21,84.7,46.3,47.8,1.5,21.9,0.09,5.0,0.0,2.5
2025,9,22,84.4,59.2,61,2,17.1,0.1,0.0,0.5,0.25
2025,9,23,83.9,46.1,48.8,1.3,21.9,0.14,3.0,0.0,1.5
2025,9,24,83.6,54.9,58,1.7,19,0.17,8.0,0.0,4.0
2025,9,25,85.3,68.8,69.8,2,13.4,0.22,4.0,0.0,2.0
2025,9,26,85.5,55.8,55.9,1.3,18.3,0.15,0.5,0.0,0.25
2025,9,27,84.3,46.2,48.2,1.3,22,1.02,8.0,0.0,4.0
2025,9,28,87,48.5,45.7,1.5,21.6,0.96,0.0,0.0,0.0
2025,9,29,89,66,60.8,4.4,14.6,0.01,0.0,0.0,0.0
2025,9,30,82.4,41.1,47.5,1,25.1,0.97,0.0,0.0,0.0
2025,10,1,80,76.6,90.1,0.3,29.4,1.21,15.5,12.5,14.0
2025,10,2,83.6,76.4,80.1,1.8,29.4,1.45,0.0,0.0,0.0
2025,10,3,88.1,79.5,76.7,1.4,16,0.06,0.0,0.0,0.0
2025,10,4,87.2,63.4,61.1,1.9,15.9,0.99,20.5,23.5,22.0
2025,10,5,85.3,59.3,59.3,3.2,17.1,1,0.0,0.5,0.25
2025,10,6,88,77,70.2,7.5,9.8,0.01,0.0,0.0,0.0
2025,10,7,87.8,76.5,69.3,5.7,9.8,0,0.0,0.0,0.0
2025,10,8,86.5,68.1,65.7,1.9,12.8,0,0.0,0.0,0.0
2025,10,9,86,48,46.9,1.6,20.6,0.22,0.0,0.0,0.0
2025,10,10,85.9,55,53.7,1.7,19.2,0.22,1.5,0.0,0.75
2025,10,11,84.9,52.5,53.4,1.8,19.6,0,2.5,0.0,1.25
2025,10,12,86.2,49.9,49.4,0.9,20.8,0,1.5,0.0,0.75
2025,10,13,85.5,46.3,45.6,1.6,22,1.21,10.5,3.5,7.0
2025,10,14,82.3,38.3,41.4,1.1,25.4,1.21,4.0,5.5,4.75
2025,10,15,82.1,32.3,37.6,0.9,26.9,0.24,11.0,14.0,12.5
2025,10,16,84.4,51.5,52.8,1.2,20.5,0.61,0.0,11.5,5.75
2025,10,17,85.5,49.8,50.1,1.8,20.8,0.41,0.0,0.0,0.0
2025,10,18,87,53.3,51.3,1.7,19.6,0,1.0,0.0,0.5
2025,10,19,86.9,53,50.8,1,19.6,0,0.0,0.0,0.0
2025,10,20,86.8,55.2,51.8,1,18.4,0,0.0,0.0,0.0
2025,10,21,85.9,55.5,53.7,0.9,18.4,0,0.0,0.0,0.0
2025,10,22,85,48.1,45.8,1.4,20.8,0,0.0,0.0,0.0
2025,10,23,84,56.6,53.5,1.5,18.2,0,0.0,0.0,0.0
2025,10,24,80.4,74.1,81.6,0.3,29.5,0.01,0.0,0.0,0.0
2025,10,25,82.4,64.4,69.2,0.5,22.6,0,0.0,0.0,0.0
2025,10,26,83.5,53.9,53.9,1.1,18.4,0,1.0,0.0,0.5
2025,10,27,82,44.9,47.4,1.1,22.1,1.17,0.0,0.0,0.0
2025,10,28,83.2,47.5,46.7,1.3,20.9,1.17,0.0,0.0,0.0
2025,10,29,85.5,54.2,50.9,1.6,18.4,0,0.0,0.0,0.0
2025,10,30,84.8,58.5,58,1.5,17.2,0.11,8.5,7.0,7.75
2025,10,31,82.8,39.5,43.8,1.8,24.5,1.24,0.0,0.0,0.0
2025,11,1,81,25.6,31.3,1.8,29.4,2.63,56.5,47.5,52.0
2025,11,2,80.5,28.6,34.7,1.9,28.2,2.51,30.5,26.0,28.25
2025,11,3,80.4,31.8,37.7,1.2,26.9,2.3,9.5,8.5,9.0
2025,11,4,81.7,45.2,49.6,1.1,22.1,0.48,3.0,2.5,2.75
2025,11,5,81.3,41.5,46,0.8,23.3,0.24,1.0,0.0,0.5
2025,11,6,79.7,37.8,45.3,1.2,29.4,0.19,0.0,0.0,0.0
2025,11,7,84,45.8,46.8,2,22,0.19,15.0,0.0,7.5
2025,11,8,80,25.2,31.4,0.9,29.4,2.2,17.0,0.5,8.75
2025,11,9,82.7,39.1,43,1,24.5,2.2,23.0,0.0,11.5
2025,11,10,83.7,50.2,51.7,2.6,20.4,0.22,1.0,0.0,0.5
2025,11,11,84,50.3,49.8,1,20.4,0.01,0.0,0.0,0.0
2025,11,12,84,46.8,47.5,1,23.5,0,0.0,0.0,0.0
2025,11,13,83.5,45.7,47.7,1.3,22.1,0,0.0,0.0,0.0
2025,11,14,83.8,48.1,48.3,1.4,20.9,0,0.5,0.0,0.25
2025,11,15,81.8,46.4,47.1,1,20.9,0,0.0,0.0,0.0
2025,11,16,80.7,48.4,48.9,1.3,19.7,0,0.0,0.0,0.0
2025,11,17,79.2,43.6,50.2,1.2,22.1,0.05,3.5,0.0,1.75
2025,11,18,77,27.4,34.1,1.6,28.3,0.43,2.0,0.0,1.0
2025,11,19,76.7,38.8,44.9,2.3,23.4,0.43,0.0,0.0,0.0
2025,11,20,75.5,44.3,52.6,1.1,21,0.06,0.0,0.0,0.0
2025,11,21,76.9,46.4,50.7,2,19.7,0,0.0,0.0,0.0
2025,11,22,76.9,42.6,43.8,1.6,20.9,0,0.0,0.0,0.0
2025,11,23,77.1,46.7,49.3,1,19.7,0,0.0,0.0,0.0
2025,11,24,76.6,41.2,44.2,1.1,22.8,0,0.0,0.0,0.0
2025,11,25,76.6,45.4,47.5,1.8,19.7,0,0.0,0.0,0.0
2025,11,26,73.7,44.5,49.3,1.3,20.1,0,0.0,0.0,0.0
2025,11,27,71.7,43.5,47.6,2.3,19.7,0,0.0,0.0,0.0
2025,11,28,67.7,34.8,40.3,0.9,23.6,0,0.0,0.0,0.0
2025,11,29,68.2,39.4,45.7,0.9,21.1,0,0.0,0.0,0.0
2025,11,30,69.5,42,47.6,2.3,20.6,0,0.0,0.0,0.0
2025,12,1,72.7,44.1,47.3,1.1,19.2,0,0.0,0.0,0.0
2025,12,2,75.1,42,43.5,1.6,20.9,0,0.0,0.0,0.0
2025,12,3,77.4,43.8,45.1,2,20.9,0,0.0,0.0,0.0
2025,12,4,79.3,49.5,50.4,1.1,19.3,0,0.0,0.0,0.0
2025,12,5,80.1,57.9,61.6,1.2,16,0,0.0,0.0,0.0
2025,12,6,80.3,46.5,48.8,0.8,20.9,0,0.0,0.0,0.0
2025,12,7,80.5,49.5,50.8,0.6,19.7,0,0.0,0.0,0.0
2025,12,8,77.8,44.6,48.6,0.9,20.9,0,0.0,0.0,0.0
2025,12,9,76.7,49.4,52.4,1.9,18,0,0.0,0.0,0.0
2025,12,10,76.2,52.2,55,2.1,16,0,0.0,0.0,0.0
2025,12,11,77.1,59.9,65.5,2,13.5,0,0.0,0.0,0.0
2025,12,12,76.5,50.7,59.3,1.8,18.4,0,1.0,0.0,0.5
2025,12,13,77.1,42.2,48.7,2.3,22.1,0.02,0.0,0.0,0.0
2025,12,14,77.4,45.5,52.6,1.6,20.9,0.02,0.0,0.0,0.0
2025,12,15,79.2,45.4,47.5,1.1,20.9,0.02,0.0,0.0,0.0
2025,12,16,77.6,42.2,44.6,1,22.8,0.02,0.0,0.0,0.0
2025,12,17,78.3,48.2,50.8,1.3,19.7,0,0.0,0.0,0.0
2025,12,18,78,44.5,47.3,1.5,20.9,0,0.0,0.0,0.0
2025,12,19,77,43.6,45.6,1,20.9,0,0.0,0.0,0.0
2025,12,20,75.7,48,50.7,1.2,18.4,0,0.0,0.0,0.0
2025,12,21,76.8,60.8,65.8,1.6,12.3,0,0.0,0.0,0.0
2025,12,22,75.6,46,47.9,1.9,20.1,0,0.0,0.0,0.0
2025,12,23,78.3,50,51.6,1.6,18.4,0,0.0,0.0,0.0
2025,12,24,79,50.4,51.4,1.5,18.4,0,0.0,0.0,0.0
2025,12,25,78.9,48.9,48.6,1.4,18.4,0,0.0,0.0,0.0
2025,12,26,76,48.4,50.7,1.4,18.4,0,0.0,0.0,0.0
2025,12,27,76.3,48.3,50.9,1.1,18.4,0,0.0,0.0,0.0
2025,12,28,77,45.6,46.4,1.3,21.1,0,0.0,0.0,0.0
2025,12,29,76.8,45.6,47.2,1.1,19.7,0,0.0,0.0,0.0
2025,12,30,76.5,50,52,0.8,17.9,0,0.0,0.0,0.0
2025,12,31,77.3,49,50.2,0.8,18.4,0,0.0,0.0,0.0
2026,1,1,76.4,46,48,1.1,19.6,0,0.0,0.0,0.0
2026,1,2,75.7,47.4,49.3,1.3,18.4,0,0.0,0.0,0.0
2026,1,3,74.5,46.3,48.9,1.4,18.5,0,0.0,0.0,0.0
2026,1,4,72.5,44.5,49.4,0.8,20.1,0,0.0,0.0,0.0
2026,1,5,74.4,48,50.3,1.2,18,0,0.0,0.0,0.0
2026,1,6,73.1,46.3,50.8,1.1,18.5,0,0.0,0.0,0.0
2026,1,7,73.2,45,48.7,1.4,18.5,0,0.0,0.0,0.0
2026,1,8,71.9,42.2,43.8,2.7,21.4,0,0.0,0.0,0.0
2026,1,9,69.4,43.7,47.9,1.7,17.5,0,0.0,0.0,0.0
2026,1,10,68.2,40.4,45.1,1.1,20.7,0,0.0,0.0,0.0
2026,1,11,68.8,43.4,49.2,1.5,19.3,0,0.0,0.0,0.0
2026,1,12,69,42.1,47.5,1.5,19.7,0,0.0,0.0,0.0
2026,1,13,71.8,42.8,45,1.2,19.3,0,0.0,0.0,0.0
2026,1,14,73.3,46.8,49.6,0.9,18.8,0,0.0,0.0,0.0
2026,1,15,76.1,47,47.3,1.2,18.4,0,0.0,0.0,0.0
2026,1,16,78.5,50,47.6,1.9,17.2,0,0.0,0.0,0.0
2026,1,17,78.8,55.2,53.7,1.6,14.7,0,0.0,0.0,0.0
2026,1,18,78.6,61.5,61.7,1.1,12,0,0.0,0.0,0.0
2026,1,19,77.8,58.4,59.4,2,14.7,0,0.0,0.0,0.0
2026,1,20,75.3,50.8,53.3,1.7,19.6,0,0.0,0.0,0.0
2026,1,21,76.3,51.9,52.5,1.4,17.7,0,0.0,0.0,0.0
2026,1,22,76.3,52.6,54.2,1.4,17.7,0,0.0,0.0,0.0
2026,1,23,74.5,51.3,54.4,1.2,16.9,0,0.0,0.0,0.0
2026,1,24,73.4,44.7,46,0.8,19.7,0,0.0,0.0,0.0
2026,1,25,74.5,47.2,47.2,1.4,17.4,0,0.0,0.0,0.0
2026,1,26,73.9,47.6,49.6,1.3,18.3,0,0.0,0.0,0.0
2026,1,27,76.1,50.1,49.4,1.2,16,0,0.0,0.0,0.0
2026,1,28,76.1,48.8,48.5,1.4,17.2,0,0.0,0.0,0.0
2026,1,29,77.1,51.4,50.1,1.1,16,0,0.0,0.0,0.0
2026,1,30,78.4,51.7,49.2,1.4,16,0,0.0,0.0,0.0
2026,1,31,78.5,51.3,48.5,1.1,16,0,0.0,0.0,0.0
2026,2,1,76.5,50.3,50.5,0.8,17.5,0,0.0,0.0,0.0
2026,2,2,79,62.8,62.8,1.6,13.3,0,0.0,0.0,0.0
2026,2,3,78.3,56.2,54.6,1.9,14.2,0,0.0,0.0,0.0
2026,2,4,79,53.4,49.8,1.4,14.8,0,0.0,0.0,0.0
2026,2,5,80.8,60.1,56,2.5,12.3,0,0.0,0.0,0.0
2026,2,6,82.8,65.8,60,2.8,9.8,0,0.0,0.0,0.0
2026,2,7,82.5,67,61.8,1.9,10.7,0,0.0,0.0,0.0
2026,2,8,83.2,66.4,61.2,1.6,12,0,0.0,0.0,0.0
2026,2,9,82.7,70.1,66.9,2.4,9.8,0,0.0,0.0,0.0
2026,2,10,81.6,65.4,63.7,1.4,14.8,0,0.0,0.0,0.0
2026,2,11,82.7,63.4,59.4,1.1,19,0,0.0,0.0,0.0
2026,2,12,84.3,63.7,56.4,1.1,15.6,0,0.0,0.0,0.0
2026,2,13,85.4,63,51.4,1.2,19.6,0,0.0,0.0,0.0
2026,2,14,84.5,62.4,50.2,1.1,23.5,0,0.0,0.0,0.0
2026,2,15,83.8,68.1,62.2,1.2,13.8,0,0.0,0.0,0.0
2026,2,16,87.3,68.5,55.7,1.4,15.7,0,0.0,0.0,0.0
2026,2,17,84.3,69.3,63.4,1.1,15.7,0,0.0,0.0,0.0
2026,2,18,85.4,71,63.4,2.4,21.4,0,0.0,0.0,0.0
2026,2,19,85.2,70.2,62.8,1.4,19.7,0,0.0,0.0,0.0
2026,2,20,86.2,69.1,59,2,18.2,0,0.0,0.0,0.0
2026,2,21,82.8,69.6,67.2,2.3,21.4,0.01,0.0,0.0,0.0
2026,2,22,86.1,71.5,63.9,1.4,14.7,0.02,0.0,0.0,0.0
2026,2,23,87.9,71.1,59.4,1.5,16.8,0,0.0,0.0,0.0
2026,2,24,83.8,67.8,64.5,3.4,20.3,0.34,4.0,4.0,4.0
2026,2,25,81.5,59.5,59.4,2.6,22.1,0.38,0.0,0.0,0.0
2026,2,26,81.4,64.8,64.8,1.8,19.6,0.1,0.0,0.0,0.0
2026,2,27,86.9,70.8,59.9,4.6,15.6,0.01,0.0,0.0,0.0
2026,2,28,86.4,67.5,54.2,5.2,13.8,0,0.0,0.0,0.0
2026,3,1,87.6,62.3,43.4,6,15.6,0,0.0,0.0,0.0
2026,3,2,86.9,60.9,42.6,6.8,16.8,0,0.0,0.0,0.0
2026,3,3,84.3,61.5,47.3,3,13.1,0,0.0,0.0,0.0
2026,3,4,85.5,66.1,54.4,2.7,15.7,0,0.0,0.0,0.0
2026,3,5,86.8,69.7,58.4,2.8,13,0,0.0,0.0,0.0
2026,3,6,84.1,70.5,64,2.1,15.7,0,0.0,0.0,0.0
2026,3,7,85.3,71.3,65.1,1.5,12.4,0,0.0,0.0,0.0
2026,3,8,86.9,70.8,60.6,1.4,14.7,0,0.0,0.0,0.0
2026,3,9,86.5,70,60.6,1.4,10.3,0,0.0,0.0,0.0
2026,3,10,85.4,68.9,59.1,1.7,15.7,0,0.0,0.0,0.0
2026,3,11,80.4,65,65.2,2.5,14,0.11,8.0,3.5,5.75
2026,3,12,78.3,45.8,46.8,2.3,24.6,0.11,0.0,0.0,0.0
