Date,Temp High/Low,Dew Pt High/Low,Humidity,Wind,Max Wind,Wind Gust,Pressure,Precip.,Condition,Year,Month
1/31/2014,32 Â°C / 16 Â°C,17 Â°C / 10 Â°C,62 %,,9 km/h,-,999.34 hPa,0 mm,,2014,1
1/30/2014,32 Â°C / 16 Â°C,18 Â°C / 14 Â°C,66 %,,7 km/h,-,1000.02 hPa,0 mm,,2014,1
1/29/2014,32 Â°C / 15 Â°C,17 Â°C / 13 Â°C,66 %,,9 km/h,-,999.65 hPa,0 mm,,2014,1
1/28/2014,32 Â°C / 15 Â°C,17 Â°C / 12 Â°C,66 %,,13 km/h,-,999.29 hPa,0 mm,,2014,1
1/27/2014,31 Â°C / 14 Â°C,16 Â°C / 12 Â°C,67 %,,17 km/h,-,1000.07 hPa,0 mm,,2014,1
1/26/2014,31 Â°C / 13 Â°C,14 Â°C / 11 Â°C,64 %,,9 km/h,-,999.48 hPa,0 mm,,2014,1
1/25/2014,30 Â°C / 11 Â°C,14 Â°C / 9 Â°C,65 %,,6 km/h,-,998.13 hPa,0 mm,,2014,1
1/24/2014,28 Â°C / 9 Â°C,12 Â°C / 7 Â°C,63 %,,6 km/h,-,1000.32 hPa,0 mm,,2014,1
1/23/2014,27 Â°C / 10 Â°C,11 Â°C / 4 Â°C,62 %,,13 km/h,-,1003.47 hPa,0 mm,,2014,1
1/22/2014,25 Â°C / 12 Â°C,13 Â°C / 8 Â°C,67 %,,9 km/h,-,1005.12 hPa,0 mm,,2014,1
1/21/2014,26 Â°C / 14 Â°C,13 Â°C / 10 Â°C,65 %,,9 km/h,-,1005.13 hPa,0 mm,,2014,1
1/20/2014,27 Â°C / 12 Â°C,13 Â°C / 9 Â°C,67 %,,11 km/h,-,1004.5 hPa,0 mm,,2014,1
1/19/2014,26 Â°C / 14 Â°C,13 Â°C / 10 Â°C,67 %,,7 km/h,-,1005.97 hPa,0 mm,,2014,1
1/18/2014,27 Â°C / 13 Â°C,14 Â°C / 12 Â°C,68 %,,9 km/h,-,1005.13 hPa,0 mm,,2014,1
1/17/2014,28 Â°C / 12 Â°C,14 Â°C / 11 Â°C,67 %,,9 km/h,-,1003.1 hPa,0 mm,,2014,1
1/16/2014,27 Â°C / 14 Â°C,14 Â°C / 9 Â°C,62 %,,11 km/h,-,1003.22 hPa,0 mm,,2014,1
1/15/2014,28 Â°C / 15 Â°C,16 Â°C / 13 Â°C,71 %,,4 km/h,-,1002.67 hPa,0 mm,,2014,1
1/14/2014,28 Â°C / 17 Â°C,16 Â°C / 13 Â°C,67 %,,9 km/h,-,1001.84 hPa,0 mm,,2014,1
1/13/2014,29 Â°C / 17 Â°C,17 Â°C / 14 Â°C,69 %,,9 km/h,-,1000.62 hPa,0 mm,,2014,1
1/12/2014,31 Â°C / 17 Â°C,18 Â°C / 15 Â°C,70 %,,7 km/h,-,1001.32 hPa,0 mm,,2014,1
1/11/2014,31 Â°C / 18 Â°C,18 Â°C / 16 Â°C,72 %,,6 km/h,-,1001.05 hPa,0 mm,,2014,1
1/10/2014,31 Â°C / 22 Â°C,20 Â°C / 16 Â°C,63 %,,9 km/h,-,999.76 hPa,0 mm,,2014,1
1/9/2014,32 Â°C / 17 Â°C,20 Â°C / 16 Â°C,70 %,,6 km/h,-,997.75 hPa,0 mm,,2014,1
1/8/2014,34 Â°C / 17 Â°C,21 Â°C / 15 Â°C,68 %,,7 km/h,-,997.77 hPa,0 mm,,2014,1
1/7/2014,34 Â°C / 17 Â°C,18 Â°C / 14 Â°C,64 %,,7 km/h,-,996.55 hPa,0 mm,,2014,1
1/6/2014,32 Â°C / 18 Â°C,20 Â°C / 16 Â°C,72 %,,9 km/h,-,996.48 hPa,0 mm,,2014,1
1/5/2014,30 Â°C / 19 Â°C,19 Â°C / 16 Â°C,73 %,,7 km/h,-,996.87 hPa,0 mm,,2014,1
1/4/2014,32 Â°C / 17 Â°C,21 Â°C / 16 Â°C,75 %,,4 km/h,-,997.5 hPa,0 mm,,2014,1
1/3/2014,32 Â°C / 17 Â°C,20 Â°C / 16 Â°C,73 %,,7 km/h,-,997.99 hPa,0 mm,,2014,1
1/2/2014,30 Â°C / 16 Â°C,19 Â°C / 14 Â°C,71 %,,9 km/h,-,998.94 hPa,0 mm,,2014,1
1/1/2014,28 Â°C / 14 Â°C,17 Â°C / 13 Â°C,72 %,,6 km/h,-,1000.51 hPa,0 mm,,2014,1
2/28/2014,37 Â°C / 22 Â°C,19 Â°C / 16 Â°C,51 %,,13 km/h,-,996.24 hPa,0 mm,,2014,2
2/27/2014,37 Â°C / 23 Â°C,17 Â°C / 12 Â°C,45 %,,9 km/h,-,996.74 hPa,0 mm,,2014,2
2/26/2014,37 Â°C / 21 Â°C,19 Â°C / 13 Â°C,48 %,,7 km/h,-,996.41 hPa,0 mm,,2014,2
2/25/2014,37 Â°C / 23 Â°C,18 Â°C / 16 Â°C,47 %,,9 km/h,-,997.59 hPa,0 mm,,2014,2
2/24/2014,36 Â°C / 21 Â°C,19 Â°C / 15 Â°C,54 %,,9 km/h,-,997.83 hPa,0 mm,,2014,2
2/23/2014,36 Â°C / 20 Â°C,19 Â°C / 15 Â°C,56 %,,11 km/h,-,998.18 hPa,0 mm,,2014,2
2/22/2014,34 Â°C / 20 Â°C,20 Â°C / 18 Â°C,64 %,,6 km/h,-,999.08 hPa,0 mm,,2014,2
2/21/2014,31 Â°C / 20 Â°C,18 Â°C / 16 Â°C,61 %,,9 km/h,-,1000.56 hPa,0 mm,,2014,2
2/20/2014,29 Â°C / 24 Â°C,17 Â°C / 14 Â°C,53 %,,13 km/h,-,999.07 hPa,0 mm,,2014,2
2/19/2014,34 Â°C / 25 Â°C,18 Â°C / 13 Â°C,47 %,,15 km/h,-,995.93 hPa,0 mm,,2014,2
2/18/2014,34 Â°C / 24 Â°C,19 Â°C / 15 Â°C,53 %,,19 km/h,-,997.21 hPa,0 mm,,2014,2
2/17/2014,34 Â°C / 23 Â°C,21 Â°C / 17 Â°C,58 %,,13 km/h,-,997.37 hPa,0 mm,,2014,2
2/16/2014,35 Â°C / 22 Â°C,21 Â°C / 18 Â°C,63 %,,13 km/h,-,996.38 hPa,0 mm,,2014,2
2/15/2014,34 Â°C / 20 Â°C,20 Â°C / 17 Â°C,61 %,,9 km/h,-,996.28 hPa,0 mm,,2014,2
2/14/2014,34 Â°C / 20 Â°C,19 Â°C / 15 Â°C,58 %,,11 km/h,-,996.79 hPa,0 mm,,2014,2
2/13/2014,34 Â°C / 19 Â°C,19 Â°C / 16 Â°C,60 %,,11 km/h,-,996.42 hPa,0 mm,,2014,2
2/12/2014,33 Â°C / 18 Â°C,19 Â°C / 16 Â°C,61 %,,9 km/h,-,994.07 hPa,0 mm,,2014,2
2/11/2014,34 Â°C / 18 Â°C,19 Â°C / 15 Â°C,59 %,,7 km/h,-,993.19 hPa,0 mm,,2014,2
2/10/2014,34 Â°C / 18 Â°C,17 Â°C / 12 Â°C,52 %,,11 km/h,-,993.49 hPa,0 mm,,2014,2
2/9/2014,34 Â°C / 18 Â°C,15 Â°C / 11 Â°C,42 %,,9 km/h,-,992.73 hPa,0 mm,,2014,2
2/8/2014,33 Â°C / 18 Â°C,14 Â°C / 10 Â°C,45 %,,19 km/h,-,992.48 hPa,0 mm,,2014,2
2/7/2014,34 Â°C / 16 Â°C,12 Â°C / 10 Â°C,46 %,,15 km/h,-,992.88 hPa,0 mm,,2014,2
2/6/2014,34 Â°C / 16 Â°C,16 Â°C / 6 Â°C,49 %,,15 km/h,-,992.8 hPa,0 mm,,2014,2
2/5/2014,34 Â°C / 17 Â°C,15 Â°C / 8 Â°C,50 %,,13 km/h,-,992.36 hPa,0 mm,,2014,2
2/4/2014,34 Â°C / 19 Â°C,17 Â°C / 4 Â°C,49 %,,17 km/h,-,991.82 hPa,0 mm,,2014,2
2/3/2014,36 Â°C / 21 Â°C,19 Â°C / 10 Â°C,52 %,,11 km/h,-,992.45 hPa,0 mm,,2014,2
2/2/2014,36 Â°C / 18 Â°C,18 Â°C / 16 Â°C,60 %,,7 km/h,-,994.65 hPa,0 mm,,2014,2
2/1/2014,33 Â°C / 17 Â°C,17 Â°C / 13 Â°C,63 %,,9 km/h,-,997.59 hPa,0 mm,,2014,2
3/31/2014,39 Â°C / 27 Â°C,15 Â°C / 10 Â°C,29 %,,19 km/h,-,992.44 hPa,0 mm,,2014,3
3/30/2014,39 Â°C / 27 Â°C,20 Â°C / 16 Â°C,44 %,,6 km/h,-,992.8 hPa,0 mm,,2014,3
3/29/2014,40 Â°C / 28 Â°C,22 Â°C / 12 Â°C,37 %,,11 km/h,-,993.01 hPa,0 mm,,2014,3
3/28/2014,39 Â°C / 26 Â°C,19 Â°C / 11 Â°C,34 %,,17 km/h,-,993.3 hPa,0 mm,,2014,3
3/27/2014,40 Â°C / 25 Â°C,17 Â°C / 13 Â°C,38 %,,7 km/h,-,993.48 hPa,0 mm,,2014,3
3/26/2014,38 Â°C / 23 Â°C,21 Â°C / 9 Â°C,51 %,,9 km/h,-,994.65 hPa,0 mm,,2014,3
3/25/2014,35 Â°C / 23 Â°C,21 Â°C / 18 Â°C,58 %,,13 km/h,-,996.21 hPa,0 mm,,2014,3
3/24/2014,36 Â°C / 23 Â°C,21 Â°C / 18 Â°C,61 %,,11 km/h,-,997.26 hPa,0 mm,,2014,3
3/23/2014,32 Â°C / 23 Â°C,22 Â°C / 21 Â°C,73 %,,9 km/h,-,998.12 hPa,0 mm,,2014,3
3/22/2014,31 Â°C / 23 Â°C,22 Â°C / 19 Â°C,70 %,,15 km/h,-,995.16 hPa,0 mm,,2014,3
3/21/2014,38 Â°C / 23 Â°C,20 Â°C / 12 Â°C,44 %,,15 km/h,-,993.23 hPa,0 mm,,2014,3
3/20/2014,39 Â°C / 28 Â°C,16 Â°C / 8 Â°C,31 %,,15 km/h,-,994.27 hPa,0 mm,,2014,3
3/19/2014,39 Â°C / 28 Â°C,19 Â°C / 12 Â°C,37 %,,19 km/h,-,994.47 hPa,0 mm,,2014,3
3/18/2014,38 Â°C / 25 Â°C,21 Â°C / 18 Â°C,51 %,,9 km/h,-,996.81 hPa,0 mm,,2014,3
3/17/2014,37 Â°C / 26 Â°C,21 Â°C / 17 Â°C,54 %,,9 km/h,-,997.52 hPa,0 mm,,2014,3
3/16/2014,37 Â°C / 24 Â°C,22 Â°C / 18 Â°C,53 %,,6 km/h,-,998.07 hPa,0 mm,,2014,3
3/15/2014,37 Â°C / 24 Â°C,22 Â°C / 17 Â°C,53 %,,9 km/h,-,997.1 hPa,0 mm,,2014,3
3/14/2014,38 Â°C / 23 Â°C,21 Â°C / 16 Â°C,48 %,,6 km/h,-,996.16 hPa,0 mm,,2014,3
3/13/2014,38 Â°C / 24 Â°C,19 Â°C / 12 Â°C,40 %,,15 km/h,-,995.32 hPa,0 mm,,2014,3
3/12/2014,38 Â°C / 24 Â°C,20 Â°C / 14 Â°C,44 %,,11 km/h,-,995.84 hPa,0 mm,,2014,3
3/11/2014,37 Â°C / 23 Â°C,19 Â°C / 15 Â°C,46 %,,13 km/h,-,997.21 hPa,0 mm,,2014,3
3/10/2014,36 Â°C / 22 Â°C,18 Â°C / 14 Â°C,44 %,,6 km/h,-,996.39 hPa,0 mm,,2014,3
3/9/2014,36 Â°C / 23 Â°C,16 Â°C / 7 Â°C,36 %,,19 km/h,-,996.42 hPa,0 mm,,2014,3
3/8/2014,36 Â°C / 22 Â°C,17 Â°C / 6 Â°C,38 %,,15 km/h,-,996.87 hPa,0 mm,,2014,3
3/7/2014,37 Â°C / 18 Â°C,18 Â°C / 11 Â°C,44 %,,9 km/h,-,996.49 hPa,0 mm,,2014,3
3/6/2014,36 Â°C / 20 Â°C,12 Â°C / 4 Â°C,32 %,,26 km/h,-,995.49 hPa,0 mm,,2014,3
3/5/2014,36 Â°C / 22 Â°C,12 Â°C / 5 Â°C,32 %,,19 km/h,-,996.36 hPa,0 mm,,2014,3
3/4/2014,37 Â°C / 24 Â°C,14 Â°C / 11 Â°C,31 %,,17 km/h,-,996.35 hPa,0 mm,,2014,3
3/3/2014,37 Â°C / 26 Â°C,18 Â°C / 14 Â°C,41 %,,9 km/h,-,994.9 hPa,0 mm,,2014,3
3/2/2014,37 Â°C / 24 Â°C,18 Â°C / 16 Â°C,43 %,,15 km/h,-,994.67 hPa,0 mm,,2014,3
3/1/2014,37 Â°C / 24 Â°C,19 Â°C / 17 Â°C,51 %,,9 km/h,-,995.67 hPa,0 mm,,2014,3
4/30/2014,38 Â°C / 25 Â°C,23 Â°C / 17 Â°C,57 %,,15 km/h,-,993.77 hPa,0 mm,,2014,4
4/29/2014,36 Â°C / 26 Â°C,24 Â°C / 21 Â°C,63 %,,11 km/h,-,994.45 hPa,0 mm,,2014,4
4/28/2014,37 Â°C / 28 Â°C,23 Â°C / 20 Â°C,51 %,,11 km/h,-,994.29 hPa,0 mm,,2014,4
4/27/2014,37 Â°C / 27 Â°C,24 Â°C / 21 Â°C,64 %,,11 km/h,-,993.88 hPa,0 mm,,2014,4
4/26/2014,39 Â°C / 28 Â°C,25 Â°C / 22 Â°C,63 %,,13 km/h,-,993.19 hPa,0 mm,,2014,4
4/25/2014,39 Â°C / 29 Â°C,22 Â°C / 19 Â°C,51 %,,13 km/h,-,993.14 hPa,0 mm,,2014,4
4/24/2014,38 Â°C / 30 Â°C,23 Â°C / 20 Â°C,51 %,,15 km/h,-,992.18 hPa,0 mm,,2014,4
4/23/2014,38 Â°C / 29 Â°C,23 Â°C / 20 Â°C,51 %,,19 km/h,-,993.56 hPa,0 mm,,2014,4
4/22/2014,39 Â°C / 29 Â°C,23 Â°C / 20 Â°C,51 %,,15 km/h,-,994.61 hPa,0 mm,,2014,4
4/21/2014,38 Â°C / 29 Â°C,24 Â°C / 22 Â°C,59 %,,11 km/h,-,993.74 hPa,0 mm,,2014,4
4/20/2014,38 Â°C / 29 Â°C,23 Â°C / 22 Â°C,57 %,,9 km/h,-,992.69 hPa,0 mm,,2014,4
4/19/2014,38 Â°C / 27 Â°C,23 Â°C / 21 Â°C,60 %,,6 km/h,-,993.09 hPa,0 mm,,2014,4
4/18/2014,37 Â°C / 27 Â°C,24 Â°C / 21 Â°C,61 %,,19 km/h,-,994.09 hPa,0 mm,,2014,4
4/17/2014,38 Â°C / 27 Â°C,24 Â°C / 20 Â°C,59 %,,9 km/h,-,993.3 hPa,0 mm,,2014,4
4/16/2014,36 Â°C / 24 Â°C,24 Â°C / 19 Â°C,65 %,,6 km/h,-,994.11 hPa,0 mm,,2014,4
4/15/2014,35 Â°C / 24 Â°C,23 Â°C / 21 Â°C,70 %,,9 km/h,-,995.89 hPa,0 mm,,2014,4
4/14/2014,37 Â°C / 24 Â°C,23 Â°C / 20 Â°C,63 %,,9 km/h,-,995.7 hPa,22 mm,,2014,4
4/13/2014,37 Â°C / 25 Â°C,22 Â°C / 19 Â°C,62 %,,7 km/h,-,995.06 hPa,0 mm,,2014,4
4/12/2014,37 Â°C / 27 Â°C,22 Â°C / 18 Â°C,52 %,,15 km/h,-,993.94 hPa,0 mm,,2014,4
4/11/2014,38 Â°C / 28 Â°C,21 Â°C / 18 Â°C,49 %,,19 km/h,-,993.79 hPa,0 mm,,2014,4
4/10/2014,38 Â°C / 28 Â°C,22 Â°C / 18 Â°C,51 %,,15 km/h,-,994.33 hPa,0 mm,,2014,4
4/9/2014,39 Â°C / 28 Â°C,22 Â°C / 18 Â°C,50 %,,17 km/h,-,994.59 hPa,0 mm,,2014,4
4/8/2014,37 Â°C / 28 Â°C,21 Â°C / 17 Â°C,48 %,,15 km/h,-,994.99 hPa,0 mm,,2014,4
4/7/2014,37 Â°C / 28 Â°C,19 Â°C / 15 Â°C,41 %,,19 km/h,-,995.76 hPa,0 mm,,2014,4
4/6/2014,37 Â°C / 22 Â°C,22 Â°C / 18 Â°C,63 %,,11 km/h,-,996.36 hPa,0 mm,,2014,4
4/5/2014,36 Â°C / 23 Â°C,21 Â°C / 19 Â°C,72 %,,7 km/h,-,996.53 hPa,0 mm,,2014,4
4/4/2014,34 Â°C / 24 Â°C,23 Â°C / 16 Â°C,68 %,,6 km/h,-,995.72 hPa,2 mm,,2014,4
4/3/2014,39 Â°C / 27 Â°C,23 Â°C / 18 Â°C,56 %,,17 km/h,-,992.98 hPa,0 mm,,2014,4
4/2/2014,40 Â°C / 28 Â°C,23 Â°C / 13 Â°C,47 %,,9 km/h,-,991.69 hPa,0 mm,,2014,4
4/1/2014,40 Â°C / 28 Â°C,18 Â°C / 9 Â°C,32 %,,15 km/h,-,991.74 hPa,0 mm,,2014,4
5/31/2014,36 Â°C / 29 Â°C,24 Â°C / 21 Â°C,58 %,,15 km/h,-,991.08 hPa,0 mm,,2014,5
5/30/2014,36 Â°C / 27 Â°C,23 Â°C / 22 Â°C,63 %,,17 km/h,-,991.21 hPa,0 mm,,2014,5
5/29/2014,36 Â°C / 27 Â°C,24 Â°C / 20 Â°C,64 %,,24 km/h,-,992.91 hPa,0 mm,,2014,5
5/28/2014,35 Â°C / 27 Â°C,24 Â°C / 22 Â°C,70 %,,17 km/h,-,994.09 hPa,0 mm,,2014,5
5/27/2014,37 Â°C / 29 Â°C,23 Â°C / 20 Â°C,57 %,,20 km/h,-,993.75 hPa,0 mm,,2014,5
5/26/2014,36 Â°C / 27 Â°C,23 Â°C / 20 Â°C,56 %,,15 km/h,-,995.1 hPa,0 mm,,2014,5
5/25/2014,38 Â°C / 28 Â°C,23 Â°C / 21 Â°C,51 %,,13 km/h,-,994.31 hPa,0 mm,,2014,5
5/24/2014,38 Â°C / 29 Â°C,22 Â°C / 20 Â°C,51 %,,19 km/h,-,993.55 hPa,0 mm,,2014,5
5/23/2014,35 Â°C / 28 Â°C,24 Â°C / 19 Â°C,57 %,,13 km/h,-,992.24 hPa,0.1 mm,,2014,5
5/22/2014,36 Â°C / 27 Â°C,22 Â°C / 21 Â°C,59 %,,13 km/h,-,991 hPa,0 mm,,2014,5
5/21/2014,35 Â°C / 28 Â°C,21 Â°C / 19 Â°C,54 %,,19 km/h,-,992.21 hPa,0 mm,,2014,5
5/20/2014,36 Â°C / 28 Â°C,22 Â°C / 21 Â°C,56 %,,15 km/h,-,993.26 hPa,0 mm,,2014,5
5/19/2014,34 Â°C / 25 Â°C,25 Â°C / 22 Â°C,76 %,,9 km/h,-,994.65 hPa,0 mm,,2014,5
5/18/2014,37 Â°C / 24 Â°C,23 Â°C / 21 Â°C,61 %,,17 km/h,-,993.09 hPa,0 mm,,2014,5
5/17/2014,38 Â°C / 29 Â°C,23 Â°C / 18 Â°C,49 %,,17 km/h,-,991.93 hPa,0 mm,,2014,5
5/16/2014,37 Â°C / 29 Â°C,22 Â°C / 19 Â°C,50 %,,15 km/h,-,990.99 hPa,0 mm,,2014,5
5/15/2014,37 Â°C / 29 Â°C,22 Â°C / 19 Â°C,51 %,,28 km/h,-,990.22 hPa,0 mm,,2014,5
5/14/2014,38 Â°C / 28 Â°C,21 Â°C / 18 Â°C,49 %,,19 km/h,-,991.25 hPa,0 mm,,2014,5
5/13/2014,37 Â°C / 29 Â°C,22 Â°C / 21 Â°C,55 %,,24 km/h,-,992.35 hPa,0 mm,,2014,5
5/12/2014,38 Â°C / 29 Â°C,23 Â°C / 21 Â°C,53 %,,15 km/h,-,992.93 hPa,0 mm,,2014,5
5/11/2014,37 Â°C / 29 Â°C,22 Â°C / 20 Â°C,54 %,,19 km/h,-,993.53 hPa,0 mm,,2014,5
5/10/2014,37 Â°C / 28 Â°C,22 Â°C / 19 Â°C,55 %,,15 km/h,-,992.99 hPa,0 mm,,2014,5
5/9/2014,36 Â°C / 27 Â°C,23 Â°C / 19 Â°C,55 %,,15 km/h,-,993.4 hPa,0 mm,,2014,5
5/8/2014,37 Â°C / 25 Â°C,23 Â°C / 18 Â°C,59 %,,22 km/h,-,994.25 hPa,0 mm,,2014,5
5/7/2014,35 Â°C / 25 Â°C,23 Â°C / 22 Â°C,69 %,,9 km/h,-,996.37 hPa,0 mm,,2014,5
5/6/2014,35 Â°C / 26 Â°C,23 Â°C / 22 Â°C,65 %,,9 km/h,-,995.89 hPa,0 mm,,2014,5
5/5/2014,36 Â°C / 27 Â°C,24 Â°C / 21 Â°C,66 %,,6 km/h,-,994.44 hPa,0 mm,,2014,5
5/4/2014,36 Â°C / 25 Â°C,24 Â°C / 19 Â°C,70 %,,9 km/h,-,994.79 hPa,0 mm,,2014,5
5/3/2014,34 Â°C / 25 Â°C,24 Â°C / 22 Â°C,73 %,,9 km/h,-,995.36 hPa,0 mm,,2014,5
5/2/2014,36 Â°C / 26 Â°C,24 Â°C / 20 Â°C,68 %,,11 km/h,-,994.59 hPa,0 mm,,2014,5
5/1/2014,37 Â°C / 25 Â°C,23 Â°C / 19 Â°C,65 %,,19 km/h,-,993.56 hPa,0 mm,,2014,5
6/30/2014,30 Â°C / 28 Â°C,22 Â°C / 21 Â°C,65 %,,15 km/h,-,991.85 hPa,0 mm,,2014,6
6/29/2014,34 Â°C / 27 Â°C,22 Â°C / 20 Â°C,60 %,,19 km/h,-,990.83 hPa,0 mm,,2014,6
6/28/2014,32 Â°C / 28 Â°C,22 Â°C / 21 Â°C,62 %,,22 km/h,-,992.6 hPa,0 mm,,2014,6
6/27/2014,33 Â°C / 27 Â°C,24 Â°C / 22 Â°C,66 %,,20 km/h,-,994.56 hPa,0 mm,,2014,6
6/26/2014,31 Â°C / 26 Â°C,26 Â°C / 22 Â°C,79 %,,9 km/h,-,994.13 hPa,0 mm,,2014,6
6/25/2014,30 Â°C / 26 Â°C,25 Â°C / 23 Â°C,81 %,,7 km/h,-,991 hPa,0 mm,,2014,6
6/24/2014,32 Â°C / 26 Â°C,24 Â°C / 21 Â°C,71 %,,13 km/h,-,989.23 hPa,0 mm,,2014,6
6/23/2014,33 Â°C / 27 Â°C,23 Â°C / 21 Â°C,65 %,,17 km/h,-,990.99 hPa,0 mm,,2014,6
6/22/2014,31 Â°C / 27 Â°C,24 Â°C / 22 Â°C,68 %,,19 km/h,-,993.1 hPa,0 mm,,2014,6
6/21/2014,32 Â°C / 26 Â°C,24 Â°C / 22 Â°C,71 %,,15 km/h,-,993.35 hPa,0 mm,,2014,6
6/20/2014,32 Â°C / 27 Â°C,25 Â°C / 22 Â°C,74 %,,13 km/h,-,991.95 hPa,0 mm,,2014,6
6/19/2014,33 Â°C / 26 Â°C,24 Â°C / 22 Â°C,69 %,,9 km/h,-,991.45 hPa,0 mm,,2014,6
6/18/2014,31 Â°C / 26 Â°C,26 Â°C / 22 Â°C,79 %,,13 km/h,-,990.38 hPa,0 mm,,2014,6
6/17/2014,32 Â°C / 26 Â°C,26 Â°C / 23 Â°C,83 %,,4 km/h,-,989.4 hPa,0 mm,,2014,6
6/16/2014,31 Â°C / 26 Â°C,25 Â°C / 23 Â°C,82 %,,6 km/h,-,988.93 hPa,0 mm,,2014,6
6/15/2014,29 Â°C / 26 Â°C,26 Â°C / 23 Â°C,88 %,,4 km/h,-,990.31 hPa,9.6 mm,,2014,6
6/14/2014,30 Â°C / 25 Â°C,25 Â°C / 23 Â°C,83 %,,9 km/h,-,989.05 hPa,0 mm,,2014,6
6/13/2014,29 Â°C / 26 Â°C,25 Â°C / 24 Â°C,85 %,,6 km/h,-,986.49 hPa,0 mm,,2014,6
6/12/2014,32 Â°C / 26 Â°C,25 Â°C / 22 Â°C,80 %,,7 km/h,-,986.56 hPa,0 mm,,2014,6
6/11/2014,32 Â°C / 26 Â°C,24 Â°C / 22 Â°C,76 %,,13 km/h,-,988.55 hPa,0 mm,,2014,6
6/10/2014,32 Â°C / 27 Â°C,25 Â°C / 22 Â°C,75 %,,9 km/h,-,989.71 hPa,0 mm,,2014,6
6/9/2014,31 Â°C / 26 Â°C,25 Â°C / 23 Â°C,81 %,,9 km/h,-,989.93 hPa,9 mm,,2014,6
6/8/2014,31 Â°C / 26 Â°C,25 Â°C / 24 Â°C,84 %,,11 km/h,-,989.85 hPa,0 mm,,2014,6
6/7/2014,32 Â°C / 26 Â°C,25 Â°C / 22 Â°C,84 %,,6 km/h,-,989.55 hPa,14 mm,,2014,6
6/6/2014,37 Â°C / 26 Â°C,24 Â°C / 21 Â°C,68 %,,19 km/h,-,988.93 hPa,0 mm,,2014,6
6/5/2014,36 Â°C / 29 Â°C,23 Â°C / 21 Â°C,57 %,,22 km/h,-,988.66 hPa,0 mm,,2014,6
6/4/2014,38 Â°C / 29 Â°C,22 Â°C / 21 Â°C,53 %,,17 km/h,-,988.81 hPa,0 mm,,2014,6
6/3/2014,37 Â°C / 29 Â°C,22 Â°C / 19 Â°C,52 %,,22 km/h,-,989.98 hPa,0 mm,,2014,6
6/2/2014,36 Â°C / 27 Â°C,24 Â°C / 21 Â°C,62 %,,15 km/h,-,992.15 hPa,0 mm,,2014,6
6/1/2014,34 Â°C / 27 Â°C,24 Â°C / 22 Â°C,70 %,,13 km/h,-,992.71 hPa,0 mm,,2014,6
7/31/2014,32 Â°C / 27 Â°C,23 Â°C / 21 Â°C,66 %,,22 km/h,-,992.23 hPa,0 mm,,2014,7
7/30/2014,32 Â°C / 27 Â°C,23 Â°C / 21 Â°C,67 %,,15 km/h,-,992.25 hPa,0 mm,,2014,7
7/29/2014,32 Â°C / 27 Â°C,22 Â°C / 21 Â°C,67 %,,24 km/h,-,991.91 hPa,0 mm,,2014,7
7/28/2014,28 Â°C / 24 Â°C,24 Â°C / 22 Â°C,82 %,,11 km/h,-,993.24 hPa,2 mm,,2014,7
7/27/2014,32 Â°C / 24 Â°C,24 Â°C / 22 Â°C,83 %,,6 km/h,-,994.01 hPa,0 mm,,2014,7
7/26/2014,30 Â°C / 25 Â°C,26 Â°C / 23 Â°C,86 %,,6 km/h,-,993.19 hPa,0.4 mm,,2014,7
7/25/2014,33 Â°C / 25 Â°C,24 Â°C / 21 Â°C,74 %,,9 km/h,-,991.53 hPa,0 mm,,2014,7
7/24/2014,33 Â°C / 26 Â°C,24 Â°C / 21 Â°C,66 %,,22 km/h,-,990.83 hPa,0 mm,,2014,7
7/23/2014,29 Â°C / 27 Â°C,22 Â°C / 21 Â°C,68 %,,15 km/h,-,991.49 hPa,0 mm,,2014,7
7/22/2014,30 Â°C / 24 Â°C,23 Â°C / 21 Â°C,74 %,,15 km/h,-,992.26 hPa,0 mm,,2014,7
7/21/2014,27 Â°C / 24 Â°C,24 Â°C / 22 Â°C,87 %,,9 km/h,-,992.95 hPa,0 mm,,2014,7
7/20/2014,29 Â°C / 24 Â°C,24 Â°C / 20 Â°C,82 %,,15 km/h,-,992.69 hPa,0 mm,,2014,7
7/19/2014,29 Â°C / 25 Â°C,24 Â°C / 20 Â°C,74 %,,20 km/h,-,990.81 hPa,0 mm,,2014,7
7/18/2014,29 Â°C / 26 Â°C,23 Â°C / 22 Â°C,74 %,,19 km/h,-,990.03 hPa,0 mm,,2014,7
7/17/2014,33 Â°C / 27 Â°C,22 Â°C / 21 Â°C,65 %,,15 km/h,-,990.68 hPa,0 mm,,2014,7
7/16/2014,32 Â°C / 24 Â°C,24 Â°C / 21 Â°C,78 %,,13 km/h,-,993.45 hPa,0.8 mm,,2014,7
7/15/2014,31 Â°C / 24 Â°C,24 Â°C / 23 Â°C,82 %,,11 km/h,-,993.36 hPa,0 mm,,2014,7
7/14/2014,30 Â°C / 25 Â°C,25 Â°C / 23 Â°C,84 %,,9 km/h,-,992.15 hPa,1 mm,,2014,7
7/13/2014,34 Â°C / 26 Â°C,25 Â°C / 23 Â°C,80 %,,4 km/h,-,990.49 hPa,0 mm,,2014,7
7/12/2014,34 Â°C / 26 Â°C,24 Â°C / 23 Â°C,70 %,,9 km/h,-,989.94 hPa,0 mm,,2014,7
7/11/2014,32 Â°C / 26 Â°C,24 Â°C / 22 Â°C,75 %,,11 km/h,-,990.76 hPa,0 mm,,2014,7
7/10/2014,32 Â°C / 26 Â°C,23 Â°C / 22 Â°C,69 %,,15 km/h,-,989.96 hPa,0 mm,,2014,7
7/9/2014,32 Â°C / 27 Â°C,22 Â°C / 19 Â°C,62 %,,24 km/h,-,988.33 hPa,0 mm,,2014,7
7/8/2014,33 Â°C / 28 Â°C,22 Â°C / 21 Â°C,60 %,,19 km/h,-,988.1 hPa,0 mm,,2014,7
7/7/2014,32 Â°C / 28 Â°C,22 Â°C / 22 Â°C,63 %,,20 km/h,-,990.28 hPa,0 mm,,2014,7
7/6/2014,34 Â°C / 28 Â°C,23 Â°C / 21 Â°C,61 %,,22 km/h,-,991.4 hPa,0 mm,,2014,7
7/5/2014,35 Â°C / 28 Â°C,22 Â°C / 21 Â°C,58 %,,15 km/h,-,990.58 hPa,0 mm,,2014,7
7/4/2014,35 Â°C / 27 Â°C,22 Â°C / 21 Â°C,59 %,,15 km/h,-,990.01 hPa,0 mm,,2014,7
7/3/2014,33 Â°C / 27 Â°C,22 Â°C / 20 Â°C,62 %,,22 km/h,-,991.26 hPa,0 mm,,2014,7
7/2/2014,33 Â°C / 27 Â°C,22 Â°C / 21 Â°C,62 %,,17 km/h,-,993.19 hPa,0 mm,,2014,7
7/1/2014,31 Â°C / 26 Â°C,23 Â°C / 21 Â°C,67 %,,13 km/h,-,993.88 hPa,0 mm,,2014,7
8/31/2014,32 Â°C / 24 Â°C,24 Â°C / 22 Â°C,80 %,,7 km/h,-,993.59 hPa,0.7 mm,,2014,8
8/30/2014,31 Â°C / 24 Â°C,24 Â°C / 22 Â°C,79 %,,9 km/h,-,994.48 hPa,0 mm,,2014,8
8/29/2014,32 Â°C / 25 Â°C,24 Â°C / 20 Â°C,77 %,,15 km/h,-,992.45 hPa,0 mm,,2014,8
8/28/2014,31 Â°C / 24 Â°C,25 Â°C / 21 Â°C,81 %,,13 km/h,-,992.91 hPa,30 mm,,2014,8
8/27/2014,32 Â°C / 24 Â°C,24 Â°C / 22 Â°C,82 %,,6 km/h,-,992.4 hPa,0 mm,,2014,8
8/26/2014,33 Â°C / 26 Â°C,24 Â°C / 22 Â°C,77 %,,15 km/h,-,993.01 hPa,0 mm,,2014,8
8/25/2014,34 Â°C / 28 Â°C,26 Â°C / 22 Â°C,66 %,,22 km/h,-,993.66 hPa,8 mm,,2014,8
8/24/2014,34 Â°C / 28 Â°C,23 Â°C / 22 Â°C,64 %,,19 km/h,-,994.03 hPa,0 mm,,2014,8
8/23/2014,35 Â°C / 26 Â°C,24 Â°C / 22 Â°C,72 %,,6 km/h,-,995.23 hPa,0 mm,,2014,8
8/22/2014,31 Â°C / 24 Â°C,24 Â°C / 23 Â°C,80 %,,9 km/h,-,995.75 hPa,0 mm,,2014,8
8/21/2014,31 Â°C / 24 Â°C,23 Â°C / 22 Â°C,80 %,,7 km/h,-,994.39 hPa,0 mm,,2014,8
8/20/2014,32 Â°C / 26 Â°C,22 Â°C / 21 Â°C,65 %,,15 km/h,-,993.95 hPa,0 mm,,2014,8
8/19/2014,33 Â°C / 28 Â°C,23 Â°C / 22 Â°C,64 %,,17 km/h,-,994.61 hPa,0 mm,,2014,8
8/18/2014,34 Â°C / 27 Â°C,22 Â°C / 21 Â°C,61 %,,15 km/h,-,994.46 hPa,0 mm,,2014,8
8/17/2014,35 Â°C / 24 Â°C,23 Â°C / 21 Â°C,68 %,,15 km/h,-,993.79 hPa,0 mm,,2014,8
8/16/2014,28 Â°C / 24 Â°C,24 Â°C / 21 Â°C,79 %,,13 km/h,-,995.53 hPa,0 mm,,2014,8
8/15/2014,33 Â°C / 26 Â°C,24 Â°C / 21 Â°C,71 %,,11 km/h,-,995.01 hPa,0 mm,,2014,8
8/14/2014,32 Â°C / 27 Â°C,22 Â°C / 21 Â°C,66 %,,13 km/h,-,993.91 hPa,0 mm,,2014,8
8/12/2014,31 Â°C / 26 Â°C,22 Â°C / 21 Â°C,68 %,,20 km/h,-,992.21 hPa,0 mm,,2014,8
8/11/2014,31 Â°C / 27 Â°C,22 Â°C / 21 Â°C,66 %,,19 km/h,-,993.51 hPa,0 mm,,2014,8
8/10/2014,31 Â°C / 25 Â°C,24 Â°C / 21 Â°C,75 %,,9 km/h,-,994.54 hPa,0 mm,,2014,8
8/9/2014,31 Â°C / 25 Â°C,24 Â°C / 21 Â°C,75 %,,19 km/h,-,994.19 hPa,0 mm,,2014,8
8/8/2014,32 Â°C / 25 Â°C,25 Â°C / 23 Â°C,82 %,,7 km/h,-,992.5 hPa,0 mm,,2014,8
8/7/2014,31 Â°C / 25 Â°C,24 Â°C / 21 Â°C,77 %,,9 km/h,-,991.36 hPa,0 mm,,2014,8
8/6/2014,31 Â°C / 26 Â°C,23 Â°C / 19 Â°C,67 %,,15 km/h,-,990.74 hPa,0 mm,,2014,8
8/5/2014,30 Â°C / 24 Â°C,23 Â°C / 21 Â°C,73 %,,15 km/h,-,991.11 hPa,0 mm,,2014,8
8/4/2014,30 Â°C / 26 Â°C,23 Â°C / 22 Â°C,73 %,,15 km/h,-,990.78 hPa,0 mm,,2014,8
8/3/2014,30 Â°C / 25 Â°C,24 Â°C / 21 Â°C,77 %,,9 km/h,-,991.46 hPa,2 mm,,2014,8
8/2/2014,30 Â°C / 27 Â°C,22 Â°C / 20 Â°C,68 %,,19 km/h,-,991.01 hPa,0 mm,,2014,8
8/1/2014,33 Â°C / 27 Â°C,22 Â°C / 21 Â°C,64 %,,15 km/h,-,990.93 hPa,0 mm,,2014,8
9/30/2014,32 Â°C / 24 Â°C,25 Â°C / 23 Â°C,81 %,,4 km/h,-,996.68 hPa,0 mm,,2014,9
9/29/2014,34 Â°C / 24 Â°C,27 Â°C / 23 Â°C,83 %,,6 km/h,-,995.54 hPa,1 mm,,2014,9
9/28/2014,34 Â°C / 27 Â°C,24 Â°C / 23 Â°C,71 %,,13 km/h,-,995.05 hPa,0 mm,,2014,9
9/27/2014,28 Â°C / 27 Â°C,26 Â°C / 25 Â°C,87 %,,-,-,996.5 hPa,0 mm,,2014,9
9/26/2014,31 Â°C / 25 Â°C,24 Â°C / 24 Â°C,86 %,,11 km/h,-,997.44 hPa,0 mm,,2014,9
9/25/2014,29 Â°C / 24 Â°C,24 Â°C / 23 Â°C,86 %,,4 km/h,-,997.01 hPa,0 mm,,2014,9
9/24/2014,34 Â°C / 25 Â°C,24 Â°C / 21 Â°C,68 %,,17 km/h,-,994.58 hPa,0 mm,,2014,9
9/23/2014,33 Â°C / 27 Â°C,22 Â°C / 21 Â°C,62 %,,24 km/h,-,993.69 hPa,0 mm,,2014,9
9/22/2014,32 Â°C / 27 Â°C,22 Â°C / 20 Â°C,64 %,,17 km/h,-,994.99 hPa,0 mm,,2014,9
9/21/2014,34 Â°C / 27 Â°C,23 Â°C / 21 Â°C,63 %,,20 km/h,-,994.46 hPa,1 mm,,2014,9
9/20/2014,34 Â°C / 27 Â°C,22 Â°C / 21 Â°C,61 %,,15 km/h,-,993.96 hPa,0 mm,,2014,9
9/19/2014,33 Â°C / 25 Â°C,24 Â°C / 21 Â°C,68 %,,13 km/h,-,995.9 hPa,0 mm,,2014,9
9/18/2014,28 Â°C / 25 Â°C,24 Â°C / 21 Â°C,78 %,,15 km/h,-,994.38 hPa,0.2 mm,,2014,9
9/17/2014,32 Â°C / 27 Â°C,22 Â°C / 21 Â°C,65 %,,19 km/h,-,988.31 hPa,0 mm,,2014,9
9/16/2014,33 Â°C / 27 Â°C,22 Â°C / 21 Â°C,63 %,,22 km/h,-,988.09 hPa,0 mm,,2014,9
9/15/2014,34 Â°C / 27 Â°C,23 Â°C / 21 Â°C,64 %,,15 km/h,-,990.44 hPa,0 mm,,2014,9
9/14/2014,34 Â°C / 27 Â°C,23 Â°C / 21 Â°C,62 %,,17 km/h,-,991.72 hPa,0 mm,,2014,9
9/13/2014,34 Â°C / 27 Â°C,22 Â°C / 21 Â°C,62 %,,17 km/h,-,992.1 hPa,0 mm,,2014,9
9/12/2014,33 Â°C / 26 Â°C,23 Â°C / 22 Â°C,66 %,,19 km/h,-,993.2 hPa,0 mm,,2014,9
9/11/2014,34 Â°C / 27 Â°C,25 Â°C / 21 Â°C,70 %,,13 km/h,-,993.84 hPa,0 mm,,2014,9
9/10/2014,34 Â°C / 26 Â°C,24 Â°C / 21 Â°C,66 %,,13 km/h,-,992.59 hPa,0 mm,,2014,9
9/9/2014,33 Â°C / 27 Â°C,24 Â°C / 21 Â°C,65 %,,15 km/h,-,992.54 hPa,0 mm,,2014,9
9/8/2014,33 Â°C / 26 Â°C,23 Â°C / 21 Â°C,65 %,,17 km/h,-,993.39 hPa,0 mm,,2014,9
9/7/2014,33 Â°C / 26 Â°C,23 Â°C / 21 Â°C,67 %,,15 km/h,-,994.14 hPa,0 mm,,2014,9
9/6/2014,33 Â°C / 25 Â°C,23 Â°C / 22 Â°C,68 %,,13 km/h,-,992.28 hPa,0 mm,,2014,9
9/5/2014,32 Â°C / 25 Â°C,23 Â°C / 21 Â°C,70 %,,9 km/h,-,992.84 hPa,0 mm,,2014,9
9/4/2014,32 Â°C / 24 Â°C,24 Â°C / 22 Â°C,80 %,,15 km/h,-,994.19 hPa,0 mm,,2014,9
9/3/2014,28 Â°C / 24 Â°C,24 Â°C / 23 Â°C,91 %,,-,-,994.41 hPa,0.2 mm,,2014,9
9/2/2014,31 Â°C / 25 Â°C,24 Â°C / 21 Â°C,77 %,,15 km/h,-,992.75 hPa,0.4 mm,,2014,9
9/1/2014,34 Â°C / 26 Â°C,23 Â°C / 21 Â°C,65 %,,17 km/h,-,992.52 hPa,0 mm,,2014,9
10/31/2014,33 Â°C / 24 Â°C,25 Â°C / 23 Â°C,81 %,,6 km/h,-,996 hPa,0 mm,,2014,10
10/30/2014,31 Â°C / 24 Â°C,25 Â°C / 23 Â°C,83 %,,11 km/h,-,996.68 hPa,0 mm,,2014,10
10/29/2014,29 Â°C / 25 Â°C,24 Â°C / 23 Â°C,84 %,,7 km/h,-,996.89 hPa,0 mm,,2014,10
10/28/2014,34 Â°C / 24 Â°C,24 Â°C / 21 Â°C,78 %,,6 km/h,-,996.46 hPa,0 mm,,2014,10
10/27/2014,33 Â°C / 24 Â°C,25 Â°C / 22 Â°C,80 %,,6 km/h,-,997.6 hPa,0 mm,,2014,10
10/26/2014,32 Â°C / 24 Â°C,25 Â°C / 22 Â°C,81 %,,4 km/h,-,998.66 hPa,0 mm,,2014,10
10/25/2014,31 Â°C / 23 Â°C,24 Â°C / 22 Â°C,85 %,,6 km/h,-,998.01 hPa,0 mm,,2014,10
10/24/2014,29 Â°C / 24 Â°C,24 Â°C / 23 Â°C,90 %,,11 km/h,-,997.58 hPa,31 mm,,2014,10
10/23/2014,30 Â°C / 22 Â°C,24 Â°C / 22 Â°C,87 %,,9 km/h,-,998.49 hPa,0 mm,,2014,10
10/22/2014,31 Â°C / 24 Â°C,24 Â°C / 23 Â°C,89 %,,6 km/h,-,999.33 hPa,0 mm,,2014,10
10/21/2014,31 Â°C / 23 Â°C,24 Â°C / 22 Â°C,83 %,,9 km/h,-,999.54 hPa,3 mm,,2014,10
10/20/2014,27 Â°C / 24 Â°C,24 Â°C / 23 Â°C,88 %,,9 km/h,-,997.91 hPa,0.2 mm,,2014,10
10/19/2014,31 Â°C / 23 Â°C,24 Â°C / 22 Â°C,82 %,,6 km/h,-,997.11 hPa,0 mm,,2014,10
10/18/2014,31 Â°C / 23 Â°C,24 Â°C / 21 Â°C,76 %,,6 km/h,-,997.49 hPa,0 mm,,2014,10
10/17/2014,32 Â°C / 21 Â°C,23 Â°C / 20 Â°C,79 %,,7 km/h,-,998.44 hPa,0 mm,,2014,10
10/16/2014,31 Â°C / 22 Â°C,23 Â°C / 21 Â°C,80 %,,7 km/h,-,998.9 hPa,0 mm,,2014,10
10/15/2014,31 Â°C / 23 Â°C,23 Â°C / 21 Â°C,80 %,,11 km/h,-,999.46 hPa,0 mm,,2014,10
10/14/2014,32 Â°C / 24 Â°C,23 Â°C / 21 Â°C,77 %,,6 km/h,-,999.93 hPa,0 mm,,2014,10
10/13/2014,31 Â°C / 24 Â°C,24 Â°C / 22 Â°C,79 %,,6 km/h,-,999.43 hPa,0 mm,,2014,10
10/12/2014,30 Â°C / 24 Â°C,24 Â°C / 23 Â°C,81 %,,9 km/h,-,997.36 hPa,3 mm,,2014,10
10/11/2014,34 Â°C / 25 Â°C,23 Â°C / 22 Â°C,71 %,,15 km/h,-,995.14 hPa,0 mm,,2014,10
10/10/2014,31 Â°C / 24 Â°C,26 Â°C / 23 Â°C,85 %,,6 km/h,-,995.6 hPa,4 mm,,2014,10
10/9/2014,30 Â°C / 25 Â°C,24 Â°C / 22 Â°C,83 %,,11 km/h,-,996.96 hPa,0 mm,,2014,10
10/8/2014,32 Â°C / 24 Â°C,23 Â°C / 21 Â°C,77 %,,7 km/h,-,996.48 hPa,0 mm,,2014,10
10/7/2014,30 Â°C / 24 Â°C,23 Â°C / 19 Â°C,78 %,,6 km/h,-,996.71 hPa,0 mm,,2014,10
10/6/2014,29 Â°C / 23 Â°C,24 Â°C / 22 Â°C,86 %,,11 km/h,-,997.3 hPa,1 mm,,2014,10
10/5/2014,34 Â°C / 23 Â°C,23 Â°C / 21 Â°C,76 %,,9 km/h,-,995.24 hPa,0 mm,,2014,10
10/4/2014,33 Â°C / 24 Â°C,24 Â°C / 23 Â°C,76 %,,7 km/h,-,994.74 hPa,0 mm,,2014,10
10/3/2014,33 Â°C / 25 Â°C,24 Â°C / 23 Â°C,79 %,,9 km/h,-,994.89 hPa,0 mm,,2014,10
10/2/2014,32 Â°C / 23 Â°C,25 Â°C / 22 Â°C,82 %,,7 km/h,-,996.29 hPa,0 mm,,2014,10
10/1/2014,31 Â°C / 25 Â°C,25 Â°C / 23 Â°C,87 %,,9 km/h,-,996.59 hPa,0 mm,,2014,10
11/30/2014,32 Â°C / 21 Â°C,19 Â°C / 17 Â°C,67 %,,11 km/h,-,995.08 hPa,0 mm,,2014,11
11/29/2014,34 Â°C / 21 Â°C,23 Â°C / 19 Â°C,72 %,,6 km/h,-,995.73 hPa,0 mm,,2014,11
11/28/2014,34 Â°C / 22 Â°C,23 Â°C / 20 Â°C,74 %,,9 km/h,-,996.16 hPa,0 mm,,2014,11
11/27/2014,33 Â°C / 21 Â°C,23 Â°C / 19 Â°C,75 %,,4 km/h,-,995.91 hPa,0 mm,,2014,11
11/26/2014,33 Â°C / 19 Â°C,22 Â°C / 18 Â°C,74 %,,9 km/h,-,995.19 hPa,0 mm,,2014,11
11/25/2014,32 Â°C / 18 Â°C,20 Â°C / 17 Â°C,76 %,,9 km/h,-,996.79 hPa,0 mm,,2014,11
11/24/2014,31 Â°C / 18 Â°C,22 Â°C / 18 Â°C,78 %,,7 km/h,-,998.05 hPa,0 mm,,2014,11
11/23/2014,31 Â°C / 19 Â°C,22 Â°C / 18 Â°C,77 %,,9 km/h,-,998.26 hPa,0 mm,,2014,11
11/22/2014,31 Â°C / 19 Â°C,22 Â°C / 18 Â°C,79 %,,4 km/h,-,998.08 hPa,0 mm,,2014,11
11/21/2014,30 Â°C / 19 Â°C,21 Â°C / 18 Â°C,78 %,,4 km/h,-,998.3 hPa,0 mm,,2014,11
11/20/2014,29 Â°C / 20 Â°C,21 Â°C / 19 Â°C,78 %,,7 km/h,-,999.6 hPa,0 mm,,2014,11
11/19/2014,30 Â°C / 22 Â°C,22 Â°C / 18 Â°C,75 %,,9 km/h,-,1000.7 hPa,0 mm,,2014,11
11/18/2014,31 Â°C / 22 Â°C,22 Â°C / 20 Â°C,78 %,,6 km/h,-,1000.79 hPa,0 mm,,2014,11
11/17/2014,31 Â°C / 23 Â°C,23 Â°C / 20 Â°C,78 %,,9 km/h,-,999.51 hPa,0 mm,,2014,11
11/16/2014,32 Â°C / 22 Â°C,23 Â°C / 21 Â°C,80 %,,9 km/h,-,998.65 hPa,0 mm,,2014,11
11/15/2014,31 Â°C / 23 Â°C,23 Â°C / 21 Â°C,79 %,,9 km/h,-,999.59 hPa,0 mm,,2014,11
11/14/2014,31 Â°C / 24 Â°C,24 Â°C / 23 Â°C,82 %,,9 km/h,-,999.63 hPa,0 mm,,2014,11
11/13/2014,32 Â°C / 23 Â°C,24 Â°C / 22 Â°C,80 %,,4 km/h,-,998.95 hPa,0 mm,,2014,11
11/12/2014,33 Â°C / 23 Â°C,25 Â°C / 22 Â°C,80 %,,6 km/h,-,998.01 hPa,0 mm,,2014,11
11/11/2014,33 Â°C / 23 Â°C,24 Â°C / 22 Â°C,78 %,,4 km/h,-,997.58 hPa,0 mm,,2014,11
11/10/2014,32 Â°C / 24 Â°C,26 Â°C / 23 Â°C,84 %,,4 km/h,-,997.99 hPa,0 mm,,2014,11
11/9/2014,31 Â°C / 24 Â°C,24 Â°C / 23 Â°C,85 %,,6 km/h,-,998.8 hPa,4 mm,,2014,11
11/8/2014,31 Â°C / 24 Â°C,25 Â°C / 23 Â°C,82 %,,6 km/h,-,998.03 hPa,0 mm,,2014,11
11/7/2014,31 Â°C / 24 Â°C,25 Â°C / 23 Â°C,85 %,,6 km/h,-,997.6 hPa,0 mm,,2014,11
11/6/2014,28 Â°C / 24 Â°C,24 Â°C / 23 Â°C,91 %,,6 km/h,-,997.72 hPa,3.4 mm,,2014,11
11/5/2014,27 Â°C / 24 Â°C,24 Â°C / 23 Â°C,92 %,,6 km/h,-,998.69 hPa,2.6 mm,,2014,11
11/4/2014,30 Â°C / 22 Â°C,23 Â°C / 21 Â°C,80 %,,4 km/h,-,998.18 hPa,0 mm,,2014,11
11/3/2014,32 Â°C / 25 Â°C,24 Â°C / 22 Â°C,79 %,,9 km/h,-,997.61 hPa,0 mm,,2014,11
11/2/2014,31 Â°C / 25 Â°C,26 Â°C / 23 Â°C,86 %,,-,-,996.47 hPa,0 mm,,2014,11
11/1/2014,33 Â°C / 24 Â°C,25 Â°C / 23 Â°C,80 %,,7 km/h,-,995.65 hPa,0 mm,,2014,11
12/31/2014,29 Â°C / 17 Â°C,17 Â°C / 14 Â°C,70 %,,9 km/h,-,999.79 hPa,0 mm,,2014,12
12/30/2014,31 Â°C / 18 Â°C,18 Â°C / 15 Â°C,69 %,,9 km/h,-,998.94 hPa,0 mm,,2014,12
12/29/2014,29 Â°C / 20 Â°C,20 Â°C / 16 Â°C,69 %,,11 km/h,-,999.82 hPa,0 mm,,2014,12
12/28/2014,32 Â°C / 22 Â°C,21 Â°C / 20 Â°C,71 %,,6 km/h,-,999.43 hPa,0 mm,,2014,12
12/27/2014,33 Â°C / 20 Â°C,22 Â°C / 18 Â°C,73 %,,6 km/h,-,997.99 hPa,0 mm,,2014,12
12/26/2014,33 Â°C / 18 Â°C,21 Â°C / 16 Â°C,68 %,,13 km/h,-,997.7 hPa,0 mm,,2014,12
12/25/2014,30 Â°C / 16 Â°C,20 Â°C / 13 Â°C,67 %,,9 km/h,-,1000.16 hPa,0 mm,,2014,12
12/24/2014,29 Â°C / 14 Â°C,16 Â°C / 12 Â°C,70 %,,9 km/h,-,1001.55 hPa,0 mm,,2014,12
12/23/2014,27 Â°C / 13 Â°C,15 Â°C / 11 Â°C,67 %,,6 km/h,-,1001.35 hPa,0 mm,,2014,12
12/22/2014,26 Â°C / 18 Â°C,17 Â°C / 11 Â°C,64 %,,13 km/h,-,1001.39 hPa,0 mm,,2014,12
12/21/2014,29 Â°C / 19 Â°C,18 Â°C / 16 Â°C,69 %,,6 km/h,-,999.6 hPa,0 mm,,2014,12
12/20/2014,29 Â°C / 17 Â°C,17 Â°C / 14 Â°C,68 %,,9 km/h,-,1000.56 hPa,0 mm,,2014,12
12/19/2014,29 Â°C / 16 Â°C,17 Â°C / 13 Â°C,69 %,,6 km/h,-,1003.3 hPa,0 mm,,2014,12
12/18/2014,28 Â°C / 18 Â°C,17 Â°C / 13 Â°C,65 %,,6 km/h,-,1003.36 hPa,0 mm,,2014,12
12/17/2014,27 Â°C / 21 Â°C,19 Â°C / 13 Â°C,66 %,,9 km/h,-,1002.54 hPa,0 mm,,2014,12
12/16/2014,29 Â°C / 18 Â°C,19 Â°C / 16 Â°C,73 %,,9 km/h,-,1000.84 hPa,0 mm,,2014,12
12/15/2014,32 Â°C / 18 Â°C,20 Â°C / 17 Â°C,70 %,,6 km/h,-,1000.24 hPa,0 mm,,2014,12
12/14/2014,30 Â°C / 18 Â°C,19 Â°C / 17 Â°C,72 %,,9 km/h,-,1002.14 hPa,0 mm,,2014,12
12/13/2014,29 Â°C / 18 Â°C,19 Â°C / 15 Â°C,72 %,,9 km/h,-,1003.15 hPa,0 mm,,2014,12
12/12/2014,31 Â°C / 18 Â°C,20 Â°C / 18 Â°C,75 %,,6 km/h,-,1000.65 hPa,0 mm,,2014,12
12/11/2014,32 Â°C / 19 Â°C,21 Â°C / 18 Â°C,75 %,,7 km/h,-,999.56 hPa,0 mm,,2014,12
12/10/2014,31 Â°C / 20 Â°C,21 Â°C / 19 Â°C,75 %,,9 km/h,-,999.44 hPa,0 mm,,2014,12
12/9/2014,31 Â°C / 21 Â°C,22 Â°C / 19 Â°C,75 %,,7 km/h,-,999.94 hPa,0 mm,,2014,12
12/8/2014,32 Â°C / 23 Â°C,23 Â°C / 21 Â°C,77 %,,11 km/h,-,997.99 hPa,0 mm,,2014,12
12/7/2014,33 Â°C / 22 Â°C,24 Â°C / 22 Â°C,77 %,,6 km/h,-,997.28 hPa,0 mm,,2014,12
12/6/2014,32 Â°C / 23 Â°C,23 Â°C / 21 Â°C,79 %,,7 km/h,-,998.54 hPa,0 mm,,2014,12
12/5/2014,28 Â°C / 24 Â°C,23 Â°C / 22 Â°C,85 %,,6 km/h,-,999.6 hPa,1 mm,,2014,12
12/4/2014,32 Â°C / 22 Â°C,23 Â°C / 21 Â°C,81 %,,6 km/h,-,998.33 hPa,0 mm,,2014,12
12/3/2014,30 Â°C / 24 Â°C,23 Â°C / 19 Â°C,75 %,,6 km/h,-,996.69 hPa,0 mm,,2014,12
12/2/2014,32 Â°C / 20 Â°C,21 Â°C / 16 Â°C,64 %,,15 km/h,-,996.71 hPa,0 mm,,2014,12
12/1/2014,32 Â°C / 19 Â°C,19 Â°C / 16 Â°C,68 %,,9 km/h,-,996.29 hPa,0 mm,,2014,12
1/31/2015,31 Â°C / 21 Â°C,21 Â°C / 18 Â°C,69 %,,6 km/h,-,999.69 hPa,0 mm,,2015,1
1/30/2015,34 Â°C / 16 Â°C,18 Â°C / 13 Â°C,64 %,,6 km/h,-,998.94 hPa,0 mm,,2015,1
1/29/2015,33 Â°C / 16 Â°C,17 Â°C / 11 Â°C,62 %,,9 km/h,-,998.24 hPa,0 mm,,2015,1
1/28/2015,33 Â°C / 17 Â°C,17 Â°C / 14 Â°C,62 %,,4 km/h,-,997.4 hPa,0 mm,,2015,1
1/27/2015,33 Â°C / 17 Â°C,18 Â°C / 14 Â°C,65 %,,9 km/h,-,998.43 hPa,0 mm,,2015,1
1/26/2015,33 Â°C / 17 Â°C,18 Â°C / 14 Â°C,65 %,,6 km/h,-,999.99 hPa,0 mm,,2015,1
1/25/2015,32 Â°C / 17 Â°C,17 Â°C / 12 Â°C,64 %,,6 km/h,-,1000.21 hPa,0 mm,,2015,1
1/24/2015,32 Â°C / 17 Â°C,16 Â°C / 14 Â°C,62 %,,6 km/h,-,999.44 hPa,0 mm,,2015,1
1/23/2015,32 Â°C / 17 Â°C,18 Â°C / 14 Â°C,67 %,,6 km/h,-,999.56 hPa,0 mm,,2015,1
1/22/2015,32 Â°C / 17 Â°C,19 Â°C / 15 Â°C,71 %,,7 km/h,-,1002.56 hPa,0 mm,,2015,1
1/21/2015,31 Â°C / 16 Â°C,18 Â°C / 14 Â°C,71 %,,9 km/h,-,1003.39 hPa,0 mm,,2015,1
1/20/2015,29 Â°C / 16 Â°C,17 Â°C / 14 Â°C,71 %,,9 km/h,-,1002.14 hPa,0 mm,,2015,1
1/19/2015,28 Â°C / 15 Â°C,17 Â°C / 13 Â°C,70 %,,9 km/h,-,1002.13 hPa,0 mm,,2015,1
1/18/2015,28 Â°C / 15 Â°C,16 Â°C / 12 Â°C,69 %,,6 km/h,-,1001.95 hPa,0 mm,,2015,1
1/17/2015,26 Â°C / 17 Â°C,17 Â°C / 12 Â°C,67 %,,9 km/h,-,1001.85 hPa,0 mm,,2015,1
1/16/2015,30 Â°C / 15 Â°C,18 Â°C / 13 Â°C,69 %,,6 km/h,-,1001.34 hPa,0 mm,,2015,1
1/15/2015,29 Â°C / 15 Â°C,16 Â°C / 12 Â°C,69 %,,11 km/h,-,1002.43 hPa,0 mm,,2015,1
1/14/2015,27 Â°C / 15 Â°C,15 Â°C / 11 Â°C,67 %,,6 km/h,-,1002.75 hPa,0 mm,,2015,1
1/13/2015,26 Â°C / 17 Â°C,17 Â°C / 12 Â°C,69 %,,9 km/h,-,1002.75 hPa,0 mm,,2015,1
1/12/2015,27 Â°C / 19 Â°C,18 Â°C / 13 Â°C,76 %,,6 km/h,-,1002.06 hPa,0 mm,,2015,1
1/11/2015,21 Â°C / 18 Â°C,18 Â°C / 17 Â°C,89 %,,9 km/h,-,1001.53 hPa,1 mm,,2015,1
1/10/2015,21 Â°C / 19 Â°C,20 Â°C / 18 Â°C,94 %,,6 km/h,-,1000.4 hPa,0 mm,,2015,1
1/9/2015,24 Â°C / 21 Â°C,21 Â°C / 18 Â°C,88 %,,9 km/h,-,1000.14 hPa,0 mm,,2015,1
1/8/2015,25 Â°C / 22 Â°C,22 Â°C / 19 Â°C,81 %,,6 km/h,-,999.3 hPa,0.8 mm,,2015,1
1/7/2015,34 Â°C / 19 Â°C,20 Â°C / 18 Â°C,68 %,,7 km/h,-,996.48 hPa,0 mm,,2015,1
1/6/2015,34 Â°C / 20 Â°C,19 Â°C / 17 Â°C,62 %,,7 km/h,-,995.79 hPa,0 mm,,2015,1
1/5/2015,33 Â°C / 17 Â°C,18 Â°C / 13 Â°C,61 %,,11 km/h,-,996.08 hPa,0 mm,,2015,1
1/4/2015,32 Â°C / 14 Â°C,16 Â°C / 13 Â°C,65 %,,4 km/h,-,998.14 hPa,0 mm,,2015,1
1/3/2015,28 Â°C / 13 Â°C,14 Â°C / 11 Â°C,66 %,,7 km/h,-,1001.99 hPa,0 mm,,2015,1
1/2/2015,28 Â°C / 14 Â°C,15 Â°C / 9 Â°C,65 %,,6 km/h,-,1003.21 hPa,0 mm,,2015,1
1/1/2015,28 Â°C / 18 Â°C,17 Â°C / 13 Â°C,65 %,,9 km/h,-,1002.2 hPa,0 mm,,2015,1
2/28/2015,38 Â°C / 21 Â°C,18 Â°C / 14 Â°C,46 %,,4 km/h,-,996.15 hPa,0 mm,,2015,2
2/27/2015,36 Â°C / 21 Â°C,17 Â°C / 13 Â°C,47 %,,11 km/h,-,995.49 hPa,0 mm,,2015,2
2/26/2015,37 Â°C / 22 Â°C,18 Â°C / 13 Â°C,43 %,,9 km/h,-,994.93 hPa,0 mm,,2015,2
2/25/2015,37 Â°C / 21 Â°C,17 Â°C / 14 Â°C,48 %,,9 km/h,-,995.01 hPa,0 mm,,2015,2
2/24/2015,35 Â°C / 21 Â°C,18 Â°C / 13 Â°C,53 %,,13 km/h,-,996.2 hPa,0 mm,,2015,2
2/23/2015,34 Â°C / 22 Â°C,19 Â°C / 16 Â°C,58 %,,9 km/h,-,997.4 hPa,0 mm,,2015,2
2/22/2015,34 Â°C / 20 Â°C,20 Â°C / 16 Â°C,61 %,,15 km/h,-,997.26 hPa,0 mm,,2015,2
2/21/2015,35 Â°C / 20 Â°C,20 Â°C / 17 Â°C,64 %,,6 km/h,-,996.5 hPa,0 mm,,2015,2
2/20/2015,33 Â°C / 22 Â°C,21 Â°C / 18 Â°C,66 %,,9 km/h,-,997.69 hPa,0 mm,,2015,2
2/19/2015,35 Â°C / 19 Â°C,19 Â°C / 14 Â°C,56 %,,9 km/h,-,997.7 hPa,0 mm,,2015,2
2/18/2015,33 Â°C / 20 Â°C,19 Â°C / 15 Â°C,58 %,,6 km/h,-,997.16 hPa,0 mm,,2015,2
2/17/2015,33 Â°C / 18 Â°C,19 Â°C / 12 Â°C,54 %,,7 km/h,-,996.45 hPa,0 mm,,2015,2
2/16/2015,34 Â°C / 18 Â°C,15 Â°C / 10 Â°C,53 %,,9 km/h,-,997.58 hPa,0 mm,,2015,2
2/15/2015,33 Â°C / 16 Â°C,17 Â°C / 9 Â°C,49 %,,6 km/h,-,996.91 hPa,0 mm,,2015,2
2/14/2015,32 Â°C / 20 Â°C,16 Â°C / 6 Â°C,40 %,,15 km/h,-,996.14 hPa,0 mm,,2015,2
2/13/2015,34 Â°C / 24 Â°C,17 Â°C / 8 Â°C,46 %,,17 km/h,-,995.59 hPa,0 mm,,2015,2
2/12/2015,32 Â°C / 22 Â°C,18 Â°C / 14 Â°C,57 %,,9 km/h,-,996.94 hPa,0 mm,,2015,2
2/11/2015,32 Â°C / 19 Â°C,18 Â°C / 16 Â°C,59 %,,7 km/h,-,997.79 hPa,0 mm,,2015,2
2/10/2015,33 Â°C / 17 Â°C,18 Â°C / 14 Â°C,63 %,,6 km/h,-,1000.38 hPa,0 mm,,2015,2
2/9/2015,31 Â°C / 17 Â°C,17 Â°C / 14 Â°C,64 %,,11 km/h,-,1001.26 hPa,0 mm,,2015,2
2/8/2015,31 Â°C / 18 Â°C,17 Â°C / 14 Â°C,65 %,,9 km/h,-,1000.29 hPa,0 mm,,2015,2
2/7/2015,32 Â°C / 17 Â°C,18 Â°C / 14 Â°C,66 %,,7 km/h,-,999.95 hPa,0 mm,,2015,2
2/6/2015,31 Â°C / 17 Â°C,17 Â°C / 14 Â°C,63 %,,11 km/h,-,1000.96 hPa,0 mm,,2015,2
2/5/2015,32 Â°C / 17 Â°C,17 Â°C / 13 Â°C,63 %,,11 km/h,-,1000.65 hPa,0 mm,,2015,2
2/4/2015,33 Â°C / 18 Â°C,18 Â°C / 14 Â°C,65 %,,6 km/h,-,1001.22 hPa,0 mm,,2015,2
2/3/2015,33 Â°C / 18 Â°C,18 Â°C / 15 Â°C,66 %,,9 km/h,-,1003.16 hPa,0 mm,,2015,2
2/2/2015,31 Â°C / 17 Â°C,18 Â°C / 15 Â°C,66 %,,9 km/h,-,1002.64 hPa,0 mm,,2015,2
2/1/2015,31 Â°C / 20 Â°C,19 Â°C / 14 Â°C,65 %,,9 km/h,-,1000.75 hPa,0 mm,,2015,2
3/31/2015,38 Â°C / 26 Â°C,21 Â°C / 14 Â°C,46 %,,19 km/h,-,995.39 hPa,0 mm,,2015,3
3/30/2015,37 Â°C / 24 Â°C,21 Â°C / 18 Â°C,58 %,,9 km/h,-,995.8 hPa,0 mm,,2015,3
3/29/2015,37 Â°C / 23 Â°C,21 Â°C / 18 Â°C,60 %,,7 km/h,-,996.69 hPa,0 mm,,2015,3
3/28/2015,34 Â°C / 24 Â°C,21 Â°C / 19 Â°C,60 %,,6 km/h,-,998.36 hPa,0 mm,,2015,3
3/27/2015,34 Â°C / 22 Â°C,21 Â°C / 18 Â°C,64 %,,6 km/h,-,1001.38 hPa,0 mm,,2015,3
3/26/2015,28 Â°C / 24 Â°C,22 Â°C / 18 Â°C,71 %,,15 km/h,-,1002.45 hPa,0 mm,,2015,3
3/25/2015,28 Â°C / 22 Â°C,22 Â°C / 20 Â°C,78 %,,15 km/h,-,1001.38 hPa,1 mm,,2015,3
3/24/2015,32 Â°C / 23 Â°C,22 Â°C / 21 Â°C,74 %,,9 km/h,-,999 hPa,0 mm,,2015,3
3/23/2015,34 Â°C / 26 Â°C,24 Â°C / 20 Â°C,67 %,,13 km/h,-,995.94 hPa,0 mm,,2015,3
3/22/2015,36 Â°C / 19 Â°C,23 Â°C / 16 Â°C,67 %,,9 km/h,-,996.8 hPa,0 mm,,2015,3
3/21/2015,39 Â°C / 23 Â°C,24 Â°C / 21 Â°C,61 %,,9 km/h,-,995.34 hPa,0 mm,,2015,3
3/20/2015,40 Â°C / 25 Â°C,22 Â°C / 17 Â°C,53 %,,7 km/h,-,994.31 hPa,0 mm,,2015,3
3/19/2015,40 Â°C / 25 Â°C,21 Â°C / 17 Â°C,47 %,,6 km/h,-,994.2 hPa,0 mm,,2015,3
3/17/2015,37 Â°C / 24 Â°C,19 Â°C / 16 Â°C,48 %,,6 km/h,-,996.16 hPa,0 mm,,2015,3
3/16/2015,38 Â°C / 24 Â°C,18 Â°C / 14 Â°C,41 %,,6 km/h,-,996.94 hPa,0 mm,,2015,3
3/15/2015,39 Â°C / 23 Â°C,16 Â°C / 3 Â°C,30 %,,15 km/h,-,997.7 hPa,0 mm,,2015,3
3/14/2015,37 Â°C / 28 Â°C,16 Â°C / 8 Â°C,29 %,,20 km/h,-,998.1 hPa,0 mm,,2015,3
3/13/2015,38 Â°C / 26 Â°C,17 Â°C / 11 Â°C,35 %,,15 km/h,-,996.59 hPa,0 mm,,2015,3
3/12/2015,38 Â°C / 26 Â°C,20 Â°C / 16 Â°C,46 %,,9 km/h,-,997.22 hPa,0 mm,,2015,3
3/11/2015,38 Â°C / 28 Â°C,20 Â°C / 16 Â°C,43 %,,9 km/h,-,997.6 hPa,0 mm,,2015,3
3/10/2015,37 Â°C / 24 Â°C,22 Â°C / 15 Â°C,46 %,,9 km/h,-,997.04 hPa,0 mm,,2015,3
3/9/2015,39 Â°C / 24 Â°C,20 Â°C / 14 Â°C,43 %,,9 km/h,-,997.49 hPa,0 mm,,2015,3
3/8/2015,39 Â°C / 23 Â°C,18 Â°C / 12 Â°C,44 %,,6 km/h,-,996.44 hPa,0 mm,,2015,3
3/7/2015,37 Â°C / 23 Â°C,21 Â°C / 12 Â°C,47 %,,11 km/h,-,995.21 hPa,0 mm,,2015,3
3/6/2015,39 Â°C / 25 Â°C,19 Â°C / 9 Â°C,44 %,,15 km/h,-,995.1 hPa,0 mm,,2015,3
3/5/2015,39 Â°C / 27 Â°C,20 Â°C / 8 Â°C,40 %,,13 km/h,-,995.28 hPa,0 mm,,2015,3
3/4/2015,38 Â°C / 28 Â°C,21 Â°C / 14 Â°C,44 %,,15 km/h,-,994.01 hPa,0 mm,,2015,3
3/3/2015,38 Â°C / 24 Â°C,20 Â°C / 14 Â°C,42 %,,11 km/h,-,994.04 hPa,0 mm,,2015,3
3/2/2015,37 Â°C / 23 Â°C,23 Â°C / 17 Â°C,59 %,,4 km/h,-,995.96 hPa,0 mm,,2015,3
3/1/2015,37 Â°C / 22 Â°C,22 Â°C / 16 Â°C,54 %,,6 km/h,-,996.83 hPa,0 mm,,2015,3
4/30/2015,38 Â°C / 29 Â°C,21 Â°C / 18 Â°C,48 %,,15 km/h,-,994.85 hPa,0 mm,,2015,4
4/29/2015,37 Â°C / 26 Â°C,22 Â°C / 19 Â°C,57 %,,11 km/h,-,995.01 hPa,0 mm,,2015,4
4/28/2015,36 Â°C / 24 Â°C,26 Â°C / 21 Â°C,69 %,,11 km/h,-,995.5 hPa,0 mm,,2015,4
4/27/2015,35 Â°C / 25 Â°C,24 Â°C / 21 Â°C,69 %,,9 km/h,-,996.86 hPa,0 mm,,2015,4
4/26/2015,31 Â°C / 26 Â°C,24 Â°C / 21 Â°C,78 %,,6 km/h,-,997.81 hPa,0 mm,,2015,4
4/25/2015,34 Â°C / 24 Â°C,22 Â°C / 20 Â°C,65 %,,9 km/h,-,997.79 hPa,0 mm,,2015,4
4/24/2015,34 Â°C / 26 Â°C,22 Â°C / 20 Â°C,63 %,,6 km/h,-,997.65 hPa,0 mm,,2015,4
4/23/2015,34 Â°C / 24 Â°C,22 Â°C / 20 Â°C,67 %,,9 km/h,-,998.06 hPa,0 mm,,2015,4
4/22/2015,38 Â°C / 27 Â°C,22 Â°C / 16 Â°C,51 %,,19 km/h,-,993.95 hPa,0 mm,,2015,4
4/21/2015,38 Â°C / 29 Â°C,22 Â°C / 17 Â°C,47 %,,20 km/h,-,992.94 hPa,0 mm,,2015,4
4/20/2015,38 Â°C / 28 Â°C,22 Â°C / 17 Â°C,46 %,,19 km/h,-,993.66 hPa,0 mm,,2015,4
4/19/2015,38 Â°C / 28 Â°C,21 Â°C / 16 Â°C,43 %,,15 km/h,-,993.79 hPa,0 mm,,2015,4
4/18/2015,38 Â°C / 29 Â°C,21 Â°C / 16 Â°C,44 %,,19 km/h,-,993.34 hPa,0 mm,,2015,4
4/17/2015,38 Â°C / 28 Â°C,21 Â°C / 16 Â°C,46 %,,15 km/h,-,993.99 hPa,0 mm,,2015,4
4/16/2015,38 Â°C / 23 Â°C,22 Â°C / 18 Â°C,56 %,,6 km/h,-,996.53 hPa,0 mm,,2015,4
4/15/2015,36 Â°C / 19 Â°C,19 Â°C / 14 Â°C,59 %,,4 km/h,-,997.44 hPa,0 mm,,2015,4
4/14/2015,34 Â°C / 24 Â°C,23 Â°C / 14 Â°C,62 %,,11 km/h,-,998.44 hPa,0 mm,,2015,4
4/13/2015,31 Â°C / 24 Â°C,23 Â°C / 21 Â°C,77 %,,6 km/h,-,1000.94 hPa,0 mm,,2015,4
4/12/2015,34 Â°C / 23 Â°C,23 Â°C / 20 Â°C,71 %,,15 km/h,-,999.85 hPa,0.5 mm,,2015,4
4/11/2015,37 Â°C / 28 Â°C,23 Â°C / 18 Â°C,53 %,,13 km/h,-,996.2 hPa,0 mm,,2015,4
4/10/2015,36 Â°C / 26 Â°C,22 Â°C / 21 Â°C,60 %,,13 km/h,-,995.63 hPa,0 mm,,2015,4
4/9/2015,37 Â°C / 26 Â°C,22 Â°C / 21 Â°C,65 %,,9 km/h,-,996.05 hPa,0 mm,,2015,4
4/8/2015,35 Â°C / 28 Â°C,24 Â°C / 19 Â°C,57 %,,9 km/h,-,995.28 hPa,0 mm,,2015,4
4/7/2015,41 Â°C / 27 Â°C,20 Â°C / 6 Â°C,42 %,,11 km/h,-,992.96 hPa,0 mm,,2015,4
4/6/2015,39 Â°C / 28 Â°C,21 Â°C / 18 Â°C,46 %,,15 km/h,-,992.96 hPa,0 mm,,2015,4
4/5/2015,40 Â°C / 28 Â°C,22 Â°C / 17 Â°C,46 %,,17 km/h,-,992.03 hPa,0 mm,,2015,4
4/4/2015,39 Â°C / 27 Â°C,22 Â°C / 16 Â°C,46 %,,15 km/h,-,990.64 hPa,0 mm,,2015,4
4/3/2015,38 Â°C / 27 Â°C,20 Â°C / 14 Â°C,44 %,,19 km/h,-,991.21 hPa,0 mm,,2015,4
4/2/2015,37 Â°C / 28 Â°C,18 Â°C / 13 Â°C,38 %,,19 km/h,-,992.9 hPa,0 mm,,2015,4
4/1/2015,37 Â°C / 28 Â°C,18 Â°C / 12 Â°C,37 %,,19 km/h,-,994.99 hPa,0 mm,,2015,4
5/31/2015,36 Â°C / 28 Â°C,22 Â°C / 22 Â°C,57 %,,19 km/h,-,992.94 hPa,0 mm,,2015,5
5/30/2015,38 Â°C / 29 Â°C,24 Â°C / 22 Â°C,60 %,,17 km/h,-,992.95 hPa,0.6 mm,,2015,5
5/29/2015,38 Â°C / 28 Â°C,22 Â°C / 21 Â°C,56 %,,13 km/h,-,991.93 hPa,0 mm,,2015,5
5/28/2015,37 Â°C / 29 Â°C,22 Â°C / 21 Â°C,56 %,,19 km/h,-,992.02 hPa,0 mm,,2015,5
5/27/2015,37 Â°C / 29 Â°C,23 Â°C / 21 Â°C,55 %,,20 km/h,-,992.76 hPa,0 mm,,2015,5
5/26/2015,37 Â°C / 29 Â°C,22 Â°C / 21 Â°C,54 %,,22 km/h,-,992.75 hPa,0 mm,,2015,5
5/25/2015,37 Â°C / 28 Â°C,23 Â°C / 22 Â°C,60 %,,15 km/h,-,991.63 hPa,0 mm,,2015,5
5/24/2015,35 Â°C / 27 Â°C,23 Â°C / 22 Â°C,63 %,,15 km/h,-,992.11 hPa,0 mm,,2015,5
5/23/2015,32 Â°C / 26 Â°C,24 Â°C / 22 Â°C,71 %,,20 km/h,-,992.61 hPa,0 mm,,2015,5
5/22/2015,34 Â°C / 27 Â°C,24 Â°C / 22 Â°C,70 %,,28 km/h,-,992.4 hPa,0 mm,,2015,5
5/21/2015,34 Â°C / 26 Â°C,24 Â°C / 22 Â°C,75 %,,11 km/h,-,992.68 hPa,0.6 mm,,2015,5
5/20/2015,33 Â°C / 26 Â°C,24 Â°C / 22 Â°C,73 %,,17 km/h,-,993.15 hPa,0 mm,,2015,5
5/19/2015,36 Â°C / 26 Â°C,26 Â°C / 22 Â°C,70 %,,15 km/h,-,993.34 hPa,4 mm,,2015,5
5/18/2015,35 Â°C / 28 Â°C,25 Â°C / 21 Â°C,60 %,,22 km/h,-,993.2 hPa,0 mm,,2015,5
5/17/2015,36 Â°C / 28 Â°C,22 Â°C / 21 Â°C,56 %,,19 km/h,-,992.54 hPa,0 mm,,2015,5
5/16/2015,38 Â°C / 29 Â°C,24 Â°C / 22 Â°C,60 %,,13 km/h,-,993.52 hPa,0 mm,,2015,5
5/15/2015,38 Â°C / 28 Â°C,24 Â°C / 22 Â°C,58 %,,11 km/h,-,995.11 hPa,0 mm,,2015,5
5/14/2015,39 Â°C / 27 Â°C,24 Â°C / 21 Â°C,61 %,,13 km/h,-,994.51 hPa,0 mm,,2015,5
5/13/2015,39 Â°C / 30 Â°C,22 Â°C / 21 Â°C,53 %,,15 km/h,-,993.25 hPa,0 mm,,2015,5
5/12/2015,39 Â°C / 30 Â°C,23 Â°C / 21 Â°C,52 %,,15 km/h,-,992.88 hPa,0 mm,,2015,5
5/11/2015,41 Â°C / 28 Â°C,22 Â°C / 18 Â°C,48 %,,13 km/h,-,992.69 hPa,0 mm,,2015,5
5/10/2015,40 Â°C / 27 Â°C,23 Â°C / 20 Â°C,56 %,,11 km/h,-,992.26 hPa,0 mm,,2015,5
5/9/2015,39 Â°C / 30 Â°C,22 Â°C / 19 Â°C,45 %,,15 km/h,-,990.82 hPa,0 mm,,2015,5
5/8/2015,39 Â°C / 30 Â°C,23 Â°C / 18 Â°C,48 %,,17 km/h,-,991.5 hPa,0 mm,,2015,5
5/7/2015,39 Â°C / 29 Â°C,23 Â°C / 19 Â°C,46 %,,15 km/h,-,992.38 hPa,0 mm,,2015,5
5/6/2015,38 Â°C / 28 Â°C,23 Â°C / 19 Â°C,50 %,,15 km/h,-,992.15 hPa,0 mm,,2015,5
5/5/2015,38 Â°C / 30 Â°C,22 Â°C / 19 Â°C,46 %,,17 km/h,-,992.2 hPa,0 mm,,2015,5
5/4/2015,40 Â°C / 30 Â°C,22 Â°C / 19 Â°C,45 %,,15 km/h,-,993.46 hPa,0 mm,,2015,5
5/3/2015,38 Â°C / 29 Â°C,22 Â°C / 18 Â°C,46 %,,15 km/h,-,993.37 hPa,0 mm,,2015,5
5/2/2015,39 Â°C / 29 Â°C,21 Â°C / 16 Â°C,43 %,,19 km/h,-,993.04 hPa,0 mm,,2015,5
5/1/2015,38 Â°C / 28 Â°C,21 Â°C / 16 Â°C,47 %,,19 km/h,-,993.66 hPa,0 mm,,2015,5
6/30/2015,32 Â°C / 26 Â°C,22 Â°C / 21 Â°C,65 %,,24 km/h,-,995.69 hPa,0 mm,,2015,6
6/29/2015,33 Â°C / 27 Â°C,22 Â°C / 21 Â°C,63 %,,19 km/h,-,996.73 hPa,0 mm,,2015,6
6/28/2015,33 Â°C / 24 Â°C,24 Â°C / 22 Â°C,78 %,,9 km/h,-,996.58 hPa,0 mm,,2015,6
6/27/2015,32 Â°C / 25 Â°C,25 Â°C / 22 Â°C,82 %,,19 km/h,-,993.78 hPa,0 mm,,2015,6
6/26/2015,30 Â°C / 24 Â°C,24 Â°C / 22 Â°C,81 %,,22 km/h,-,991.44 hPa,0 mm,,2015,6
6/25/2015,28 Â°C / 26 Â°C,23 Â°C / 21 Â°C,75 %,,17 km/h,-,991.3 hPa,3.2 mm,,2015,6
6/24/2015,30 Â°C / 27 Â°C,23 Â°C / 22 Â°C,68 %,,22 km/h,-,991.15 hPa,0 mm,,2015,6
6/23/2015,32 Â°C / 28 Â°C,23 Â°C / 22 Â°C,66 %,,19 km/h,-,991.16 hPa,0 mm,,2015,6
6/22/2015,30 Â°C / 28 Â°C,22 Â°C / 21 Â°C,66 %,,24 km/h,-,992 hPa,0 mm,,2015,6
6/21/2015,34 Â°C / 28 Â°C,23 Â°C / 21 Â°C,63 %,,19 km/h,-,992.48 hPa,0 mm,,2015,6
6/20/2015,35 Â°C / 28 Â°C,22 Â°C / 21 Â°C,60 %,,22 km/h,-,992.3 hPa,0 mm,,2015,6
6/19/2015,36 Â°C / 28 Â°C,27 Â°C / 21 Â°C,64 %,,24 km/h,-,991.56 hPa,0 mm,,2015,6
6/18/2015,32 Â°C / 27 Â°C,24 Â°C / 22 Â°C,70 %,,11 km/h,-,990.78 hPa,0.2 mm,,2015,6
6/17/2015,35 Â°C / 26 Â°C,24 Â°C / 22 Â°C,70 %,,15 km/h,-,990.53 hPa,0 mm,,2015,6
6/16/2015,34 Â°C / 26 Â°C,25 Â°C / 24 Â°C,76 %,,9 km/h,-,991.81 hPa,0 mm,,2015,6
6/15/2015,36 Â°C / 26 Â°C,26 Â°C / 22 Â°C,71 %,,22 km/h,-,991.9 hPa,17 mm,,2015,6
6/14/2015,37 Â°C / 29 Â°C,24 Â°C / 22 Â°C,59 %,,17 km/h,-,991.62 hPa,0 mm,,2015,6
6/13/2015,38 Â°C / 29 Â°C,23 Â°C / 22 Â°C,56 %,,17 km/h,-,992.55 hPa,0 mm,,2015,6
6/12/2015,38 Â°C / 28 Â°C,23 Â°C / 22 Â°C,56 %,,15 km/h,-,992.55 hPa,0 mm,,2015,6
6/11/2015,38 Â°C / 28 Â°C,26 Â°C / 21 Â°C,58 %,,17 km/h,-,992.69 hPa,2 mm,,2015,6
6/10/2015,35 Â°C / 26 Â°C,22 Â°C / 21 Â°C,60 %,,22 km/h,-,992.75 hPa,0 mm,,2015,6
6/9/2015,37 Â°C / 27 Â°C,22 Â°C / 21 Â°C,58 %,,28 km/h,-,992.92 hPa,0 mm,,2015,6
6/8/2015,36 Â°C / 29 Â°C,22 Â°C / 20 Â°C,55 %,,20 km/h,-,992.73 hPa,0 mm,,2015,6
6/7/2015,37 Â°C / 29 Â°C,23 Â°C / 22 Â°C,56 %,,22 km/h,-,992.26 hPa,0 mm,,2015,6
6/6/2015,38 Â°C / 29 Â°C,23 Â°C / 21 Â°C,54 %,,19 km/h,-,992.16 hPa,0 mm,,2015,6
6/5/2015,38 Â°C / 29 Â°C,23 Â°C / 21 Â°C,56 %,,19 km/h,-,992.8 hPa,0 mm,,2015,6
6/4/2015,37 Â°C / 27 Â°C,23 Â°C / 22 Â°C,64 %,,13 km/h,-,993.54 hPa,0 mm,,2015,6
6/3/2015,37 Â°C / 27 Â°C,24 Â°C / 21 Â°C,64 %,,15 km/h,-,993.49 hPa,0 mm,,2015,6
6/2/2015,38 Â°C / 29 Â°C,22 Â°C / 21 Â°C,56 %,,22 km/h,-,992.4 hPa,0 mm,,2015,6
6/1/2015,37 Â°C / 29 Â°C,22 Â°C / 21 Â°C,57 %,,26 km/h,-,992.2 hPa,0 mm,,2015,6
7/31/2015,32 Â°C / 25 Â°C,24 Â°C / 23 Â°C,83 %,,9 km/h,-,995.08 hPa,0 mm,,2015,7
7/30/2015,32 Â°C / 24 Â°C,24 Â°C / 21 Â°C,78 %,,15 km/h,-,994.99 hPa,0 mm,,2015,7
7/29/2015,30 Â°C / 24 Â°C,24 Â°C / 22 Â°C,86 %,,6 km/h,-,995.01 hPa,10 mm,,2015,7
7/28/2015,30 Â°C / 24 Â°C,25 Â°C / 20 Â°C,81 %,,9 km/h,-,995.15 hPa,1 mm,,2015,7
7/27/2015,29 Â°C / 23 Â°C,24 Â°C / 22 Â°C,83 %,,7 km/h,-,995.46 hPa,0 mm,,2015,7
7/26/2015,28 Â°C / 24 Â°C,24 Â°C / 21 Â°C,86 %,,-,-,994.65 hPa,1.8 mm,,2015,7
7/25/2015,30 Â°C / 24 Â°C,24 Â°C / 21 Â°C,76 %,,17 km/h,-,994.46 hPa,0.8 mm,,2015,7
7/24/2015,29 Â°C / 25 Â°C,23 Â°C / 21 Â°C,74 %,,11 km/h,-,996.34 hPa,0 mm,,2015,7
7/23/2015,31 Â°C / 26 Â°C,22 Â°C / 21 Â°C,72 %,,17 km/h,-,996.96 hPa,0 mm,,2015,7
7/22/2015,30 Â°C / 25 Â°C,24 Â°C / 21 Â°C,79 %,,20 km/h,-,996.43 hPa,0.4 mm,,2015,7
7/21/2015,32 Â°C / 25 Â°C,24 Â°C / 24 Â°C,85 %,,9 km/h,-,993.49 hPa,0.8 mm,,2015,7
7/20/2015,32 Â°C / 27 Â°C,24 Â°C / 22 Â°C,70 %,,9 km/h,-,990.81 hPa,0 mm,,2015,7
7/19/2015,31 Â°C / 26 Â°C,23 Â°C / 22 Â°C,72 %,,13 km/h,-,990.86 hPa,0 mm,,2015,7
7/18/2015,33 Â°C / 26 Â°C,25 Â°C / 22 Â°C,78 %,,9 km/h,-,991.25 hPa,0.4 mm,,2015,7
7/17/2015,32 Â°C / 25 Â°C,25 Â°C / 23 Â°C,83 %,,4 km/h,-,990.76 hPa,2.4 mm,,2015,7
7/16/2015,31 Â°C / 27 Â°C,24 Â°C / 22 Â°C,72 %,,22 km/h,-,989.33 hPa,0 mm,,2015,7
7/15/2015,33 Â°C / 28 Â°C,24 Â°C / 22 Â°C,69 %,,15 km/h,-,988.8 hPa,6 mm,,2015,7
7/14/2015,34 Â°C / 28 Â°C,23 Â°C / 22 Â°C,64 %,,24 km/h,-,988.28 hPa,0 mm,,2015,7
7/13/2015,35 Â°C / 29 Â°C,23 Â°C / 22 Â°C,59 %,,19 km/h,-,987.96 hPa,0 mm,,2015,7
7/12/2015,35 Â°C / 28 Â°C,23 Â°C / 21 Â°C,58 %,,22 km/h,-,988.6 hPa,0 mm,,2015,7
7/11/2015,35 Â°C / 28 Â°C,22 Â°C / 21 Â°C,58 %,,19 km/h,-,990.2 hPa,0 mm,,2015,7
7/10/2015,33 Â°C / 28 Â°C,22 Â°C / 20 Â°C,60 %,,19 km/h,-,990.7 hPa,0 mm,,2015,7
7/9/2015,29 Â°C / 26 Â°C,23 Â°C / 21 Â°C,71 %,,11 km/h,-,991.63 hPa,0.7 mm,,2015,7
7/8/2015,32 Â°C / 28 Â°C,23 Â°C / 22 Â°C,64 %,,15 km/h,-,990.74 hPa,0 mm,,2015,7
7/7/2015,35 Â°C / 27 Â°C,23 Â°C / 22 Â°C,64 %,,19 km/h,-,989.6 hPa,0 mm,,2015,7
7/6/2015,32 Â°C / 28 Â°C,23 Â°C / 22 Â°C,68 %,,13 km/h,-,989.8 hPa,0 mm,,2015,7
7/5/2015,33 Â°C / 28 Â°C,23 Â°C / 22 Â°C,65 %,,17 km/h,-,989.56 hPa,0 mm,,2015,7
7/4/2015,34 Â°C / 27 Â°C,23 Â°C / 22 Â°C,65 %,,24 km/h,-,991.3 hPa,0 mm,,2015,7
7/3/2015,33 Â°C / 28 Â°C,23 Â°C / 22 Â°C,64 %,,24 km/h,-,992.1 hPa,0 mm,,2015,7
7/2/2015,34 Â°C / 28 Â°C,23 Â°C / 22 Â°C,63 %,,17 km/h,-,993.34 hPa,0 mm,,2015,7
7/1/2015,34 Â°C / 27 Â°C,24 Â°C / 21 Â°C,62 %,,19 km/h,-,994.56 hPa,0 mm,,2015,7
8/31/2015,32 Â°C / 28 Â°C,22 Â°C / 21 Â°C,65 %,,19 km/h,-,994.38 hPa,0 mm,,2015,8
8/30/2015,32 Â°C / 28 Â°C,22 Â°C / 21 Â°C,64 %,,20 km/h,-,994.28 hPa,0 mm,,2015,8
8/29/2015,33 Â°C / 27 Â°C,22 Â°C / 21 Â°C,64 %,,19 km/h,-,993.6 hPa,0 mm,,2015,8
8/28/2015,32 Â°C / 27 Â°C,22 Â°C / 21 Â°C,65 %,,19 km/h,-,994.23 hPa,0 mm,,2015,8
8/27/2015,31 Â°C / 24 Â°C,23 Â°C / 21 Â°C,74 %,,20 km/h,-,994.92 hPa,0 mm,,2015,8
8/26/2015,33 Â°C / 25 Â°C,23 Â°C / 15 Â°C,67 %,,19 km/h,-,993.05 hPa,0.4 mm,,2015,8
8/25/2015,31 Â°C / 26 Â°C,23 Â°C / 22 Â°C,73 %,,11 km/h,-,991.61 hPa,12 mm,,2015,8
8/24/2015,32 Â°C / 26 Â°C,23 Â°C / 22 Â°C,67 %,,19 km/h,-,992.06 hPa,0 mm,,2015,8
8/23/2015,32 Â°C / 27 Â°C,22 Â°C / 21 Â°C,67 %,,15 km/h,-,992.34 hPa,0 mm,,2015,8
8/22/2015,30 Â°C / 25 Â°C,25 Â°C / 22 Â°C,77 %,,15 km/h,-,991.76 hPa,2 mm,,2015,8
8/21/2015,36 Â°C / 26 Â°C,24 Â°C / 23 Â°C,74 %,,11 km/h,-,992.04 hPa,0 mm,,2015,8
8/20/2015,36 Â°C / 27 Â°C,23 Â°C / 22 Â°C,61 %,,15 km/h,-,992.66 hPa,0 mm,,2015,8
8/19/2015,33 Â°C / 27 Â°C,23 Â°C / 20 Â°C,62 %,,30 km/h,-,994.38 hPa,0 mm,,2015,8
8/18/2015,32 Â°C / 26 Â°C,22 Â°C / 20 Â°C,63 %,,19 km/h,-,995.39 hPa,0 mm,,2015,8
8/17/2015,33 Â°C / 26 Â°C,23 Â°C / 22 Â°C,68 %,,19 km/h,-,995.8 hPa,0.8 mm,,2015,8
8/16/2015,35 Â°C / 27 Â°C,22 Â°C / 22 Â°C,62 %,,19 km/h,-,995.44 hPa,0 mm,,2015,8
8/15/2015,34 Â°C / 24 Â°C,23 Â°C / 21 Â°C,73 %,,19 km/h,-,995.14 hPa,0 mm,,2015,8
8/14/2015,33 Â°C / 27 Â°C,24 Â°C / 22 Â°C,70 %,,15 km/h,-,993.66 hPa,0.6 mm,,2015,8
8/13/2015,33 Â°C / 26 Â°C,24 Â°C / 22 Â°C,71 %,,9 km/h,-,993.9 hPa,0 mm,,2015,8
8/12/2015,34 Â°C / 25 Â°C,25 Â°C / 21 Â°C,78 %,,11 km/h,-,993.45 hPa,10 mm,,2015,8
8/11/2015,37 Â°C / 28 Â°C,22 Â°C / 21 Â°C,57 %,,19 km/h,-,992.3 hPa,0 mm,,2015,8
8/10/2015,34 Â°C / 28 Â°C,23 Â°C / 22 Â°C,63 %,,19 km/h,-,990.42 hPa,0 mm,,2015,8
8/9/2015,33 Â°C / 26 Â°C,25 Â°C / 22 Â°C,68 %,,11 km/h,-,988.76 hPa,0 mm,,2015,8
8/8/2015,34 Â°C / 26 Â°C,23 Â°C / 21 Â°C,66 %,,15 km/h,-,990.1 hPa,0 mm,,2015,8
8/7/2015,32 Â°C / 26 Â°C,24 Â°C / 22 Â°C,75 %,,11 km/h,-,990.22 hPa,0 mm,,2015,8
8/6/2015,34 Â°C / 24 Â°C,24 Â°C / 21 Â°C,70 %,,11 km/h,-,989.41 hPa,0 mm,,2015,8
8/5/2015,33 Â°C / 25 Â°C,22 Â°C / 20 Â°C,65 %,,20 km/h,-,990.74 hPa,0 mm,,2015,8
8/4/2015,31 Â°C / 25 Â°C,24 Â°C / 21 Â°C,73 %,,15 km/h,-,992.76 hPa,0 mm,,2015,8
8/3/2015,29 Â°C / 25 Â°C,24 Â°C / 21 Â°C,75 %,,15 km/h,-,993.74 hPa,0 mm,,2015,8
8/2/2015,30 Â°C / 25 Â°C,23 Â°C / 21 Â°C,72 %,,19 km/h,-,994.16 hPa,0 mm,,2015,8
8/1/2015,32 Â°C / 24 Â°C,24 Â°C / 21 Â°C,80 %,,15 km/h,-,994.91 hPa,0 mm,,2015,8
9/30/2015,36 Â°C / 26 Â°C,26 Â°C / 24 Â°C,75 %,,7 km/h,-,995.71 hPa,0 mm,,2015,9
9/29/2015,35 Â°C / 26 Â°C,26 Â°C / 23 Â°C,73 %,,9 km/h,-,994.05 hPa,0 mm,,2015,9
9/28/2015,35 Â°C / 26 Â°C,25 Â°C / 22 Â°C,71 %,,6 km/h,-,993.22 hPa,0 mm,,2015,9
9/27/2015,36 Â°C / 26 Â°C,24 Â°C / 22 Â°C,65 %,,9 km/h,-,992.63 hPa,0 mm,,2015,9
9/26/2015,35 Â°C / 27 Â°C,23 Â°C / 20 Â°C,60 %,,15 km/h,-,991.99 hPa,0 mm,,2015,9
9/25/2015,33 Â°C / 27 Â°C,23 Â°C / 21 Â°C,65 %,,15 km/h,-,991.89 hPa,0 mm,,2015,9
9/24/2015,33 Â°C / 27 Â°C,23 Â°C / 22 Â°C,68 %,,19 km/h,-,992.84 hPa,0 mm,,2015,9
9/23/2015,32 Â°C / 28 Â°C,24 Â°C / 22 Â°C,67 %,,19 km/h,-,993.33 hPa,0 mm,,2015,9
9/22/2015,34 Â°C / 28 Â°C,24 Â°C / 22 Â°C,64 %,,19 km/h,-,993.21 hPa,0 mm,,2015,9
9/21/2015,34 Â°C / 27 Â°C,23 Â°C / 22 Â°C,64 %,,19 km/h,-,994.18 hPa,0 mm,,2015,9
9/20/2015,34 Â°C / 24 Â°C,24 Â°C / 22 Â°C,72 %,,11 km/h,-,996.33 hPa,0 mm,,2015,9
9/19/2015,32 Â°C / 25 Â°C,25 Â°C / 23 Â°C,83 %,,9 km/h,-,998.13 hPa,0 mm,,2015,9
9/18/2015,29 Â°C / 24 Â°C,26 Â°C / 23 Â°C,92 %,,7 km/h,-,994.6 hPa,3 mm,,2015,9
9/17/2015,31 Â°C / 26 Â°C,26 Â°C / 24 Â°C,88 %,,-,-,990.85 hPa,2 mm,,2015,9
9/16/2015,32 Â°C / 25 Â°C,26 Â°C / 24 Â°C,86 %,,15 km/h,-,990.94 hPa,0 mm,,2015,9
9/15/2015,33 Â°C / 26 Â°C,25 Â°C / 22 Â°C,75 %,,15 km/h,-,992.6 hPa,0 mm,,2015,9
9/14/2015,34 Â°C / 26 Â°C,24 Â°C / 22 Â°C,71 %,,11 km/h,-,994.75 hPa,0 mm,,2015,9
9/13/2015,33 Â°C / 25 Â°C,25 Â°C / 24 Â°C,87 %,,6 km/h,-,995.75 hPa,0 mm,,2015,9
9/12/2015,32 Â°C / 26 Â°C,25 Â°C / 24 Â°C,89 %,,9 km/h,-,994.94 hPa,0 mm,,2015,9
9/11/2015,32 Â°C / 24 Â°C,25 Â°C / 23 Â°C,83 %,,7 km/h,-,995.25 hPa,0 mm,,2015,9
9/10/2015,30 Â°C / 24 Â°C,25 Â°C / 24 Â°C,85 %,,9 km/h,-,995.49 hPa,2 mm,,2015,9
9/9/2015,35 Â°C / 27 Â°C,24 Â°C / 21 Â°C,64 %,,15 km/h,-,993.28 hPa,0 mm,,2015,9
9/8/2015,32 Â°C / 26 Â°C,22 Â°C / 21 Â°C,67 %,,22 km/h,-,994.38 hPa,0 mm,,2015,9
9/7/2015,31 Â°C / 25 Â°C,23 Â°C / 22 Â°C,72 %,,15 km/h,-,995.7 hPa,0 mm,,2015,9
9/6/2015,33 Â°C / 25 Â°C,24 Â°C / 22 Â°C,76 %,,11 km/h,-,996.4 hPa,0 mm,,2015,9
9/5/2015,31 Â°C / 27 Â°C,24 Â°C / 22 Â°C,73 %,,13 km/h,-,996.43 hPa,0 mm,,2015,9
9/4/2015,33 Â°C / 26 Â°C,25 Â°C / 22 Â°C,78 %,,15 km/h,-,996.39 hPa,3 mm,,2015,9
9/3/2015,33 Â°C / 27 Â°C,22 Â°C / 21 Â°C,64 %,,15 km/h,-,995.12 hPa,0.4 mm,,2015,9
9/2/2015,31 Â°C / 27 Â°C,22 Â°C / 21 Â°C,63 %,,22 km/h,-,993.79 hPa,0 mm,,2015,9
9/1/2015,34 Â°C / 27 Â°C,22 Â°C / 21 Â°C,62 %,,22 km/h,-,993.15 hPa,0 mm,,2015,9
10/31/2015,32 Â°C / 24 Â°C,25 Â°C / 23 Â°C,82 %,,-,-,999.5 hPa,0 mm,,2015,10
10/30/2015,32 Â°C / 24 Â°C,25 Â°C / 23 Â°C,81 %,,7 km/h,-,998.94 hPa,0 mm,,2015,10
10/29/2015,34 Â°C / 24 Â°C,25 Â°C / 23 Â°C,77 %,,-,-,999.18 hPa,0 mm,,2015,10
10/28/2015,33 Â°C / 25 Â°C,25 Â°C / 23 Â°C,78 %,,6 km/h,-,999.01 hPa,0 mm,,2015,10
10/27/2015,32 Â°C / 22 Â°C,24 Â°C / 21 Â°C,77 %,,6 km/h,-,998.57 hPa,0 mm,,2015,10
10/26/2015,32 Â°C / 23 Â°C,23 Â°C / 21 Â°C,79 %,,-,-,998.93 hPa,0 mm,,2015,10
10/25/2015,32 Â°C / 23 Â°C,24 Â°C / 22 Â°C,82 %,,-,-,998.89 hPa,0 mm,,2015,10
10/24/2015,29 Â°C / 24 Â°C,24 Â°C / 24 Â°C,86 %,,7 km/h,-,997.15 hPa,0 mm,,2015,10
10/23/2015,33 Â°C / 24 Â°C,25 Â°C / 22 Â°C,78 %,,6 km/h,-,996.49 hPa,0 mm,,2015,10
10/22/2015,34 Â°C / 24 Â°C,24 Â°C / 23 Â°C,79 %,,6 km/h,-,995.89 hPa,0 mm,,2015,10
10/21/2015,33 Â°C / 25 Â°C,26 Â°C / 23 Â°C,79 %,,7 km/h,-,995.14 hPa,0 mm,,2015,10
10/20/2015,34 Â°C / 24 Â°C,26 Â°C / 23 Â°C,78 %,,6 km/h,-,994.93 hPa,0 mm,,2015,10
10/19/2015,34 Â°C / 25 Â°C,25 Â°C / 24 Â°C,79 %,,6 km/h,-,996.69 hPa,0 mm,,2015,10
10/18/2015,33 Â°C / 25 Â°C,25 Â°C / 24 Â°C,82 %,,7 km/h,-,997.64 hPa,0 mm,,2015,10
10/17/2015,33 Â°C / 24 Â°C,26 Â°C / 23 Â°C,80 %,,6 km/h,-,997.33 hPa,0 mm,,2015,10
10/16/2015,33 Â°C / 24 Â°C,25 Â°C / 23 Â°C,82 %,,6 km/h,-,998.28 hPa,0 mm,,2015,10
10/15/2015,32 Â°C / 23 Â°C,25 Â°C / 22 Â°C,84 %,,13 km/h,-,999.11 hPa,0 mm,,2015,10
10/14/2015,31 Â°C / 22 Â°C,23 Â°C / 19 Â°C,76 %,,9 km/h,-,1000.91 hPa,0 mm,,2015,10
10/13/2015,24 Â°C / 19 Â°C,20 Â°C / 19 Â°C,87 %,,9 km/h,-,1002.19 hPa,0 mm,,2015,10
10/12/2015,24 Â°C / 21 Â°C,22 Â°C / 21 Â°C,93 %,,7 km/h,-,1001.38 hPa,0 mm,,2015,10
10/11/2015,27 Â°C / 22 Â°C,24 Â°C / 21 Â°C,91 %,,15 km/h,-,998.28 hPa,0.2 mm,,2015,10
10/10/2015,29 Â°C / 25 Â°C,25 Â°C / 22 Â°C,85 %,,9 km/h,-,995.84 hPa,0 mm,,2015,10
10/9/2015,32 Â°C / 25 Â°C,25 Â°C / 22 Â°C,82 %,,15 km/h,-,995.21 hPa,0 mm,,2015,10
10/8/2015,34 Â°C / 26 Â°C,25 Â°C / 22 Â°C,70 %,,19 km/h,-,996.08 hPa,0 mm,,2015,10
10/7/2015,33 Â°C / 24 Â°C,24 Â°C / 21 Â°C,76 %,,13 km/h,-,996.85 hPa,0 mm,,2015,10
10/6/2015,33 Â°C / 25 Â°C,25 Â°C / 22 Â°C,83 %,,7 km/h,-,996.65 hPa,0.3 mm,,2015,10
10/5/2015,32 Â°C / 25 Â°C,25 Â°C / 24 Â°C,88 %,,6 km/h,-,996.66 hPa,1.6 mm,,2015,10
10/4/2015,31 Â°C / 24 Â°C,25 Â°C / 23 Â°C,84 %,,11 km/h,-,996.54 hPa,0 mm,,2015,10
10/3/2015,27 Â°C / 24 Â°C,24 Â°C / 23 Â°C,92 %,,9 km/h,-,996.54 hPa,0 mm,,2015,10
10/2/2015,32 Â°C / 25 Â°C,25 Â°C / 23 Â°C,80 %,,4 km/h,-,996.99 hPa,0 mm,,2015,10
10/1/2015,30 Â°C / 26 Â°C,26 Â°C / 23 Â°C,84 %,,9 km/h,-,997.74 hPa,0 mm,,2015,10
11/30/2015,33 Â°C / 22 Â°C,26 Â°C / 18 Â°C,72 %,,7 km/h,-,1000.19 hPa,0 mm,,2015,11
11/29/2015,33 Â°C / 21 Â°C,22 Â°C / 19 Â°C,73 %,,6 km/h,-,1001.45 hPa,0 mm,,2015,11
11/28/2015,32 Â°C / 21 Â°C,21 Â°C / 19 Â°C,73 %,,4 km/h,-,1001.03 hPa,0 mm,,2015,11
11/27/2015,31 Â°C / 22 Â°C,22 Â°C / 18 Â°C,73 %,,9 km/h,-,998.86 hPa,0 mm,,2015,11
11/26/2015,32 Â°C / 23 Â°C,23 Â°C / 21 Â°C,75 %,,11 km/h,-,997.64 hPa,0 mm,,2015,11
11/25/2015,33 Â°C / 22 Â°C,23 Â°C / 21 Â°C,75 %,,7 km/h,-,997.45 hPa,0 mm,,2015,11
11/24/2015,33 Â°C / 21 Â°C,23 Â°C / 19 Â°C,71 %,,9 km/h,-,997.55 hPa,0 mm,,2015,11
11/23/2015,34 Â°C / 22 Â°C,23 Â°C / 20 Â°C,73 %,,-,-,998 hPa,0 mm,,2015,11
11/22/2015,33 Â°C / 24 Â°C,23 Â°C / 21 Â°C,73 %,,6 km/h,-,997.66 hPa,0 mm,,2015,11
11/21/2015,34 Â°C / 23 Â°C,23 Â°C / 18 Â°C,74 %,,4 km/h,-,997.36 hPa,0 mm,,2015,11
11/20/2015,34 Â°C / 23 Â°C,24 Â°C / 22 Â°C,77 %,,6 km/h,-,997.53 hPa,0 mm,,2015,11
11/19/2015,32 Â°C / 24 Â°C,24 Â°C / 22 Â°C,80 %,,4 km/h,-,998.55 hPa,0 mm,,2015,11
11/18/2015,33 Â°C / 23 Â°C,25 Â°C / 22 Â°C,79 %,,4 km/h,-,997.81 hPa,0 mm,,2015,11
11/17/2015,34 Â°C / 23 Â°C,24 Â°C / 22 Â°C,75 %,,4 km/h,-,996.33 hPa,0 mm,,2015,11
11/16/2015,34 Â°C / 24 Â°C,26 Â°C / 23 Â°C,76 %,,6 km/h,-,995.85 hPa,0 mm,,2015,11
11/15/2015,34 Â°C / 24 Â°C,25 Â°C / 23 Â°C,78 %,,6 km/h,-,996.15 hPa,0 mm,,2015,11
11/14/2015,34 Â°C / 24 Â°C,25 Â°C / 23 Â°C,78 %,,7 km/h,-,996.46 hPa,0 mm,,2015,11
11/13/2015,33 Â°C / 24 Â°C,25 Â°C / 23 Â°C,79 %,,6 km/h,-,997.71 hPa,0 mm,,2015,11
11/12/2015,33 Â°C / 23 Â°C,25 Â°C / 23 Â°C,82 %,,6 km/h,-,997.61 hPa,0 mm,,2015,11
11/11/2015,32 Â°C / 24 Â°C,25 Â°C / 22 Â°C,82 %,,7 km/h,-,997.39 hPa,0 mm,,2015,11
11/10/2015,31 Â°C / 24 Â°C,25 Â°C / 23 Â°C,86 %,,4 km/h,-,997.33 hPa,0 mm,,2015,11
11/9/2015,33 Â°C / 24 Â°C,26 Â°C / 23 Â°C,79 %,,9 km/h,-,997.8 hPa,0 mm,,2015,11
11/8/2015,31 Â°C / 26 Â°C,25 Â°C / 24 Â°C,84 %,,6 km/h,-,999.01 hPa,0 mm,,2015,11
11/7/2015,34 Â°C / 24 Â°C,24 Â°C / 22 Â°C,75 %,,6 km/h,-,997.15 hPa,0 mm,,2015,11
11/6/2015,34 Â°C / 24 Â°C,23 Â°C / 21 Â°C,73 %,,9 km/h,-,996.1 hPa,0 mm,,2015,11
11/5/2015,34 Â°C / 23 Â°C,23 Â°C / 21 Â°C,74 %,,6 km/h,-,997.13 hPa,0 mm,,2015,11
11/4/2015,33 Â°C / 23 Â°C,24 Â°C / 21 Â°C,76 %,,6 km/h,-,998.6 hPa,0 mm,,2015,11
11/3/2015,32 Â°C / 23 Â°C,23 Â°C / 22 Â°C,77 %,,7 km/h,-,999.63 hPa,0 mm,,2015,11
11/2/2015,31 Â°C / 23 Â°C,23 Â°C / 22 Â°C,80 %,,6 km/h,-,1000.04 hPa,0 mm,,2015,11
11/1/2015,32 Â°C / 23 Â°C,23 Â°C / 21 Â°C,78 %,,6 km/h,-,1000.44 hPa,0 mm,,2015,11
12/31/2015,31 Â°C / 19 Â°C,19 Â°C / 17 Â°C,71 %,,4 km/h,-,1002.83 hPa,0 mm,,2015,12
12/30/2015,32 Â°C / 20 Â°C,23 Â°C / 16 Â°C,72 %,,13 km/h,-,1001.53 hPa,0 mm,,2015,12
12/29/2015,32 Â°C / 24 Â°C,22 Â°C / 20 Â°C,71 %,,9 km/h,-,1001.8 hPa,0 mm,,2015,12
12/28/2015,32 Â°C / 22 Â°C,22 Â°C / 21 Â°C,75 %,,6 km/h,-,1002.8 hPa,0 mm,,2015,12
12/27/2015,32 Â°C / 24 Â°C,23 Â°C / 21 Â°C,77 %,,9 km/h,-,1001.21 hPa,0 mm,,2015,12
12/26/2015,33 Â°C / 23 Â°C,24 Â°C / 22 Â°C,76 %,,6 km/h,-,998.64 hPa,0 mm,,2015,12
12/25/2015,33 Â°C / 25 Â°C,23 Â°C / 22 Â°C,72 %,,6 km/h,-,998.84 hPa,0 mm,,2015,12
12/24/2015,33 Â°C / 22 Â°C,22 Â°C / 17 Â°C,66 %,,7 km/h,-,998.93 hPa,0 mm,,2015,12
12/23/2015,34 Â°C / 21 Â°C,22 Â°C / 17 Â°C,66 %,,6 km/h,-,999.74 hPa,0 mm,,2015,12
12/22/2015,31 Â°C / 18 Â°C,19 Â°C / 17 Â°C,71 %,,6 km/h,-,1001.64 hPa,0 mm,,2015,12
12/21/2015,31 Â°C / 17 Â°C,19 Â°C / 16 Â°C,73 %,,6 km/h,-,1001.14 hPa,0 mm,,2015,12
12/20/2015,30 Â°C / 17 Â°C,19 Â°C / 16 Â°C,72 %,,6 km/h,-,1002.3 hPa,0 mm,,2015,12
12/19/2015,29 Â°C / 18 Â°C,18 Â°C / 16 Â°C,71 %,,9 km/h,-,1003.6 hPa,0 mm,,2015,12
12/18/2015,28 Â°C / 20 Â°C,17 Â°C / 14 Â°C,61 %,,9 km/h,-,1002.64 hPa,0 mm,,2015,12
12/17/2015,28 Â°C / 22 Â°C,21 Â°C / 17 Â°C,69 %,,9 km/h,-,1000.2 hPa,0 mm,,2015,12
12/16/2015,32 Â°C / 20 Â°C,22 Â°C / 18 Â°C,72 %,,9 km/h,-,998.33 hPa,0 mm,,2015,12
12/15/2015,34 Â°C / 18 Â°C,21 Â°C / 16 Â°C,69 %,,4 km/h,-,997.58 hPa,0 mm,,2015,12
12/14/2015,33 Â°C / 18 Â°C,22 Â°C / 17 Â°C,70 %,,6 km/h,-,997.59 hPa,0 mm,,2015,12
12/13/2015,33 Â°C / 18 Â°C,22 Â°C / 16 Â°C,69 %,,7 km/h,-,997.43 hPa,0 mm,,2015,12
12/12/2015,33 Â°C / 17 Â°C,19 Â°C / 15 Â°C,67 %,,6 km/h,-,996.76 hPa,0 mm,,2015,12
12/11/2015,32 Â°C / 18 Â°C,19 Â°C / 16 Â°C,70 %,,6 km/h,-,997.04 hPa,0 mm,,2015,12
12/10/2015,32 Â°C / 18 Â°C,25 Â°C / 17 Â°C,73 %,,11 km/h,-,997.8 hPa,0 mm,,2015,12
12/9/2015,31 Â°C / 21 Â°C,21 Â°C / 19 Â°C,77 %,,6 km/h,-,999.38 hPa,0 mm,,2015,12
12/8/2015,29 Â°C / 20 Â°C,22 Â°C / 19 Â°C,84 %,,6 km/h,-,1000.93 hPa,0 mm,,2015,12
12/7/2015,24 Â°C / 21 Â°C,22 Â°C / 19 Â°C,90 %,,9 km/h,-,1002.04 hPa,0 mm,,2015,12
12/6/2015,28 Â°C / 21 Â°C,21 Â°C / 17 Â°C,71 %,,9 km/h,-,1001.06 hPa,0 mm,,2015,12
12/5/2015,29 Â°C / 21 Â°C,21 Â°C / 18 Â°C,75 %,,9 km/h,-,1000.19 hPa,0 mm,,2015,12
12/4/2015,28 Â°C / 24 Â°C,24 Â°C / 20 Â°C,83 %,,-,-,998.65 hPa,0.4 mm,,2015,12
12/3/2015,32 Â°C / 23 Â°C,24 Â°C / 22 Â°C,78 %,,7 km/h,-,998.31 hPa,0 mm,,2015,12
12/2/2015,34 Â°C / 23 Â°C,23 Â°C / 21 Â°C,72 %,,7 km/h,-,998.13 hPa,0 mm,,2015,12
12/1/2015,33 Â°C / 22 Â°C,23 Â°C / 21 Â°C,73 %,,9 km/h,-,998.3 hPa,0 mm,,2015,12
1/31/2016,33 Â°C / 16 Â°C,15 Â°C / 8 Â°C,52 %,,15 km/h,-,997.05 hPa,0 mm,,2016,1
1/30/2016,33 Â°C / 17 Â°C,17 Â°C / 12 Â°C,59 %,,11 km/h,-,998.14 hPa,0 mm,,2016,1
1/29/2016,33 Â°C / 17 Â°C,18 Â°C / 16 Â°C,70 %,,11 km/h,-,999.63 hPa,0 mm,,2016,1
1/28/2016,28 Â°C / 16 Â°C,19 Â°C / 13 Â°C,73 %,,7 km/h,-,1001.16 hPa,0 mm,,2016,1
1/27/2016,18 Â°C / 12 Â°C,14 Â°C / 11 Â°C,87 %,,9 km/h,-,1004.61 hPa,3 mm,,2016,1
1/26/2016,13 Â°C / 12 Â°C,12 Â°C / 11 Â°C,91 %,,6 km/h,-,1006.81 hPa,0.3 mm,,2016,1
1/25/2016,19 Â°C / 14 Â°C,14 Â°C / 11 Â°C,82 %,,9 km/h,-,1007.51 hPa,0 mm,,2016,1
1/24/2016,27 Â°C / 21 Â°C,19 Â°C / 15 Â°C,69 %,,13 km/h,-,1002.05 hPa,0 mm,,2016,1
1/23/2016,35 Â°C / 22 Â°C,20 Â°C / 14 Â°C,56 %,,9 km/h,-,998.61 hPa,0 mm,,2016,1
1/22/2016,35 Â°C / 25 Â°C,19 Â°C / 17 Â°C,52 %,,15 km/h,-,998.34 hPa,0 mm,,2016,1
1/21/2016,34 Â°C / 23 Â°C,21 Â°C / 18 Â°C,58 %,,17 km/h,-,997.66 hPa,0 mm,,2016,1
1/20/2016,34 Â°C / 22 Â°C,21 Â°C / 16 Â°C,60 %,,6 km/h,-,997.9 hPa,0 mm,,2016,1
1/19/2016,33 Â°C / 17 Â°C,18 Â°C / 12 Â°C,56 %,,6 km/h,-,996.65 hPa,0 mm,,2016,1
1/18/2016,33 Â°C / 17 Â°C,19 Â°C / 10 Â°C,51 %,,7 km/h,-,995.76 hPa,0 mm,,2016,1
1/17/2016,33 Â°C / 17 Â°C,16 Â°C / 12 Â°C,52 %,,9 km/h,-,995.38 hPa,0 mm,,2016,1
1/16/2016,34 Â°C / 20 Â°C,18 Â°C / 13 Â°C,55 %,,15 km/h,-,994.86 hPa,0 mm,,2016,1
1/15/2016,33 Â°C / 23 Â°C,19 Â°C / 16 Â°C,55 %,,15 km/h,-,995.88 hPa,0 mm,,2016,1
1/14/2016,33 Â°C / 20 Â°C,19 Â°C / 17 Â°C,63 %,,13 km/h,-,997.19 hPa,0 mm,,2016,1
1/13/2016,33 Â°C / 17 Â°C,19 Â°C / 14 Â°C,64 %,,6 km/h,-,997.72 hPa,0 mm,,2016,1
1/12/2016,32 Â°C / 14 Â°C,16 Â°C / 12 Â°C,62 %,,6 km/h,-,999.04 hPa,0 mm,,2016,1
1/11/2016,31 Â°C / 14 Â°C,17 Â°C / 8 Â°C,60 %,,9 km/h,-,999.36 hPa,0 mm,,2016,1
1/10/2016,31 Â°C / 18 Â°C,17 Â°C / 14 Â°C,61 %,,11 km/h,-,998.86 hPa,0 mm,,2016,1
1/9/2016,32 Â°C / 19 Â°C,17 Â°C / 13 Â°C,59 %,,15 km/h,-,998.2 hPa,0 mm,,2016,1
1/8/2016,33 Â°C / 16 Â°C,24 Â°C / 12 Â°C,64 %,,13 km/h,-,999.53 hPa,0 mm,,2016,1
1/7/2016,33 Â°C / 17 Â°C,17 Â°C / 15 Â°C,64 %,,6 km/h,-,1000.46 hPa,0 mm,,2016,1
1/6/2016,34 Â°C / 16 Â°C,18 Â°C / 14 Â°C,63 %,,9 km/h,-,1000.08 hPa,0 mm,,2016,1
1/5/2016,33 Â°C / 17 Â°C,24 Â°C / 11 Â°C,69 %,,7 km/h,-,999.74 hPa,0 mm,,2016,1
1/4/2016,32 Â°C / 17 Â°C,17 Â°C / 13 Â°C,62 %,,15 km/h,-,1000.58 hPa,0 mm,,2016,1
1/3/2016,32 Â°C / 16 Â°C,18 Â°C / 14 Â°C,68 %,,6 km/h,-,1001.54 hPa,0 mm,,2016,1
1/2/2016,31 Â°C / 18 Â°C,18 Â°C / 15 Â°C,70 %,,7 km/h,-,1003.16 hPa,0 mm,,2016,1
1/1/2016,31 Â°C / 22 Â°C,19 Â°C / 16 Â°C,65 %,,9 km/h,-,1004.09 hPa,0 mm,,2016,1
2/29/2016,34 Â°C / 22 Â°C,18 Â°C / 16 Â°C,56 %,,6 km/h,-,1002.63 hPa,0 mm,,2016,2
2/28/2016,33 Â°C / 21 Â°C,18 Â°C / 16 Â°C,58 %,,7 km/h,-,1003.59 hPa,0 mm,,2016,2
2/27/2016,32 Â°C / 20 Â°C,18 Â°C / 15 Â°C,57 %,,15 km/h,-,1004 hPa,0 mm,,2016,2
2/26/2016,32 Â°C / 22 Â°C,18 Â°C / 0 Â°C,52 %,,6 km/h,-,1004.06 hPa,0 mm,,2016,2
2/25/2016,31 Â°C / 24 Â°C,20 Â°C / 15 Â°C,55 %,,11 km/h,-,1002.86 hPa,0 mm,,2016,2
2/24/2016,35 Â°C / 24 Â°C,21 Â°C / 19 Â°C,59 %,,9 km/h,-,998.98 hPa,0 mm,,2016,2
2/23/2016,36 Â°C / 23 Â°C,21 Â°C / 18 Â°C,55 %,,6 km/h,-,999 hPa,0 mm,,2016,2
2/22/2016,36 Â°C / 22 Â°C,19 Â°C / 16 Â°C,51 %,,13 km/h,-,1000.05 hPa,0 mm,,2016,2
2/21/2016,34 Â°C / 23 Â°C,21 Â°C / 18 Â°C,60 %,,9 km/h,-,998.85 hPa,0 mm,,2016,2
2/20/2016,36 Â°C / 21 Â°C,20 Â°C / 14 Â°C,51 %,,7 km/h,-,998.88 hPa,0 mm,,2016,2
2/19/2016,36 Â°C / 23 Â°C,19 Â°C / 11 Â°C,48 %,,19 km/h,-,998.53 hPa,0 mm,,2016,2
2/18/2016,36 Â°C / 21 Â°C,20 Â°C / 17 Â°C,62 %,,6 km/h,-,998.84 hPa,0 mm,,2016,2
2/17/2016,35 Â°C / 21 Â°C,22 Â°C / 18 Â°C,66 %,,4 km/h,-,999.99 hPa,0 mm,,2016,2
2/16/2016,36 Â°C / 21 Â°C,21 Â°C / 16 Â°C,58 %,,7 km/h,-,999.89 hPa,0 mm,,2016,2
2/15/2016,36 Â°C / 19 Â°C,18 Â°C / 13 Â°C,52 %,,6 km/h,-,999.04 hPa,0 mm,,2016,2
2/14/2016,36 Â°C / 16 Â°C,18 Â°C / 13 Â°C,54 %,,4 km/h,-,997.21 hPa,0 mm,,2016,2
2/13/2016,36 Â°C / 16 Â°C,14 Â°C / 9 Â°C,49 %,,6 km/h,-,997.36 hPa,0 mm,,2016,2
2/12/2016,34 Â°C / 15 Â°C,13 Â°C / 4 Â°C,49 %,,15 km/h,-,997.41 hPa,0 mm,,2016,2
2/11/2016,33 Â°C / 13 Â°C,16 Â°C / 11 Â°C,60 %,,-,-,997.64 hPa,0 mm,,2016,2
2/10/2016,31 Â°C / 11 Â°C,13 Â°C / 5 Â°C,57 %,,7 km/h,-,999.14 hPa,0 mm,,2016,2
2/9/2016,29 Â°C / 9 Â°C,9 Â°C / 4 Â°C,55 %,,6 km/h,-,1001.41 hPa,0 mm,,2016,2
2/8/2016,27 Â°C / 12 Â°C,11 Â°C / 0 Â°C,53 %,,11 km/h,-,1003.99 hPa,0 mm,,2016,2
2/7/2016,27 Â°C / 19 Â°C,15 Â°C / 11 Â°C,55 %,,13 km/h,-,1004.68 hPa,0 mm,,2016,2
2/6/2016,29 Â°C / 19 Â°C,18 Â°C / 15 Â°C,63 %,,9 km/h,-,1000.08 hPa,0 mm,,2016,2
2/5/2016,33 Â°C / 19 Â°C,19 Â°C / 17 Â°C,67 %,,9 km/h,-,998.08 hPa,0 mm,,2016,2
2/4/2016,32 Â°C / 19 Â°C,19 Â°C / 16 Â°C,68 %,,7 km/h,-,998.94 hPa,0 mm,,2016,2
2/3/2016,32 Â°C / 20 Â°C,19 Â°C / 17 Â°C,68 %,,7 km/h,-,998.85 hPa,0 mm,,2016,2
2/2/2016,33 Â°C / 16 Â°C,21 Â°C / 14 Â°C,66 %,,6 km/h,-,998.85 hPa,0 mm,,2016,2
2/1/2016,34 Â°C / 16 Â°C,17 Â°C / 11 Â°C,56 %,,6 km/h,-,998.58 hPa,0 mm,,2016,2
3/31/2016,38 Â°C / 29 Â°C,21 Â°C / 17 Â°C,45 %,,15 km/h,-,996.14 hPa,0 mm,,2016,3
3/30/2016,37 Â°C / 26 Â°C,21 Â°C / 17 Â°C,50 %,,9 km/h,-,998.11 hPa,0 mm,,2016,3
3/29/2016,35 Â°C / 24 Â°C,22 Â°C / 19 Â°C,61 %,,9 km/h,-,999 hPa,0 mm,,2016,3
3/28/2016,34 Â°C / 27 Â°C,22 Â°C / 18 Â°C,60 %,,9 km/h,-,999.76 hPa,0 mm,,2016,3
3/27/2016,34 Â°C / 26 Â°C,23 Â°C / 21 Â°C,64 %,,13 km/h,-,999.79 hPa,0 mm,,2016,3
3/26/2016,35 Â°C / 26 Â°C,21 Â°C / 16 Â°C,49 %,,9 km/h,-,999.95 hPa,0 mm,,2016,3
3/25/2016,37 Â°C / 25 Â°C,21 Â°C / 19 Â°C,52 %,,9 km/h,-,997.34 hPa,0 mm,,2016,3
3/24/2016,39 Â°C / 28 Â°C,21 Â°C / 15 Â°C,45 %,,141 km/h,-,995.53 hPa,0 mm,,2016,3
3/23/2016,39 Â°C / 27 Â°C,21 Â°C / 13 Â°C,44 %,,19 km/h,-,993.73 hPa,0 mm,,2016,3
3/22/2016,38 Â°C / 26 Â°C,19 Â°C / 14 Â°C,40 %,,15 km/h,-,992.95 hPa,0 mm,,2016,3
3/21/2016,39 Â°C / 27 Â°C,19 Â°C / 14 Â°C,38 %,,22 km/h,-,993.39 hPa,0 mm,,2016,3
3/20/2016,39 Â°C / 29 Â°C,19 Â°C / 13 Â°C,34 %,,15 km/h,-,993.86 hPa,0 mm,,2016,3
3/19/2016,38 Â°C / 27 Â°C,19 Â°C / 12 Â°C,40 %,,22 km/h,-,993.76 hPa,0 mm,,2016,3
3/18/2016,39 Â°C / 28 Â°C,21 Â°C / 9 Â°C,43 %,,22 km/h,-,993.89 hPa,0 mm,,2016,3
3/17/2016,39 Â°C / 27 Â°C,21 Â°C / 13 Â°C,46 %,,15 km/h,-,994.75 hPa,0 mm,,2016,3
3/16/2016,37 Â°C / 28 Â°C,18 Â°C / 12 Â°C,38 %,,19 km/h,-,994.85 hPa,0 mm,,2016,3
3/15/2016,38 Â°C / 29 Â°C,19 Â°C / 13 Â°C,42 %,,15 km/h,-,994.66 hPa,0 mm,,2016,3
3/14/2016,40 Â°C / 26 Â°C,20 Â°C / 17 Â°C,47 %,,9 km/h,-,995.81 hPa,0 mm,,2016,3
3/13/2016,38 Â°C / 27 Â°C,20 Â°C / 16 Â°C,47 %,,19 km/h,-,996.14 hPa,0 mm,,2016,3
3/12/2016,37 Â°C / 25 Â°C,22 Â°C / 18 Â°C,54 %,,15 km/h,-,995.31 hPa,0 mm,,2016,3
3/11/2016,38 Â°C / 26 Â°C,21 Â°C / 18 Â°C,49 %,,9 km/h,-,996.03 hPa,0 mm,,2016,3
3/10/2016,40 Â°C / 28 Â°C,18 Â°C / 14 Â°C,36 %,,11 km/h,-,995.38 hPa,0 mm,,2016,3
3/9/2016,38 Â°C / 24 Â°C,16 Â°C / 9 Â°C,32 %,,15 km/h,-,994.35 hPa,0 mm,,2016,3
3/8/2016,37 Â°C / 28 Â°C,20 Â°C / 12 Â°C,40 %,,19 km/h,-,994.6 hPa,0 mm,,2016,3
3/7/2016,38 Â°C / 24 Â°C,19 Â°C / 0 Â°C,40 %,,15 km/h,-,995.69 hPa,0 mm,,2016,3
3/6/2016,37 Â°C / 22 Â°C,19 Â°C / 17 Â°C,52 %,,-,-,996.51 hPa,0 mm,,2016,3
3/5/2016,36 Â°C / 24 Â°C,21 Â°C / 17 Â°C,55 %,,7 km/h,-,996.35 hPa,0 mm,,2016,3
3/4/2016,35 Â°C / 21 Â°C,19 Â°C / 15 Â°C,52 %,,6 km/h,-,997.41 hPa,0 mm,,2016,3
3/3/2016,35 Â°C / 18 Â°C,17 Â°C / 12 Â°C,52 %,,-,-,999.65 hPa,0 mm,,2016,3
3/2/2016,34 Â°C / 18 Â°C,16 Â°C / 7 Â°C,49 %,,4 km/h,-,1000.94 hPa,0 mm,,2016,3
3/1/2016,33 Â°C / 23 Â°C,18 Â°C / 11 Â°C,50 %,,6 km/h,-,1001.4 hPa,0 mm,,2016,3
4/30/2016,38 Â°C / 27 Â°C,23 Â°C / 20 Â°C,59 %,,11 km/h,-,994.16 hPa,0 mm,,2016,4
4/29/2016,40 Â°C / 29 Â°C,26 Â°C / 22 Â°C,61 %,,6 km/h,-,992.96 hPa,5 mm,,2016,4
4/28/2016,42 Â°C / 30 Â°C,23 Â°C / 19 Â°C,46 %,,15 km/h,-,991.1 hPa,0 mm,,2016,4
4/27/2016,41 Â°C / 31 Â°C,23 Â°C / 18 Â°C,45 %,,19 km/h,-,991.22 hPa,0 mm,,2016,4
4/26/2016,42 Â°C / 30 Â°C,23 Â°C / 19 Â°C,45 %,,19 km/h,-,992.56 hPa,0 mm,,2016,4
4/25/2016,39 Â°C / 30 Â°C,22 Â°C / 18 Â°C,46 %,,22 km/h,-,992.53 hPa,0 mm,,2016,4
4/24/2016,39 Â°C / 29 Â°C,22 Â°C / 16 Â°C,45 %,,22 km/h,-,991.94 hPa,0 mm,,2016,4
4/23/2016,38 Â°C / 29 Â°C,23 Â°C / 17 Â°C,46 %,,22 km/h,-,991.94 hPa,0 mm,,2016,4
4/22/2016,38 Â°C / 29 Â°C,22 Â°C / 16 Â°C,45 %,,22 km/h,-,992.91 hPa,0 mm,,2016,4
4/21/2016,39 Â°C / 29 Â°C,21 Â°C / 18 Â°C,43 %,,22 km/h,-,993.61 hPa,0 mm,,2016,4
4/20/2016,41 Â°C / 30 Â°C,19 Â°C / 13 Â°C,35 %,,19 km/h,-,994.43 hPa,0 mm,,2016,4
4/19/2016,42 Â°C / 29 Â°C,22 Â°C / 19 Â°C,44 %,,11 km/h,-,993.78 hPa,0 mm,,2016,4
4/18/2016,41 Â°C / 29 Â°C,22 Â°C / 14 Â°C,44 %,,15 km/h,-,993.04 hPa,0 mm,,2016,4
4/17/2016,43 Â°C / 29 Â°C,22 Â°C / 19 Â°C,44 %,,20 km/h,-,992.39 hPa,0 mm,,2016,4
4/16/2016,42 Â°C / 29 Â°C,22 Â°C / 16 Â°C,44 %,,28 km/h,-,992.39 hPa,0 mm,,2016,4
4/15/2016,41 Â°C / 29 Â°C,22 Â°C / 19 Â°C,48 %,,24 km/h,-,992.83 hPa,0 mm,,2016,4
4/14/2016,38 Â°C / 29 Â°C,23 Â°C / 19 Â°C,51 %,,19 km/h,-,991.86 hPa,0 mm,,2016,4
4/13/2016,38 Â°C / 29 Â°C,22 Â°C / 19 Â°C,51 %,,28 km/h,-,990.54 hPa,0 mm,,2016,4
4/12/2016,39 Â°C / 29 Â°C,22 Â°C / 20 Â°C,51 %,,28 km/h,-,990.88 hPa,0 mm,,2016,4
4/11/2016,41 Â°C / 29 Â°C,22 Â°C / 19 Â°C,47 %,,22 km/h,-,991.54 hPa,0 mm,,2016,4
4/10/2016,40 Â°C / 29 Â°C,22 Â°C / 17 Â°C,46 %,,20 km/h,-,993.72 hPa,0 mm,,2016,4
4/9/2016,39 Â°C / 29 Â°C,22 Â°C / 17 Â°C,46 %,,19 km/h,-,993.84 hPa,0 mm,,2016,4
4/8/2016,40 Â°C / 29 Â°C,23 Â°C / 18 Â°C,45 %,,15 km/h,-,993.74 hPa,0 mm,,2016,4
4/7/2016,41 Â°C / 29 Â°C,22 Â°C / 18 Â°C,46 %,,22 km/h,-,993.8 hPa,0 mm,,2016,4
4/6/2016,39 Â°C / 28 Â°C,21 Â°C / 16 Â°C,46 %,,19 km/h,-,993.8 hPa,0 mm,,2016,4
4/5/2016,38 Â°C / 28 Â°C,20 Â°C / 14 Â°C,41 %,,19 km/h,-,993.61 hPa,0 mm,,2016,4
4/4/2016,39 Â°C / 29 Â°C,19 Â°C / 14 Â°C,38 %,,19 km/h,-,994.31 hPa,0 mm,,2016,4
4/3/2016,40 Â°C / 27 Â°C,21 Â°C / 12 Â°C,42 %,,15 km/h,-,995.8 hPa,0 mm,,2016,4
4/2/2016,37 Â°C / 27 Â°C,21 Â°C / 17 Â°C,46 %,,11 km/h,-,995.69 hPa,0 mm,,2016,4
4/1/2016,37 Â°C / 27 Â°C,21 Â°C / 18 Â°C,48 %,,15 km/h,-,995.16 hPa,0 mm,,2016,4
5/31/2016,33 Â°C / 25 Â°C,26 Â°C / 24 Â°C,86 %,,6 km/h,-,993.76 hPa,0.2 mm,,2016,5
5/30/2016,34 Â°C / 27 Â°C,25 Â°C / 22 Â°C,73 %,,11 km/h,-,992.18 hPa,0 mm,,2016,5
5/29/2016,35 Â°C / 28 Â°C,24 Â°C / 22 Â°C,63 %,,19 km/h,-,990.98 hPa,0 mm,,2016,5
5/28/2016,37 Â°C / 28 Â°C,23 Â°C / 21 Â°C,56 %,,22 km/h,-,990.76 hPa,0 mm,,2016,5
5/27/2016,37 Â°C / 29 Â°C,22 Â°C / 21 Â°C,57 %,,22 km/h,-,990.65 hPa,0 mm,,2016,5
5/26/2016,35 Â°C / 27 Â°C,23 Â°C / 21 Â°C,59 %,,17 km/h,-,990 hPa,0 mm,,2016,5
5/25/2016,32 Â°C / 27 Â°C,24 Â°C / 21 Â°C,70 %,,15 km/h,-,989.7 hPa,0 mm,,2016,5
5/24/2016,33 Â°C / 27 Â°C,24 Â°C / 21 Â°C,64 %,,15 km/h,-,990.11 hPa,0 mm,,2016,5
5/23/2016,32 Â°C / 26 Â°C,24 Â°C / 22 Â°C,76 %,,15 km/h,-,992.3 hPa,0 mm,,2016,5
5/22/2016,31 Â°C / 28 Â°C,24 Â°C / 21 Â°C,70 %,,15 km/h,-,992.81 hPa,0 mm,,2016,5
5/21/2016,34 Â°C / 28 Â°C,23 Â°C / 21 Â°C,57 %,,19 km/h,-,993.36 hPa,0 mm,,2016,5
5/20/2016,38 Â°C / 29 Â°C,23 Â°C / 22 Â°C,57 %,,19 km/h,-,992.18 hPa,0 mm,,2016,5
5/19/2016,39 Â°C / 28 Â°C,24 Â°C / 20 Â°C,57 %,,15 km/h,-,992.86 hPa,0 mm,,2016,5
5/18/2016,38 Â°C / 29 Â°C,24 Â°C / 22 Â°C,56 %,,9 km/h,-,993.21 hPa,0 mm,,2016,5
5/17/2016,38 Â°C / 28 Â°C,24 Â°C / 22 Â°C,60 %,,9 km/h,-,993.36 hPa,0 mm,,2016,5
5/16/2016,38 Â°C / 25 Â°C,24 Â°C / 21 Â°C,68 %,,9 km/h,-,994.14 hPa,0 mm,,2016,5
5/15/2016,41 Â°C / 24 Â°C,24 Â°C / 18 Â°C,58 %,,15 km/h,-,994.34 hPa,0 mm,,2016,5
5/14/2016,41 Â°C / 27 Â°C,23 Â°C / 21 Â°C,56 %,,11 km/h,-,994.56 hPa,0 mm,,2016,5
5/13/2016,40 Â°C / 31 Â°C,22 Â°C / 17 Â°C,44 %,,19 km/h,-,991.49 hPa,0 mm,,2016,5
5/12/2016,41 Â°C / 31 Â°C,22 Â°C / 15 Â°C,41 %,,15 km/h,-,989.44 hPa,0 mm,,2016,5
5/11/2016,43 Â°C / 32 Â°C,21 Â°C / 16 Â°C,37 %,,15 km/h,-,990.4 hPa,0 mm,,2016,5
5/10/2016,42 Â°C / 31 Â°C,22 Â°C / 14 Â°C,36 %,,19 km/h,-,992.21 hPa,0 mm,,2016,5
5/9/2016,42 Â°C / 31 Â°C,22 Â°C / 14 Â°C,39 %,,19 km/h,-,993 hPa,0 mm,,2016,5
5/8/2016,42 Â°C / 31 Â°C,21 Â°C / 14 Â°C,35 %,,19 km/h,-,992.81 hPa,0 mm,,2016,5
5/7/2016,42 Â°C / 31 Â°C,19 Â°C / 13 Â°C,32 %,,15 km/h,-,991.58 hPa,0 mm,,2016,5
5/6/2016,41 Â°C / 31 Â°C,21 Â°C / 14 Â°C,38 %,,22 km/h,-,992.33 hPa,0 mm,,2016,5
5/5/2016,42 Â°C / 28 Â°C,22 Â°C / 14 Â°C,44 %,,11 km/h,-,992.85 hPa,0 mm,,2016,5
5/4/2016,40 Â°C / 28 Â°C,22 Â°C / 19 Â°C,48 %,,9 km/h,-,993.59 hPa,0 mm,,2016,5
5/3/2016,40 Â°C / 29 Â°C,23 Â°C / 14 Â°C,47 %,,15 km/h,-,992.96 hPa,0 mm,,2016,5
5/2/2016,40 Â°C / 29 Â°C,22 Â°C / 18 Â°C,47 %,,15 km/h,-,993.24 hPa,0 mm,,2016,5
5/1/2016,39 Â°C / 26 Â°C,23 Â°C / 19 Â°C,56 %,,19 km/h,-,993.46 hPa,0 mm,,2016,5
6/30/2016,31 Â°C / 27 Â°C,26 Â°C / 22 Â°C,75 %,,13 km/h,-,991.76 hPa,0.2 mm,,2016,6
6/29/2016,34 Â°C / 26 Â°C,24 Â°C / 22 Â°C,73 %,,9 km/h,-,991.93 hPa,1.1 mm,,2016,6
6/28/2016,35 Â°C / 28 Â°C,23 Â°C / 22 Â°C,63 %,,15 km/h,-,991.29 hPa,0 mm,,2016,6
6/27/2016,34 Â°C / 25 Â°C,24 Â°C / 22 Â°C,73 %,,11 km/h,-,992.21 hPa,0 mm,,2016,6
6/26/2016,33 Â°C / 25 Â°C,25 Â°C / 23 Â°C,86 %,,7 km/h,-,993.66 hPa,0 mm,,2016,6
6/25/2016,32 Â°C / 25 Â°C,25 Â°C / 24 Â°C,87 %,,15 km/h,-,993.31 hPa,0 mm,,2016,6
6/24/2016,31 Â°C / 26 Â°C,26 Â°C / 24 Â°C,87 %,,9 km/h,-,991.6 hPa,0 mm,,2016,6
6/23/2016,34 Â°C / 27 Â°C,25 Â°C / 24 Â°C,76 %,,7 km/h,-,991.36 hPa,0 mm,,2016,6
6/22/2016,35 Â°C / 26 Â°C,25 Â°C / 23 Â°C,70 %,,6 km/h,-,992.28 hPa,0 mm,,2016,6
6/21/2016,33 Â°C / 28 Â°C,23 Â°C / 21 Â°C,67 %,,11 km/h,-,992.47 hPa,0 mm,,2016,6
6/20/2016,34 Â°C / 25 Â°C,24 Â°C / 23 Â°C,73 %,,11 km/h,-,992.85 hPa,0 mm,,2016,6
6/19/2016,34 Â°C / 24 Â°C,25 Â°C / 23 Â°C,83 %,,9 km/h,-,994.23 hPa,14 mm,,2016,6
6/18/2016,30 Â°C / 24 Â°C,25 Â°C / 24 Â°C,85 %,,6 km/h,-,995.34 hPa,2.2 mm,,2016,6
6/17/2016,32 Â°C / 26 Â°C,24 Â°C / 23 Â°C,79 %,,9 km/h,-,992.74 hPa,0.2 mm,,2016,6
6/16/2016,33 Â°C / 25 Â°C,25 Â°C / 22 Â°C,75 %,,13 km/h,-,991.59 hPa,0 mm,,2016,6
6/15/2016,30 Â°C / 26 Â°C,24 Â°C / 23 Â°C,83 %,,6 km/h,-,991.27 hPa,0 mm,,2016,6
6/14/2016,34 Â°C / 26 Â°C,24 Â°C / 21 Â°C,66 %,,13 km/h,-,991.43 hPa,0 mm,,2016,6
6/13/2016,33 Â°C / 26 Â°C,24 Â°C / 22 Â°C,70 %,,15 km/h,-,993.23 hPa,0 mm,,2016,6
6/12/2016,31 Â°C / 24 Â°C,24 Â°C / 21 Â°C,78 %,,11 km/h,-,993.01 hPa,0 mm,,2016,6
6/11/2016,28 Â°C / 26 Â°C,24 Â°C / 22 Â°C,82 %,,22 km/h,-,993.12 hPa,0.2 mm,,2016,6
6/10/2016,31 Â°C / 26 Â°C,23 Â°C / 22 Â°C,71 %,,24 km/h,-,993.76 hPa,0 mm,,2016,6
6/9/2016,31 Â°C / 26 Â°C,23 Â°C / 21 Â°C,70 %,,15 km/h,-,994.83 hPa,0 mm,,2016,6
6/8/2016,31 Â°C / 26 Â°C,24 Â°C / 20 Â°C,70 %,,19 km/h,-,994.64 hPa,0 mm,,2016,6
6/7/2016,34 Â°C / 26 Â°C,23 Â°C / 21 Â°C,67 %,,15 km/h,-,994.61 hPa,0 mm,,2016,6
6/6/2016,36 Â°C / 27 Â°C,24 Â°C / 22 Â°C,66 %,,13 km/h,-,994.79 hPa,0 mm,,2016,6
6/5/2016,34 Â°C / 26 Â°C,24 Â°C / 22 Â°C,70 %,,19 km/h,-,994.81 hPa,0 mm,,2016,6
6/4/2016,34 Â°C / 26 Â°C,25 Â°C / 23 Â°C,76 %,,7 km/h,-,994.38 hPa,0 mm,,2016,6
6/3/2016,33 Â°C / 26 Â°C,25 Â°C / 22 Â°C,78 %,,9 km/h,-,993.59 hPa,0 mm,,2016,6
6/2/2016,33 Â°C / 26 Â°C,26 Â°C / 22 Â°C,80 %,,9 km/h,-,993.2 hPa,0 mm,,2016,6
6/1/2016,32 Â°C / 26 Â°C,25 Â°C / 24 Â°C,87 %,,11 km/h,-,994.55 hPa,0.6 mm,,2016,6
7/31/2016,30 Â°C / 24 Â°C,24 Â°C / 22 Â°C,81 %,,9 km/h,-,993.69 hPa,0.7 mm,,2016,7
7/30/2016,31 Â°C / 25 Â°C,24 Â°C / 23 Â°C,87 %,,6 km/h,-,993.17 hPa,0 mm,,2016,7
7/29/2016,32 Â°C / 25 Â°C,26 Â°C / 23 Â°C,82 %,,6 km/h,-,991.69 hPa,0 mm,,2016,7
7/28/2016,33 Â°C / 27 Â°C,25 Â°C / 22 Â°C,70 %,,15 km/h,-,990.84 hPa,0 mm,,2016,7
7/27/2016,33 Â°C / 27 Â°C,23 Â°C / 22 Â°C,67 %,,15 km/h,-,991.95 hPa,0 mm,,2016,7
7/26/2016,35 Â°C / 26 Â°C,24 Â°C / 22 Â°C,70 %,,13 km/h,-,993.24 hPa,0 mm,,2016,7
7/25/2016,33 Â°C / 25 Â°C,24 Â°C / 23 Â°C,85 %,,0 km/h,-,995.55 hPa,0 mm,,2016,7
7/24/2016,33 Â°C / 24 Â°C,25 Â°C / 22 Â°C,81 %,,13 km/h,-,995.3 hPa,1 mm,,2016,7
7/23/2016,32 Â°C / 24 Â°C,24 Â°C / 23 Â°C,79 %,,19 km/h,-,995.79 hPa,2 mm,,2016,7
7/22/2016,32 Â°C / 24 Â°C,25 Â°C / 23 Â°C,83 %,,6 km/h,-,995.45 hPa,0 mm,,2016,7
7/21/2016,31 Â°C / 24 Â°C,26 Â°C / 23 Â°C,85 %,,6 km/h,-,994.84 hPa,0 mm,,2016,7
7/20/2016,32 Â°C / 25 Â°C,26 Â°C / 23 Â°C,81 %,,15 km/h,-,992.78 hPa,0 mm,,2016,7
7/19/2016,34 Â°C / 28 Â°C,25 Â°C / 22 Â°C,64 %,,11 km/h,-,991.6 hPa,0 mm,,2016,7
7/18/2016,35 Â°C / 28 Â°C,23 Â°C / 20 Â°C,60 %,,19 km/h,-,992.79 hPa,0 mm,,2016,7
7/17/2016,36 Â°C / 28 Â°C,23 Â°C / 22 Â°C,59 %,,19 km/h,-,994.43 hPa,0 mm,,2016,7
7/15/2016,32 Â°C / 26 Â°C,24 Â°C / 22 Â°C,73 %,,15 km/h,-,993.47 hPa,0 mm,,2016,7
7/11/2016,27 Â°C / 26 Â°C,24 Â°C / 23 Â°C,85 %,,-,-,991.07 hPa,0 mm,,2016,7
7/10/2016,29 Â°C / 26 Â°C,23 Â°C / 22 Â°C,74 %,,11 km/h,-,990.49 hPa,0 mm,,2016,7
7/9/2016,29 Â°C / 24 Â°C,24 Â°C / 21 Â°C,76 %,,19 km/h,-,991.06 hPa,0 mm,,2016,7
7/8/2016,28 Â°C / 24 Â°C,24 Â°C / 23 Â°C,88 %,,7 km/h,-,990.89 hPa,0 mm,,2016,7
7/7/2016,30 Â°C / 24 Â°C,25 Â°C / 24 Â°C,84 %,,6 km/h,-,990.46 hPa,0 mm,,2016,7
7/6/2016,27 Â°C / 25 Â°C,24 Â°C / 24 Â°C,92 %,,7 km/h,-,990.73 hPa,0 mm,,2016,7
7/5/2016,27 Â°C / 27 Â°C,22 Â°C / 22 Â°C,76 %,,9 km/h,-,992.2 hPa,0 mm,,2016,7
7/4/2016,29 Â°C / 28 Â°C,23 Â°C / 22 Â°C,69 %,,9 km/h,-,994.15 hPa,0 mm,,2016,7
7/3/2016,32 Â°C / 26 Â°C,26 Â°C / 24 Â°C,85 %,,6 km/h,-,995.07 hPa,0.4 mm,,2016,7
7/2/2016,32 Â°C / 26 Â°C,27 Â°C / 22 Â°C,80 %,,6 km/h,-,993.81 hPa,0 mm,,2016,7
7/1/2016,32 Â°C / 26 Â°C,26 Â°C / 22 Â°C,77 %,,13 km/h,-,992.29 hPa,1 mm,,2016,7
8/31/2016,29 Â°C / 25 Â°C,26 Â°C / 22 Â°C,81 %,,7 km/h,-,994.76 hPa,0 mm,,2016,8
8/30/2016,33 Â°C / 25 Â°C,26 Â°C / 23 Â°C,79 %,,6 km/h,-,993.14 hPa,0 mm,,2016,8
8/29/2016,33 Â°C / 25 Â°C,26 Â°C / 22 Â°C,84 %,,9 km/h,-,992.38 hPa,0 mm,,2016,8
8/28/2016,33 Â°C / 26 Â°C,27 Â°C / 24 Â°C,86 %,,-,-,993.78 hPa,0.5 mm,,2016,8
8/27/2016,33 Â°C / 26 Â°C,26 Â°C / 24 Â°C,82 %,,4 km/h,-,993.81 hPa,0 mm,,2016,8
8/26/2016,33 Â°C / 26 Â°C,26 Â°C / 24 Â°C,79 %,,7 km/h,-,992.36 hPa,0 mm,,2016,8
8/25/2016,31 Â°C / 26 Â°C,26 Â°C / 23 Â°C,79 %,,7 km/h,-,990.76 hPa,0 mm,,2016,8
8/24/2016,34 Â°C / 26 Â°C,26 Â°C / 22 Â°C,71 %,,9 km/h,-,989.11 hPa,0 mm,,2016,8
8/23/2016,32 Â°C / 26 Â°C,27 Â°C / 22 Â°C,77 %,,19 km/h,-,989.93 hPa,0 mm,,2016,8
8/22/2016,34 Â°C / 28 Â°C,23 Â°C / 22 Â°C,63 %,,19 km/h,-,991 hPa,0 mm,,2016,8
8/21/2016,34 Â°C / 24 Â°C,24 Â°C / 22 Â°C,73 %,,13 km/h,-,992.09 hPa,0 mm,,2016,8
8/20/2016,33 Â°C / 27 Â°C,23 Â°C / 22 Â°C,65 %,,19 km/h,-,988.76 hPa,0 mm,,2016,8
8/19/2016,30 Â°C / 27 Â°C,22 Â°C / 21 Â°C,67 %,,15 km/h,-,987.06 hPa,0 mm,,2016,8
8/18/2016,32 Â°C / 27 Â°C,23 Â°C / 22 Â°C,70 %,,17 km/h,-,989.08 hPa,0 mm,,2016,8
8/17/2016,31 Â°C / 24 Â°C,24 Â°C / 23 Â°C,79 %,,9 km/h,-,990.28 hPa,0 mm,,2016,8
8/16/2016,28 Â°C / 26 Â°C,26 Â°C / 22 Â°C,86 %,,9 km/h,-,989.48 hPa,0.4 mm,,2016,8
8/15/2016,28 Â°C / 24 Â°C,23 Â°C / 22 Â°C,77 %,,15 km/h,-,988.39 hPa,0 mm,,2016,8
8/14/2016,31 Â°C / 26 Â°C,24 Â°C / 22 Â°C,71 %,,22 km/h,-,988.48 hPa,0 mm,,2016,8
8/13/2016,29 Â°C / 27 Â°C,22 Â°C / 21 Â°C,68 %,,19 km/h,-,990.2 hPa,0 mm,,2016,8
8/12/2016,29 Â°C / 27 Â°C,23 Â°C / 21 Â°C,68 %,,22 km/h,-,991.05 hPa,0 mm,,2016,8
8/11/2016,33 Â°C / 28 Â°C,22 Â°C / 21 Â°C,64 %,,22 km/h,-,991.84 hPa,0 mm,,2016,8
8/10/2016,32 Â°C / 28 Â°C,23 Â°C / 22 Â°C,66 %,,19 km/h,-,992.3 hPa,0 mm,,2016,8
8/9/2016,32 Â°C / 26 Â°C,23 Â°C / 22 Â°C,70 %,,15 km/h,-,992.43 hPa,0 mm,,2016,8
8/8/2016,32 Â°C / 27 Â°C,23 Â°C / 21 Â°C,67 %,,15 km/h,-,992.61 hPa,0 mm,,2016,8
8/7/2016,33 Â°C / 27 Â°C,22 Â°C / 21 Â°C,62 %,,22 km/h,-,992.2 hPa,0 mm,,2016,8
8/6/2016,33 Â°C / 26 Â°C,24 Â°C / 21 Â°C,72 %,,17 km/h,-,992.95 hPa,0 mm,,2016,8
8/5/2016,30 Â°C / 26 Â°C,24 Â°C / 21 Â°C,74 %,,15 km/h,-,992.66 hPa,0 mm,,2016,8
8/4/2016,32 Â°C / 26 Â°C,23 Â°C / 21 Â°C,69 %,,19 km/h,-,990.55 hPa,0 mm,,2016,8
8/3/2016,33 Â°C / 26 Â°C,24 Â°C / 21 Â°C,67 %,,15 km/h,-,989.23 hPa,0 mm,,2016,8
8/2/2016,33 Â°C / 26 Â°C,25 Â°C / 22 Â°C,70 %,,19 km/h,-,989.95 hPa,0 mm,,2016,8
8/1/2016,31 Â°C / 26 Â°C,23 Â°C / 22 Â°C,70 %,,9 km/h,-,991.84 hPa,0 mm,,2016,8
9/30/2016,34 Â°C / 24 Â°C,26 Â°C / 23 Â°C,78 %,,-,-,992.33 hPa,5 mm,,2016,9
9/29/2016,34 Â°C / 25 Â°C,26 Â°C / 22 Â°C,78 %,,15 km/h,-,992.14 hPa,0 mm,,2016,9
9/28/2016,33 Â°C / 23 Â°C,26 Â°C / 22 Â°C,79 %,,6 km/h,-,992.31 hPa,0 mm,,2016,9
9/27/2016,31 Â°C / 24 Â°C,25 Â°C / 23 Â°C,89 %,,9 km/h,-,993.36 hPa,0 mm,,2016,9
9/26/2016,31 Â°C / 25 Â°C,25 Â°C / 23 Â°C,88 %,,6 km/h,-,993.55 hPa,0 mm,,2016,9
9/25/2016,30 Â°C / 25 Â°C,25 Â°C / 24 Â°C,89 %,,6 km/h,-,992.76 hPa,0.6 mm,,2016,9
9/24/2016,31 Â°C / 24 Â°C,26 Â°C / 23 Â°C,85 %,,7 km/h,-,992.31 hPa,0 mm,,2016,9
9/23/2016,29 Â°C / 25 Â°C,26 Â°C / 24 Â°C,87 %,,6 km/h,-,993.64 hPa,1 mm,,2016,9
9/22/2016,30 Â°C / 24 Â°C,25 Â°C / 23 Â°C,90 %,,6 km/h,-,995.85 hPa,0 mm,,2016,9
9/21/2016,27 Â°C / 24 Â°C,25 Â°C / 23 Â°C,91 %,,-,-,996.44 hPa,0 mm,,2016,9
9/20/2016,28 Â°C / 26 Â°C,25 Â°C / 23 Â°C,87 %,,-,-,993.44 hPa,2 mm,,2016,9
9/19/2016,33 Â°C / 25 Â°C,26 Â°C / 23 Â°C,79 %,,7 km/h,-,992.44 hPa,0.2 mm,,2016,9
9/18/2016,33 Â°C / 27 Â°C,26 Â°C / 22 Â°C,74 %,,9 km/h,-,992.89 hPa,0 mm,,2016,9
9/17/2016,34 Â°C / 27 Â°C,26 Â°C / 22 Â°C,69 %,,6 km/h,-,992.18 hPa,0 mm,,2016,9
9/16/2016,34 Â°C / 25 Â°C,23 Â°C / 21 Â°C,69 %,,11 km/h,-,992.39 hPa,0 mm,,2016,9
9/15/2016,32 Â°C / 24 Â°C,24 Â°C / 22 Â°C,75 %,,9 km/h,-,992.69 hPa,0 mm,,2016,9
9/14/2016,27 Â°C / 23 Â°C,24 Â°C / 22 Â°C,91 %,,7 km/h,-,992.89 hPa,0.3 mm,,2016,9
9/13/2016,33 Â°C / 24 Â°C,26 Â°C / 23 Â°C,76 %,,7 km/h,-,993.2 hPa,0 mm,,2016,9
9/12/2016,31 Â°C / 24 Â°C,24 Â°C / 22 Â°C,79 %,,7 km/h,-,993.09 hPa,0 mm,,2016,9
9/11/2016,31 Â°C / 26 Â°C,26 Â°C / 22 Â°C,73 %,,17 km/h,-,992.14 hPa,2 mm,,2016,9
9/10/2016,32 Â°C / 27 Â°C,23 Â°C / 21 Â°C,66 %,,15 km/h,-,993.01 hPa,0 mm,,2016,9
9/9/2016,32 Â°C / 25 Â°C,23 Â°C / 22 Â°C,69 %,,13 km/h,-,994.19 hPa,0 mm,,2016,9
9/8/2016,31 Â°C / 24 Â°C,25 Â°C / 22 Â°C,83 %,,7 km/h,-,993.28 hPa,0 mm,,2016,9
9/7/2016,33 Â°C / 26 Â°C,25 Â°C / 22 Â°C,75 %,,7 km/h,-,991.87 hPa,6 mm,,2016,9
9/6/2016,33 Â°C / 28 Â°C,22 Â°C / 21 Â°C,64 %,,17 km/h,-,992.13 hPa,0 mm,,2016,9
9/5/2016,31 Â°C / 27 Â°C,22 Â°C / 21 Â°C,67 %,,15 km/h,-,993.24 hPa,0 mm,,2016,9
9/4/2016,33 Â°C / 26 Â°C,22 Â°C / 21 Â°C,64 %,,15 km/h,-,993.89 hPa,0 mm,,2016,9
9/3/2016,32 Â°C / 25 Â°C,23 Â°C / 21 Â°C,70 %,,17 km/h,-,992.96 hPa,0.4 mm,,2016,9
9/2/2016,31 Â°C / 27 Â°C,23 Â°C / 22 Â°C,69 %,,15 km/h,-,992.45 hPa,0 mm,,2016,9
9/1/2016,31 Â°C / 26 Â°C,24 Â°C / 22 Â°C,77 %,,15 km/h,-,994.16 hPa,0 mm,,2016,9
10/31/2016,32 Â°C / 24 Â°C,24 Â°C / 22 Â°C,78 %,,9 km/h,-,999.09 hPa,0 mm,,2016,10
10/30/2016,31 Â°C / 22 Â°C,25 Â°C / 22 Â°C,85 %,,9 km/h,-,998.69 hPa,17 mm,,2016,10
10/29/2016,31 Â°C / 22 Â°C,25 Â°C / 21 Â°C,86 %,,6 km/h,-,997.73 hPa,0 mm,,2016,10
10/28/2016,32 Â°C / 24 Â°C,26 Â°C / 23 Â°C,84 %,,6 km/h,-,997.59 hPa,0 mm,,2016,10
10/27/2016,31 Â°C / 24 Â°C,26 Â°C / 23 Â°C,89 %,,6 km/h,-,998.35 hPa,0 mm,,2016,10
10/26/2016,30 Â°C / 23 Â°C,26 Â°C / 22 Â°C,90 %,,4 km/h,-,996.8 hPa,9.4 mm,,2016,10
10/25/2016,28 Â°C / 25 Â°C,25 Â°C / 23 Â°C,89 %,,6 km/h,-,994.11 hPa,3 mm,,2016,10
10/24/2016,31 Â°C / 24 Â°C,24 Â°C / 22 Â°C,79 %,,6 km/h,-,992.72 hPa,0 mm,,2016,10
10/23/2016,32 Â°C / 25 Â°C,23 Â°C / 21 Â°C,74 %,,13 km/h,-,993.23 hPa,0 mm,,2016,10
10/22/2016,33 Â°C / 25 Â°C,23 Â°C / 22 Â°C,69 %,,13 km/h,-,993.33 hPa,0 mm,,2016,10
10/21/2016,34 Â°C / 25 Â°C,26 Â°C / 23 Â°C,80 %,,9 km/h,-,991.88 hPa,0 mm,,2016,10
10/20/2016,34 Â°C / 24 Â°C,25 Â°C / 23 Â°C,79 %,,6 km/h,-,990.99 hPa,0 mm,,2016,10
10/19/2016,34 Â°C / 23 Â°C,24 Â°C / 22 Â°C,75 %,,6 km/h,-,991.3 hPa,0 mm,,2016,10
10/18/2016,33 Â°C / 23 Â°C,25 Â°C / 22 Â°C,80 %,,6 km/h,-,992.87 hPa,0 mm,,2016,10
10/17/2016,31 Â°C / 24 Â°C,25 Â°C / 23 Â°C,83 %,,6 km/h,-,994 hPa,0 mm,,2016,10
10/16/2016,28 Â°C / 25 Â°C,25 Â°C / 24 Â°C,91 %,,6 km/h,-,994.64 hPa,0.4 mm,,2016,10
10/15/2016,31 Â°C / 26 Â°C,26 Â°C / 24 Â°C,83 %,,6 km/h,-,993.48 hPa,0 mm,,2016,10
10/14/2016,33 Â°C / 26 Â°C,26 Â°C / 24 Â°C,76 %,,6 km/h,-,993.69 hPa,0 mm,,2016,10
10/13/2016,33 Â°C / 26 Â°C,25 Â°C / 23 Â°C,80 %,,7 km/h,-,994.3 hPa,0 mm,,2016,10
10/12/2016,32 Â°C / 26 Â°C,26 Â°C / 23 Â°C,79 %,,9 km/h,-,994.35 hPa,0 mm,,2016,10
10/11/2016,34 Â°C / 26 Â°C,24 Â°C / 22 Â°C,71 %,,9 km/h,-,993.53 hPa,0 mm,,2016,10
10/10/2016,34 Â°C / 27 Â°C,24 Â°C / 22 Â°C,67 %,,11 km/h,-,993.84 hPa,0 mm,,2016,10
10/9/2016,33 Â°C / 25 Â°C,26 Â°C / 22 Â°C,73 %,,9 km/h,-,994.28 hPa,0 mm,,2016,10
10/8/2016,32 Â°C / 25 Â°C,24 Â°C / 23 Â°C,77 %,,6 km/h,-,995.05 hPa,0 mm,,2016,10
10/7/2016,30 Â°C / 25 Â°C,26 Â°C / 24 Â°C,91 %,,4 km/h,-,994.61 hPa,3 mm,,2016,10
10/6/2016,28 Â°C / 24 Â°C,24 Â°C / 23 Â°C,91 %,,-,-,993.8 hPa,0 mm,,2016,10
10/5/2016,31 Â°C / 24 Â°C,26 Â°C / 23 Â°C,87 %,,6 km/h,-,992.83 hPa,0 mm,,2016,10
10/4/2016,31 Â°C / 24 Â°C,26 Â°C / 24 Â°C,87 %,,7 km/h,-,992.94 hPa,1.2 mm,,2016,10
10/3/2016,31 Â°C / 25 Â°C,25 Â°C / 24 Â°C,85 %,,7 km/h,-,993.23 hPa,0 mm,,2016,10
10/2/2016,34 Â°C / 24 Â°C,26 Â°C / 23 Â°C,82 %,,9 km/h,-,994.36 hPa,0 mm,,2016,10
10/1/2016,33 Â°C / 24 Â°C,25 Â°C / 23 Â°C,81 %,,6 km/h,-,994.23 hPa,0 mm,,2016,10
11/30/2016,31 Â°C / 20 Â°C,23 Â°C / 19 Â°C,81 %,,6 km/h,-,1001.69 hPa,0 mm,,2016,11
11/29/2016,28 Â°C / 22 Â°C,23 Â°C / 19 Â°C,81 %,,7 km/h,-,1000.49 hPa,0 mm,,2016,11
11/28/2016,31 Â°C / 23 Â°C,23 Â°C / 20 Â°C,78 %,,6 km/h,-,998.11 hPa,0 mm,,2016,11
11/27/2016,28 Â°C / 24 Â°C,24 Â°C / 23 Â°C,91 %,,6 km/h,-,996.84 hPa,0.2 mm,,2016,11
11/26/2016,32 Â°C / 23 Â°C,24 Â°C / 21 Â°C,80 %,,7 km/h,-,995.63 hPa,0 mm,,2016,11
11/25/2016,32 Â°C / 24 Â°C,25 Â°C / 23 Â°C,82 %,,4 km/h,-,995.27 hPa,0 mm,,2016,11
11/24/2016,31 Â°C / 21 Â°C,24 Â°C / 19 Â°C,80 %,,9 km/h,-,996.56 hPa,0 mm,,2016,11
11/23/2016,32 Â°C / 19 Â°C,23 Â°C / 17 Â°C,76 %,,9 km/h,-,996.35 hPa,0 mm,,2016,11
11/22/2016,32 Â°C / 20 Â°C,22 Â°C / 17 Â°C,74 %,,9 km/h,-,995.41 hPa,0 mm,,2016,11
11/21/2016,32 Â°C / 22 Â°C,23 Â°C / 19 Â°C,76 %,,9 km/h,-,995.39 hPa,0 mm,,2016,11
11/20/2016,32 Â°C / 22 Â°C,25 Â°C / 21 Â°C,81 %,,7 km/h,-,995.79 hPa,0 mm,,2016,11
11/19/2016,32 Â°C / 20 Â°C,23 Â°C / 19 Â°C,79 %,,6 km/h,-,995.41 hPa,0 mm,,2016,11
11/18/2016,32 Â°C / 20 Â°C,23 Â°C / 19 Â°C,79 %,,4 km/h,-,996.55 hPa,0 mm,,2016,11
11/17/2016,32 Â°C / 21 Â°C,23 Â°C / 20 Â°C,79 %,,0 km/h,-,998.29 hPa,0 mm,,2016,11
11/16/2016,32 Â°C / 23 Â°C,24 Â°C / 22 Â°C,82 %,,0 km/h,-,998.14 hPa,0 mm,,2016,11
11/15/2016,33 Â°C / 22 Â°C,25 Â°C / 21 Â°C,80 %,,4 km/h,-,997.54 hPa,0 mm,,2016,11
11/14/2016,33 Â°C / 22 Â°C,24 Â°C / 21 Â°C,78 %,,0 km/h,-,997.61 hPa,0 mm,,2016,11
11/13/2016,33 Â°C / 22 Â°C,25 Â°C / 22 Â°C,80 %,,4 km/h,-,998.59 hPa,0 mm,,2016,11
11/12/2016,31 Â°C / 23 Â°C,24 Â°C / 22 Â°C,85 %,,4 km/h,-,999.41 hPa,0 mm,,2016,11
11/11/2016,29 Â°C / 24 Â°C,24 Â°C / 23 Â°C,91 %,,6 km/h,-,999.48 hPa,17 mm,,2016,11
11/10/2016,26 Â°C / 24 Â°C,24 Â°C / 23 Â°C,95 %,,4 km/h,-,999.09 hPa,0 mm,,2016,11
11/9/2016,29 Â°C / 25 Â°C,25 Â°C / 24 Â°C,92 %,,9 km/h,-,998.36 hPa,0.6 mm,,2016,11
11/8/2016,29 Â°C / 26 Â°C,25 Â°C / 23 Â°C,87 %,,0 km/h,-,997.18 hPa,0 mm,,2016,11
11/7/2016,32 Â°C / 24 Â°C,25 Â°C / 23 Â°C,80 %,,7 km/h,-,996.2 hPa,0 mm,,2016,11
11/6/2016,32 Â°C / 23 Â°C,25 Â°C / 22 Â°C,80 %,,6 km/h,-,995.46 hPa,0 mm,,2016,11
11/5/2016,32 Â°C / 22 Â°C,24 Â°C / 21 Â°C,80 %,,4 km/h,-,995.41 hPa,0 mm,,2016,11
11/4/2016,30 Â°C / 23 Â°C,23 Â°C / 21 Â°C,78 %,,6 km/h,-,997.73 hPa,0 mm,,2016,11
11/3/2016,31 Â°C / 25 Â°C,24 Â°C / 22 Â°C,77 %,,7 km/h,-,999.6 hPa,0 mm,,2016,11
11/2/2016,31 Â°C / 25 Â°C,24 Â°C / 21 Â°C,77 %,,9 km/h,-,999 hPa,0 mm,,2016,11
11/1/2016,32 Â°C / 25 Â°C,24 Â°C / 23 Â°C,79 %,,6 km/h,-,998.24 hPa,0 mm,,2016,11
12/31/2016,31 Â°C / 17 Â°C,19 Â°C / 15 Â°C,68 %,,9 km/h,-,1001.6 hPa,0 mm,,2016,12
12/30/2016,29 Â°C / 16 Â°C,18 Â°C / 12 Â°C,72 %,,6 km/h,-,1002.59 hPa,0 mm,,2016,12
12/29/2016,28 Â°C / 17 Â°C,18 Â°C / 15 Â°C,73 %,,11 km/h,-,1001.83 hPa,0 mm,,2016,12
12/28/2016,28 Â°C / 18 Â°C,19 Â°C / 17 Â°C,75 %,,6 km/h,-,999.91 hPa,0 mm,,2016,12
12/27/2016,31 Â°C / 20 Â°C,21 Â°C / 17 Â°C,73 %,,6 km/h,-,998.34 hPa,0 mm,,2016,12
12/26/2016,31 Â°C / 21 Â°C,23 Â°C / 19 Â°C,77 %,,6 km/h,-,997.43 hPa,0 mm,,2016,12
12/25/2016,33 Â°C / 21 Â°C,22 Â°C / 19 Â°C,73 %,,6 km/h,-,997.99 hPa,0 mm,,2016,12
12/24/2016,31 Â°C / 22 Â°C,23 Â°C / 20 Â°C,75 %,,6 km/h,-,997.64 hPa,0 mm,,2016,12
12/23/2016,31 Â°C / 21 Â°C,22 Â°C / 19 Â°C,77 %,,4 km/h,-,997.77 hPa,0 mm,,2016,12
12/22/2016,32 Â°C / 20 Â°C,22 Â°C / 19 Â°C,76 %,,9 km/h,-,997.95 hPa,0 mm,,2016,12
12/21/2016,33 Â°C / 20 Â°C,21 Â°C / 19 Â°C,73 %,,6 km/h,-,997.4 hPa,0 mm,,2016,12
12/20/2016,33 Â°C / 19 Â°C,22 Â°C / 18 Â°C,74 %,,6 km/h,-,997.55 hPa,0 mm,,2016,12
12/19/2016,32 Â°C / 20 Â°C,22 Â°C / 18 Â°C,76 %,,6 km/h,-,999.05 hPa,0 mm,,2016,12
12/18/2016,30 Â°C / 18 Â°C,21 Â°C / 18 Â°C,79 %,,6 km/h,-,1001.1 hPa,0 mm,,2016,12
12/17/2016,27 Â°C / 22 Â°C,21 Â°C / 18 Â°C,79 %,,6 km/h,-,1001.95 hPa,0 mm,,2016,12
12/16/2016,26 Â°C / 22 Â°C,22 Â°C / 19 Â°C,83 %,,6 km/h,-,1001.44 hPa,0 mm,,2016,12
12/15/2016,29 Â°C / 19 Â°C,22 Â°C / 18 Â°C,76 %,,7 km/h,-,998.48 hPa,0 mm,,2016,12
12/14/2016,32 Â°C / 20 Â°C,22 Â°C / 19 Â°C,79 %,,7 km/h,-,997.01 hPa,0 mm,,2016,12
12/13/2016,32 Â°C / 19 Â°C,22 Â°C / 18 Â°C,78 %,,6 km/h,-,996.11 hPa,0 mm,,2016,12
12/12/2016,31 Â°C / 16 Â°C,21 Â°C / 16 Â°C,77 %,,7 km/h,-,996.59 hPa,0 mm,,2016,12
12/11/2016,29 Â°C / 18 Â°C,20 Â°C / 17 Â°C,77 %,,7 km/h,-,997.11 hPa,0 mm,,2016,12
12/10/2016,30 Â°C / 19 Â°C,21 Â°C / 17 Â°C,75 %,,6 km/h,-,996.79 hPa,0 mm,,2016,12
12/9/2016,30 Â°C / 21 Â°C,21 Â°C / 18 Â°C,75 %,,7 km/h,-,996.64 hPa,0 mm,,2016,12
12/8/2016,27 Â°C / 21 Â°C,22 Â°C / 19 Â°C,82 %,,6 km/h,-,998.15 hPa,0 mm,,2016,12
12/7/2016,30 Â°C / 22 Â°C,22 Â°C / 19 Â°C,76 %,,7 km/h,-,999.29 hPa,0 mm,,2016,12
12/6/2016,28 Â°C / 23 Â°C,22 Â°C / 19 Â°C,75 %,,7 km/h,-,1000.68 hPa,0 mm,,2016,12
12/5/2016,30 Â°C / 22 Â°C,23 Â°C / 21 Â°C,82 %,,6 km/h,-,998.74 hPa,0 mm,,2016,12
12/4/2016,29 Â°C / 22 Â°C,22 Â°C / 21 Â°C,80 %,,6 km/h,-,1000.01 hPa,0 mm,,2016,12
12/3/2016,31 Â°C / 20 Â°C,23 Â°C / 19 Â°C,80 %,,6 km/h,-,1001.03 hPa,0 mm,,2016,12
12/2/2016,30 Â°C / 20 Â°C,21 Â°C / 19 Â°C,80 %,,6 km/h,-,1001.6 hPa,0 mm,,2016,12
12/1/2016,29 Â°C / 21 Â°C,22 Â°C / 19 Â°C,83 %,,6 km/h,-,1002.06 hPa,0 mm,,2016,12
1/31/2017,32 Â°C / 18 Â°C,18 Â°C / 15 Â°C,67 %,,7 km/h,-,998.22 hPa,0 mm,,2017,1
1/30/2017,32 Â°C / 19 Â°C,19 Â°C / 17 Â°C,69 %,,6 km/h,-,997.81 hPa,0 mm,,2017,1
1/29/2017,33 Â°C / 18 Â°C,19 Â°C / 17 Â°C,69 %,,6 km/h,-,997.95 hPa,0 mm,,2017,1
1/28/2017,32 Â°C / 18 Â°C,19 Â°C / 16 Â°C,68 %,,7 km/h,-,999.08 hPa,0 mm,,2017,1
1/27/2017,32 Â°C / 19 Â°C,19 Â°C / 17 Â°C,72 %,,6 km/h,-,1000.48 hPa,0 mm,,2017,1
1/26/2017,31 Â°C / 19 Â°C,21 Â°C / 17 Â°C,71 %,,6 km/h,-,1002.39 hPa,0 mm,,2017,1
1/25/2017,31 Â°C / 17 Â°C,18 Â°C / 16 Â°C,70 %,,7 km/h,-,1003.29 hPa,0 mm,,2017,1
1/24/2017,30 Â°C / 18 Â°C,18 Â°C / 15 Â°C,71 %,,6 km/h,-,1002.8 hPa,0 mm,,2017,1
1/23/2017,29 Â°C / 20 Â°C,19 Â°C / 18 Â°C,75 %,,6 km/h,-,1002.64 hPa,0 mm,,2017,1
1/22/2017,31 Â°C / 21 Â°C,21 Â°C / 18 Â°C,73 %,,7 km/h,-,1002.66 hPa,0 mm,,2017,1
1/21/2017,32 Â°C / 22 Â°C,22 Â°C / 20 Â°C,76 %,,0 km/h,-,1001.36 hPa,0 mm,,2017,1
1/20/2017,32 Â°C / 22 Â°C,23 Â°C / 21 Â°C,78 %,,4 km/h,-,999.61 hPa,0 mm,,2017,1
1/19/2017,32 Â°C / 22 Â°C,23 Â°C / 21 Â°C,77 %,,4 km/h,-,999.71 hPa,0 mm,,2017,1
1/18/2017,31 Â°C / 23 Â°C,23 Â°C / 21 Â°C,78 %,,6 km/h,-,1000.26 hPa,0 mm,,2017,1
1/17/2017,32 Â°C / 20 Â°C,22 Â°C / 19 Â°C,78 %,,6 km/h,-,998.28 hPa,0 mm,,2017,1
1/16/2017,33 Â°C / 19 Â°C,22 Â°C / 18 Â°C,76 %,,9 km/h,-,997.62 hPa,0 mm,,2017,1
1/15/2017,32 Â°C / 19 Â°C,22 Â°C / 18 Â°C,79 %,,6 km/h,-,998.04 hPa,0 mm,,2017,1
1/14/2017,31 Â°C / 18 Â°C,23 Â°C / 17 Â°C,77 %,,6 km/h,-,996.21 hPa,0 mm,,2017,1
1/13/2017,31 Â°C / 18 Â°C,21 Â°C / 18 Â°C,74 %,,6 km/h,-,994.83 hPa,0 mm,,2017,1
1/12/2017,28 Â°C / 23 Â°C,25 Â°C / 22 Â°C,92 %,,0 km/h,-,994.45 hPa,0 mm,,2017,1
1/11/2017,25 Â°C / 22 Â°C,23 Â°C / 22 Â°C,94 %,,6 km/h,-,995.58 hPa,0.8 mm,,2017,1
1/10/2017,26 Â°C / 23 Â°C,23 Â°C / 22 Â°C,91 %,,0 km/h,-,996.01 hPa,0.3 mm,,2017,1
1/9/2017,28 Â°C / 23 Â°C,23 Â°C / 21 Â°C,81 %,,4 km/h,-,995.47 hPa,0 mm,,2017,1
1/8/2017,31 Â°C / 21 Â°C,23 Â°C / 19 Â°C,77 %,,6 km/h,-,995.43 hPa,0 mm,,2017,1
1/7/2017,31 Â°C / 21 Â°C,22 Â°C / 18 Â°C,74 %,,9 km/h,-,995.68 hPa,0 mm,,2017,1
1/6/2017,27 Â°C / 21 Â°C,20 Â°C / 18 Â°C,79 %,,7 km/h,-,997.4 hPa,0 mm,,2017,1
1/5/2017,23 Â°C / 20 Â°C,21 Â°C / 18 Â°C,88 %,,9 km/h,-,998.72 hPa,0.2 mm,,2017,1
1/4/2017,29 Â°C / 22 Â°C,22 Â°C / 20 Â°C,79 %,,6 km/h,-,998.23 hPa,0 mm,,2017,1
1/3/2017,30 Â°C / 22 Â°C,22 Â°C / 20 Â°C,77 %,,9 km/h,-,999.1 hPa,0 mm,,2017,1
1/2/2017,29 Â°C / 21 Â°C,21 Â°C / 18 Â°C,77 %,,11 km/h,-,1000.75 hPa,0 mm,,2017,1
1/1/2017,25 Â°C / 22 Â°C,19 Â°C / 18 Â°C,75 %,,7 km/h,-,1001.75 hPa,0 mm,,2017,1
2/28/2017,36 Â°C / 23 Â°C,21 Â°C / 18 Â°C,61 %,,11 km/h,-,997.35 hPa,0 mm,,2017,2
2/27/2017,35 Â°C / 24 Â°C,22 Â°C / 19 Â°C,63 %,,4 km/h,-,997.54 hPa,0 mm,,2017,2
2/26/2017,35 Â°C / 21 Â°C,22 Â°C / 17 Â°C,62 %,,9 km/h,-,995.84 hPa,0 mm,,2017,2
2/25/2017,37 Â°C / 22 Â°C,18 Â°C / 14 Â°C,47 %,,11 km/h,-,996.03 hPa,0 mm,,2017,2
2/24/2017,38 Â°C / 22 Â°C,17 Â°C / 13 Â°C,43 %,,13 km/h,-,997 hPa,0 mm,,2017,2
2/23/2017,37 Â°C / 20 Â°C,17 Â°C / 15 Â°C,50 %,,15 km/h,-,996.69 hPa,0 mm,,2017,2
2/22/2017,37 Â°C / 20 Â°C,17 Â°C / 13 Â°C,49 %,,7 km/h,-,996.45 hPa,0 mm,,2017,2
2/21/2017,36 Â°C / 20 Â°C,16 Â°C / 13 Â°C,49 %,,19 km/h,-,996.34 hPa,0 mm,,2017,2
2/20/2017,34 Â°C / 19 Â°C,19 Â°C / 13 Â°C,57 %,,17 km/h,-,995.18 hPa,0 mm,,2017,2
2/19/2017,34 Â°C / 17 Â°C,19 Â°C / 15 Â°C,62 %,,4 km/h,-,998.31 hPa,0 mm,,2017,2
2/18/2017,34 Â°C / 18 Â°C,18 Â°C / 14 Â°C,62 %,,9 km/h,-,1000.64 hPa,0 mm,,2017,2
2/17/2017,33 Â°C / 17 Â°C,20 Â°C / 16 Â°C,67 %,,6 km/h,-,1000.74 hPa,0 mm,,2017,2
2/16/2017,32 Â°C / 17 Â°C,18 Â°C / 15 Â°C,65 %,,0 km/h,-,1001.83 hPa,0 mm,,2017,2
2/15/2017,31 Â°C / 16 Â°C,17 Â°C / 13 Â°C,65 %,,9 km/h,-,1004.15 hPa,0 mm,,2017,2
2/14/2017,31 Â°C / 16 Â°C,17 Â°C / 13 Â°C,67 %,,7 km/h,-,1004.85 hPa,0 mm,,2017,2
2/13/2017,31 Â°C / 17 Â°C,17 Â°C / 15 Â°C,66 %,,7 km/h,-,1004.2 hPa,0 mm,,2017,2
2/12/2017,30 Â°C / 18 Â°C,18 Â°C / 15 Â°C,65 %,,9 km/h,-,1003.15 hPa,0 mm,,2017,2
2/11/2017,32 Â°C / 20 Â°C,20 Â°C / 17 Â°C,65 %,,9 km/h,-,1000.29 hPa,0 mm,,2017,2
2/10/2017,34 Â°C / 19 Â°C,21 Â°C / 17 Â°C,64 %,,9 km/h,-,997.41 hPa,0 mm,,2017,2
2/9/2017,34 Â°C / 17 Â°C,18 Â°C / 13 Â°C,61 %,,7 km/h,-,996.36 hPa,0 mm,,2017,2
2/8/2017,34 Â°C / 17 Â°C,14 Â°C / 11 Â°C,46 %,,9 km/h,-,996.24 hPa,0 mm,,2017,2
2/7/2017,33 Â°C / 21 Â°C,16 Â°C / 10 Â°C,42 %,,15 km/h,-,995.71 hPa,0 mm,,2017,2
2/6/2017,34 Â°C / 17 Â°C,17 Â°C / 13 Â°C,57 %,,15 km/h,-,995.78 hPa,0 mm,,2017,2
2/5/2017,34 Â°C / 19 Â°C,20 Â°C / 13 Â°C,60 %,,7 km/h,-,997.16 hPa,0 mm,,2017,2
2/4/2017,34 Â°C / 20 Â°C,21 Â°C / 18 Â°C,70 %,,0 km/h,-,997.73 hPa,0 mm,,2017,2
2/3/2017,32 Â°C / 20 Â°C,20 Â°C / 18 Â°C,68 %,,9 km/h,-,998.71 hPa,0 mm,,2017,2
2/2/2017,32 Â°C / 17 Â°C,19 Â°C / 16 Â°C,68 %,,9 km/h,-,999.99 hPa,0 mm,,2017,2
2/1/2017,32 Â°C / 18 Â°C,18 Â°C / 16 Â°C,69 %,,6 km/h,-,999.95 hPa,0 mm,,2017,2
3/31/2017,38 Â°C / 28 Â°C,21 Â°C / 17 Â°C,44 %,,17 km/h,-,996.41 hPa,0 mm,,2017,3
3/30/2017,37 Â°C / 28 Â°C,21 Â°C / 18 Â°C,47 %,,11 km/h,-,996.84 hPa,0 mm,,2017,3
3/29/2017,37 Â°C / 27 Â°C,22 Â°C / 19 Â°C,54 %,,9 km/h,-,997.08 hPa,0 mm,,2017,3
3/28/2017,36 Â°C / 24 Â°C,22 Â°C / 19 Â°C,63 %,,9 km/h,-,998.45 hPa,0 mm,,2017,3
3/27/2017,31 Â°C / 27 Â°C,22 Â°C / 21 Â°C,67 %,,11 km/h,-,999.89 hPa,0 mm,,2017,3
3/26/2017,38 Â°C / 26 Â°C,21 Â°C / 19 Â°C,49 %,,7 km/h,-,995.65 hPa,0 mm,,2017,3
3/25/2017,38 Â°C / 24 Â°C,22 Â°C / 17 Â°C,57 %,,7 km/h,-,995.94 hPa,0 mm,,2017,3
3/24/2017,38 Â°C / 27 Â°C,19 Â°C / 15 Â°C,43 %,,11 km/h,-,994.69 hPa,0 mm,,2017,3
3/23/2017,39 Â°C / 22 Â°C,21 Â°C / 17 Â°C,50 %,,6 km/h,-,994.28 hPa,0 mm,,2017,3
3/22/2017,38 Â°C / 24 Â°C,20 Â°C / 12 Â°C,44 %,,17 km/h,-,994.19 hPa,0 mm,,2017,3
3/21/2017,37 Â°C / 26 Â°C,19 Â°C / 12 Â°C,43 %,,15 km/h,-,995.47 hPa,0 mm,,2017,3
3/20/2017,38 Â°C / 21 Â°C,15 Â°C / 12 Â°C,38 %,,15 km/h,-,995.44 hPa,0 mm,,2017,3
3/19/2017,38 Â°C / 23 Â°C,17 Â°C / 12 Â°C,40 %,,15 km/h,-,996.38 hPa,0 mm,,2017,3
3/18/2017,36 Â°C / 23 Â°C,21 Â°C / 17 Â°C,57 %,,7 km/h,-,995.46 hPa,0 mm,,2017,3
3/17/2017,36 Â°C / 23 Â°C,23 Â°C / 20 Â°C,65 %,,7 km/h,-,994.16 hPa,0 mm,,2017,3
3/16/2017,38 Â°C / 22 Â°C,19 Â°C / 9 Â°C,42 %,,15 km/h,-,993.08 hPa,0 mm,,2017,3
3/15/2017,38 Â°C / 21 Â°C,16 Â°C / 8 Â°C,38 %,,15 km/h,-,994.18 hPa,0 mm,,2017,3
3/14/2017,38 Â°C / 27 Â°C,20 Â°C / 13 Â°C,39 %,,19 km/h,-,994.6 hPa,0 mm,,2017,3
3/13/2017,38 Â°C / 24 Â°C,19 Â°C / 13 Â°C,43 %,,17 km/h,-,994.99 hPa,0 mm,,2017,3
3/12/2017,37 Â°C / 27 Â°C,20 Â°C / 16 Â°C,46 %,,19 km/h,-,995.1 hPa,0 mm,,2017,3
3/11/2017,38 Â°C / 25 Â°C,22 Â°C / 16 Â°C,47 %,,15 km/h,-,994.71 hPa,0 mm,,2017,3
3/10/2017,36 Â°C / 23 Â°C,22 Â°C / 18 Â°C,56 %,,17 km/h,-,994.26 hPa,0 mm,,2017,3
3/9/2017,37 Â°C / 24 Â°C,21 Â°C / 17 Â°C,53 %,,15 km/h,-,993.72 hPa,0 mm,,2017,3
3/8/2017,36 Â°C / 24 Â°C,21 Â°C / 18 Â°C,53 %,,9 km/h,-,993.74 hPa,0 mm,,2017,3
3/7/2017,37 Â°C / 24 Â°C,19 Â°C / 12 Â°C,41 %,,9 km/h,-,993.29 hPa,0 mm,,2017,3
3/6/2017,37 Â°C / 28 Â°C,17 Â°C / 8 Â°C,34 %,,13 km/h,-,993.34 hPa,0 mm,,2017,3
3/5/2017,36 Â°C / 26 Â°C,18 Â°C / 15 Â°C,43 %,,11 km/h,-,993.7 hPa,0 mm,,2017,3
3/4/2017,37 Â°C / 21 Â°C,18 Â°C / 15 Â°C,51 %,,11 km/h,-,993.81 hPa,0 mm,,2017,3
3/3/2017,36 Â°C / 20 Â°C,18 Â°C / 16 Â°C,57 %,,6 km/h,-,994.95 hPa,0 mm,,2017,3
3/2/2017,33 Â°C / 23 Â°C,20 Â°C / 15 Â°C,56 %,,9 km/h,-,997.22 hPa,0 mm,,2017,3
3/1/2017,35 Â°C / 23 Â°C,21 Â°C / 17 Â°C,59 %,,9 km/h,-,996.83 hPa,0 mm,,2017,3
4/30/2017,36 Â°C / 26 Â°C,24 Â°C / 22 Â°C,72 %,,7 km/h,-,995.74 hPa,0 mm,,2017,4
4/29/2017,33 Â°C / 24 Â°C,24 Â°C / 22 Â°C,77 %,,6 km/h,-,997.11 hPa,0 mm,,2017,4
4/28/2017,38 Â°C / 25 Â°C,24 Â°C / 21 Â°C,64 %,,9 km/h,-,994.79 hPa,0 mm,,2017,4
4/27/2017,39 Â°C / 29 Â°C,23 Â°C / 20 Â°C,53 %,,13 km/h,-,993.7 hPa,0 mm,,2017,4
4/26/2017,38 Â°C / 28 Â°C,22 Â°C / 20 Â°C,52 %,,15 km/h,-,993.36 hPa,0 mm,,2017,4
4/25/2017,36 Â°C / 28 Â°C,21 Â°C / 18 Â°C,53 %,,19 km/h,-,994.06 hPa,0 mm,,2017,4
4/24/2017,36 Â°C / 28 Â°C,21 Â°C / 18 Â°C,49 %,,19 km/h,-,993.99 hPa,0 mm,,2017,4
4/23/2017,36 Â°C / 28 Â°C,20 Â°C / 16 Â°C,48 %,,19 km/h,-,993.56 hPa,0 mm,,2017,4
4/22/2017,37 Â°C / 27 Â°C,22 Â°C / 17 Â°C,53 %,,19 km/h,-,993.56 hPa,0 mm,,2017,4
4/21/2017,36 Â°C / 27 Â°C,20 Â°C / 16 Â°C,48 %,,17 km/h,-,994.09 hPa,0 mm,,2017,4
4/20/2017,36 Â°C / 28 Â°C,21 Â°C / 17 Â°C,50 %,,19 km/h,-,993.91 hPa,0 mm,,2017,4
4/19/2017,36 Â°C / 27 Â°C,21 Â°C / 19 Â°C,55 %,,15 km/h,-,993.71 hPa,0 mm,,2017,4
4/18/2017,34 Â°C / 24 Â°C,23 Â°C / 21 Â°C,66 %,,9 km/h,-,994.69 hPa,0 mm,,2017,4
4/17/2017,30 Â°C / 26 Â°C,24 Â°C / 21 Â°C,75 %,,9 km/h,-,995.24 hPa,1 mm,,2017,4
4/16/2017,36 Â°C / 23 Â°C,23 Â°C / 19 Â°C,67 %,,11 km/h,-,994.2 hPa,0 mm,,2017,4
4/15/2017,33 Â°C / 24 Â°C,26 Â°C / 22 Â°C,79 %,,0 km/h,-,995.81 hPa,5.1 mm,,2017,4
4/14/2017,35 Â°C / 23 Â°C,23 Â°C / 22 Â°C,74 %,,7 km/h,-,996.78 hPa,0 mm,,2017,4
4/13/2017,37 Â°C / 24 Â°C,24 Â°C / 22 Â°C,62 %,,9 km/h,-,995.09 hPa,0 mm,,2017,4
4/12/2017,39 Â°C / 30 Â°C,24 Â°C / 20 Â°C,55 %,,15 km/h,-,992.05 hPa,0 mm,,2017,4
4/11/2017,39 Â°C / 29 Â°C,22 Â°C / 21 Â°C,49 %,,15 km/h,-,991.38 hPa,0 mm,,2017,4
4/10/2017,38 Â°C / 29 Â°C,23 Â°C / 21 Â°C,51 %,,13 km/h,-,992.04 hPa,0 mm,,2017,4
4/9/2017,41 Â°C / 29 Â°C,22 Â°C / 20 Â°C,49 %,,11 km/h,-,992.91 hPa,0 mm,,2017,4
4/8/2017,40 Â°C / 27 Â°C,23 Â°C / 21 Â°C,55 %,,6 km/h,-,993.7 hPa,0 mm,,2017,4
4/7/2017,38 Â°C / 27 Â°C,23 Â°C / 20 Â°C,56 %,,13 km/h,-,993.55 hPa,0 mm,,2017,4
4/6/2017,38 Â°C / 25 Â°C,21 Â°C / 18 Â°C,55 %,,4 km/h,-,993.13 hPa,0 mm,,2017,4
4/5/2017,39 Â°C / 25 Â°C,21 Â°C / 16 Â°C,52 %,,11 km/h,-,994.96 hPa,0 mm,,2017,4
4/4/2017,37 Â°C / 25 Â°C,21 Â°C / 19 Â°C,53 %,,9 km/h,-,996.84 hPa,0 mm,,2017,4
4/3/2017,36 Â°C / 24 Â°C,22 Â°C / 18 Â°C,61 %,,7 km/h,-,998.24 hPa,0 mm,,2017,4
4/2/2017,32 Â°C / 24 Â°C,22 Â°C / 19 Â°C,70 %,,6 km/h,-,998.66 hPa,0 mm,,2017,4
4/1/2017,34 Â°C / 27 Â°C,22 Â°C / 19 Â°C,59 %,,11 km/h,-,996.84 hPa,0 mm,,2017,4
5/31/2017,34 Â°C / 25 Â°C,26 Â°C / 24 Â°C,85 %,,6 km/h,-,993.71 hPa,0 mm,,2017,5
5/30/2017,31 Â°C / 26 Â°C,27 Â°C / 25 Â°C,91 %,,6 km/h,-,992.73 hPa,3 mm,,2017,5
5/29/2017,29 Â°C / 25 Â°C,26 Â°C / 24 Â°C,90 %,,4 km/h,-,992.05 hPa,0 mm,,2017,5
5/28/2017,30 Â°C / 25 Â°C,26 Â°C / 24 Â°C,87 %,,7 km/h,-,992.14 hPa,0 mm,,2017,5
5/27/2017,29 Â°C / 26 Â°C,27 Â°C / 24 Â°C,91 %,,7 km/h,-,992.46 hPa,0.2 mm,,2017,5
5/26/2017,31 Â°C / 26 Â°C,26 Â°C / 24 Â°C,87 %,,9 km/h,-,993.2 hPa,0 mm,,2017,5
5/25/2017,36 Â°C / 26 Â°C,26 Â°C / 24 Â°C,75 %,,6 km/h,-,991.78 hPa,0 mm,,2017,5
5/24/2017,37 Â°C / 28 Â°C,25 Â°C / 21 Â°C,65 %,,15 km/h,-,991.07 hPa,0 mm,,2017,5
5/23/2017,37 Â°C / 30 Â°C,24 Â°C / 23 Â°C,59 %,,15 km/h,-,991.04 hPa,0 mm,,2017,5
5/22/2017,37 Â°C / 29 Â°C,25 Â°C / 23 Â°C,61 %,,13 km/h,-,990.49 hPa,0 mm,,2017,5
5/21/2017,36 Â°C / 29 Â°C,25 Â°C / 23 Â°C,63 %,,17 km/h,-,989.83 hPa,0 mm,,2017,5
5/20/2017,36 Â°C / 27 Â°C,25 Â°C / 23 Â°C,69 %,,17 km/h,-,990.88 hPa,0 mm,,2017,5
5/19/2017,33 Â°C / 26 Â°C,26 Â°C / 23 Â°C,81 %,,9 km/h,-,992.89 hPa,0 mm,,2017,5
5/18/2017,31 Â°C / 24 Â°C,25 Â°C / 23 Â°C,83 %,,6 km/h,-,991.84 hPa,0 mm,,2017,5
5/17/2017,26 Â°C / 24 Â°C,25 Â°C / 24 Â°C,96 %,,6 km/h,-,990.38 hPa,0.3 mm,,2017,5
5/16/2017,31 Â°C / 26 Â°C,26 Â°C / 24 Â°C,86 %,,4 km/h,-,991.9 hPa,0.3 mm,,2017,5
5/15/2017,34 Â°C / 25 Â°C,25 Â°C / 23 Â°C,77 %,,7 km/h,-,992.21 hPa,0.5 mm,,2017,5
5/14/2017,32 Â°C / 25 Â°C,26 Â°C / 24 Â°C,83 %,,6 km/h,-,993.41 hPa,0 mm,,2017,5
5/13/2017,34 Â°C / 25 Â°C,24 Â°C / 23 Â°C,76 %,,6 km/h,-,994 hPa,0 mm,,2017,5
5/12/2017,36 Â°C / 27 Â°C,25 Â°C / 22 Â°C,68 %,,9 km/h,-,995.11 hPa,0 mm,,2017,5
5/11/2017,35 Â°C / 26 Â°C,25 Â°C / 23 Â°C,74 %,,9 km/h,-,995.8 hPa,0 mm,,2017,5
5/10/2017,34 Â°C / 24 Â°C,25 Â°C / 22 Â°C,73 %,,11 km/h,-,995.86 hPa,0 mm,,2017,5
5/9/2017,37 Â°C / 27 Â°C,24 Â°C / 23 Â°C,65 %,,7 km/h,-,993.51 hPa,0 mm,,2017,5
5/8/2017,36 Â°C / 23 Â°C,23 Â°C / 21 Â°C,69 %,,9 km/h,-,995.25 hPa,0 mm,,2017,5
5/7/2017,33 Â°C / 25 Â°C,24 Â°C / 23 Â°C,77 %,,9 km/h,-,996.76 hPa,0 mm,,2017,5
5/6/2017,37 Â°C / 24 Â°C,24 Â°C / 22 Â°C,78 %,,9 km/h,-,997.41 hPa,0 mm,,2017,5
5/5/2017,35 Â°C / 26 Â°C,25 Â°C / 22 Â°C,72 %,,6 km/h,-,996.55 hPa,0 mm,,2017,5
5/4/2017,39 Â°C / 27 Â°C,24 Â°C / 22 Â°C,59 %,,11 km/h,-,994.11 hPa,0 mm,,2017,5
5/3/2017,40 Â°C / 29 Â°C,24 Â°C / 19 Â°C,48 %,,15 km/h,-,994.05 hPa,0 mm,,2017,5
5/2/2017,39 Â°C / 29 Â°C,23 Â°C / 21 Â°C,53 %,,17 km/h,-,994.64 hPa,0 mm,,2017,5
5/1/2017,38 Â°C / 28 Â°C,23 Â°C / 20 Â°C,56 %,,13 km/h,-,995.21 hPa,0 mm,,2017,5
6/30/2017,34 Â°C / 26 Â°C,26 Â°C / 23 Â°C,82 %,,6 km/h,-,992.33 hPa,0 mm,,2017,6
6/29/2017,33 Â°C / 26 Â°C,25 Â°C / 22 Â°C,75 %,,11 km/h,-,992.5 hPa,0 mm,,2017,6
6/28/2017,33 Â°C / 27 Â°C,24 Â°C / 22 Â°C,68 %,,11 km/h,-,992.46 hPa,0 mm,,2017,6
6/27/2017,34 Â°C / 27 Â°C,24 Â°C / 22 Â°C,68 %,,9 km/h,-,992.06 hPa,0 mm,,2017,6
6/26/2017,33 Â°C / 26 Â°C,23 Â°C / 22 Â°C,70 %,,11 km/h,-,991.93 hPa,0 mm,,2017,6
6/25/2017,33 Â°C / 27 Â°C,23 Â°C / 21 Â°C,63 %,,17 km/h,-,990.81 hPa,0 mm,,2017,6
6/24/2017,34 Â°C / 27 Â°C,24 Â°C / 21 Â°C,64 %,,15 km/h,-,990.55 hPa,0 mm,,2017,6
6/23/2017,34 Â°C / 27 Â°C,23 Â°C / 22 Â°C,64 %,,15 km/h,-,991.55 hPa,0 mm,,2017,6
6/22/2017,33 Â°C / 26 Â°C,24 Â°C / 23 Â°C,72 %,,17 km/h,-,992.24 hPa,0 mm,,2017,6
6/21/2017,32 Â°C / 26 Â°C,24 Â°C / 22 Â°C,76 %,,22 km/h,-,992.34 hPa,0 mm,,2017,6
6/20/2017,31 Â°C / 25 Â°C,24 Â°C / 22 Â°C,76 %,,15 km/h,-,992.76 hPa,0.4 mm,,2017,6
6/19/2017,33 Â°C / 27 Â°C,23 Â°C / 22 Â°C,68 %,,17 km/h,-,992.33 hPa,0.2 mm,,2017,6
6/18/2017,34 Â°C / 27 Â°C,23 Â°C / 21 Â°C,65 %,,17 km/h,-,991.61 hPa,0 mm,,2017,6
6/17/2017,34 Â°C / 27 Â°C,24 Â°C / 22 Â°C,68 %,,15 km/h,-,992.88 hPa,0 mm,,2017,6
6/16/2017,33 Â°C / 25 Â°C,23 Â°C / 23 Â°C,72 %,,13 km/h,-,994.65 hPa,0 mm,,2017,6
6/15/2017,31 Â°C / 26 Â°C,24 Â°C / 21 Â°C,71 %,,13 km/h,-,995.15 hPa,0 mm,,2017,6
6/14/2017,32 Â°C / 26 Â°C,24 Â°C / 22 Â°C,72 %,,13 km/h,-,994.35 hPa,0 mm,,2017,6
6/13/2017,32 Â°C / 26 Â°C,25 Â°C / 23 Â°C,79 %,,11 km/h,-,993.59 hPa,22 mm,,2017,6
6/12/2017,33 Â°C / 24 Â°C,26 Â°C / 23 Â°C,76 %,,15 km/h,-,993.31 hPa,0 mm,,2017,6
6/11/2017,30 Â°C / 26 Â°C,26 Â°C / 24 Â°C,88 %,,9 km/h,-,993.65 hPa,0 mm,,2017,6
6/10/2017,31 Â°C / 25 Â°C,26 Â°C / 23 Â°C,87 %,,11 km/h,-,992.9 hPa,0 mm,,2017,6
6/9/2017,32 Â°C / 26 Â°C,26 Â°C / 24 Â°C,89 %,,17 km/h,-,991.79 hPa,4 mm,,2017,6
6/8/2017,31 Â°C / 26 Â°C,25 Â°C / 23 Â°C,84 %,,6 km/h,-,991.56 hPa,0 mm,,2017,6
6/7/2017,31 Â°C / 26 Â°C,26 Â°C / 23 Â°C,82 %,,9 km/h,-,992.03 hPa,0 mm,,2017,6
6/6/2017,34 Â°C / 25 Â°C,26 Â°C / 24 Â°C,76 %,,7 km/h,-,991.38 hPa,0 mm,,2017,6
6/5/2017,34 Â°C / 27 Â°C,25 Â°C / 23 Â°C,74 %,,13 km/h,-,991.13 hPa,1 mm,,2017,6
6/4/2017,34 Â°C / 25 Â°C,26 Â°C / 23 Â°C,77 %,,17 km/h,-,991.64 hPa,0 mm,,2017,6
6/3/2017,34 Â°C / 27 Â°C,26 Â°C / 23 Â°C,75 %,,17 km/h,-,992.72 hPa,12 mm,,2017,6
6/2/2017,34 Â°C / 26 Â°C,24 Â°C / 22 Â°C,71 %,,11 km/h,-,992.9 hPa,0 mm,,2017,6
6/1/2017,33 Â°C / 26 Â°C,27 Â°C / 24 Â°C,87 %,,6 km/h,-,992.76 hPa,0 mm,,2017,6
7/31/2017,32 Â°C / 28 Â°C,24 Â°C / 22 Â°C,70 %,,17 km/h,-,991.2 hPa,0 mm,,2017,7
7/30/2017,33 Â°C / 28 Â°C,24 Â°C / 23 Â°C,70 %,,19 km/h,-,990.33 hPa,0 mm,,2017,7
7/29/2017,34 Â°C / 27 Â°C,24 Â°C / 22 Â°C,68 %,,19 km/h,-,991.08 hPa,0 mm,,2017,7
7/28/2017,34 Â°C / 27 Â°C,26 Â°C / 22 Â°C,71 %,,15 km/h,-,990.86 hPa,0 mm,,2017,7
7/27/2017,33 Â°C / 27 Â°C,27 Â°C / 22 Â°C,74 %,,19 km/h,-,989.33 hPa,0.6 mm,,2017,7
7/26/2017,33 Â°C / 25 Â°C,25 Â°C / 23 Â°C,79 %,,19 km/h,-,988.91 hPa,3.7 mm,,2017,7
7/25/2017,32 Â°C / 27 Â°C,23 Â°C / 23 Â°C,72 %,,17 km/h,-,989.9 hPa,0 mm,,2017,7
7/24/2017,32 Â°C / 26 Â°C,23 Â°C / 22 Â°C,71 %,,19 km/h,-,992.24 hPa,0 mm,,2017,7
7/23/2017,30 Â°C / 26 Â°C,24 Â°C / 22 Â°C,75 %,,11 km/h,-,993.97 hPa,0 mm,,2017,7
7/22/2017,33 Â°C / 26 Â°C,24 Â°C / 22 Â°C,74 %,,17 km/h,-,993.61 hPa,0 mm,,2017,7
7/21/2017,30 Â°C / 26 Â°C,23 Â°C / 22 Â°C,73 %,,13 km/h,-,992.38 hPa,0 mm,,2017,7
7/20/2017,29 Â°C / 26 Â°C,23 Â°C / 23 Â°C,76 %,,11 km/h,-,992.06 hPa,0.2 mm,,2017,7
7/19/2017,31 Â°C / 25 Â°C,24 Â°C / 23 Â°C,80 %,,15 km/h,-,993.75 hPa,2.6 mm,,2017,7
7/18/2017,31 Â°C / 24 Â°C,26 Â°C / 23 Â°C,84 %,,9 km/h,-,992.64 hPa,0 mm,,2017,7
7/17/2017,30 Â°C / 24 Â°C,23 Â°C / 22 Â°C,74 %,,19 km/h,-,988.83 hPa,0.2 mm,,2017,7
7/16/2017,32 Â°C / 25 Â°C,24 Â°C / 22 Â°C,74 %,,13 km/h,-,989.88 hPa,0 mm,,2017,7
7/15/2017,30 Â°C / 24 Â°C,24 Â°C / 22 Â°C,78 %,,19 km/h,-,991.9 hPa,0.4 mm,,2017,7
7/14/2017,32 Â°C / 25 Â°C,26 Â°C / 23 Â°C,78 %,,9 km/h,-,991.95 hPa,0.2 mm,,2017,7
7/13/2017,31 Â°C / 25 Â°C,26 Â°C / 23 Â°C,83 %,,6 km/h,-,992.74 hPa,0 mm,,2017,7
7/12/2017,31 Â°C / 24 Â°C,26 Â°C / 23 Â°C,85 %,,11 km/h,-,993.01 hPa,0.2 mm,,2017,7
7/11/2017,28 Â°C / 24 Â°C,26 Â°C / 23 Â°C,89 %,,9 km/h,-,992.58 hPa,0.8 mm,,2017,7
7/10/2017,32 Â°C / 25 Â°C,24 Â°C / 22 Â°C,76 %,,15 km/h,-,994.01 hPa,1 mm,,2017,7
7/9/2017,32 Â°C / 25 Â°C,24 Â°C / 21 Â°C,71 %,,15 km/h,-,994.74 hPa,0 mm,,2017,7
7/8/2017,33 Â°C / 26 Â°C,24 Â°C / 22 Â°C,70 %,,17 km/h,-,993.61 hPa,0 mm,,2017,7
7/7/2017,32 Â°C / 27 Â°C,24 Â°C / 21 Â°C,68 %,,15 km/h,-,992.99 hPa,0 mm,,2017,7
7/6/2017,31 Â°C / 25 Â°C,23 Â°C / 21 Â°C,71 %,,13 km/h,-,993.21 hPa,0 mm,,2017,7
7/5/2017,29 Â°C / 24 Â°C,24 Â°C / 23 Â°C,85 %,,11 km/h,-,993.64 hPa,6 mm,,2017,7
7/4/2017,29 Â°C / 25 Â°C,26 Â°C / 23 Â°C,90 %,,7 km/h,-,993.03 hPa,4.3 mm,,2017,7
7/3/2017,31 Â°C / 25 Â°C,24 Â°C / 22 Â°C,79 %,,13 km/h,-,993.14 hPa,0 mm,,2017,7
7/2/2017,30 Â°C / 25 Â°C,25 Â°C / 22 Â°C,84 %,,9 km/h,-,993.7 hPa,0.2 mm,,2017,7
7/1/2017,29 Â°C / 25 Â°C,25 Â°C / 24 Â°C,88 %,,6 km/h,-,993.04 hPa,0 mm,,2017,7
8/31/2017,33 Â°C / 26 Â°C,27 Â°C / 23 Â°C,79 %,,7 km/h,-,993.94 hPa,0 mm,,2017,8
8/30/2017,32 Â°C / 26 Â°C,26 Â°C / 22 Â°C,79 %,,6 km/h,-,992.99 hPa,0.2 mm,,2017,8
8/29/2017,31 Â°C / 27 Â°C,24 Â°C / 22 Â°C,71 %,,19 km/h,-,992.26 hPa,0 mm,,2017,8
8/28/2017,33 Â°C / 25 Â°C,26 Â°C / 23 Â°C,82 %,,9 km/h,-,991.3 hPa,3 mm,,2017,8
8/27/2017,29 Â°C / 25 Â°C,26 Â°C / 24 Â°C,90 %,,4 km/h,-,990.75 hPa,0 mm,,2017,8
8/26/2017,33 Â°C / 24 Â°C,26 Â°C / 24 Â°C,86 %,,6 km/h,-,991.04 hPa,0.6 mm,,2017,8
8/25/2017,31 Â°C / 25 Â°C,24 Â°C / 22 Â°C,78 %,,17 km/h,-,991.49 hPa,1.4 mm,,2017,8
8/24/2017,32 Â°C / 28 Â°C,24 Â°C / 22 Â°C,71 %,,19 km/h,-,990.89 hPa,0 mm,,2017,8
8/23/2017,34 Â°C / 26 Â°C,25 Â°C / 22 Â°C,69 %,,19 km/h,-,991.16 hPa,0 mm,,2017,8
8/22/2017,33 Â°C / 25 Â°C,24 Â°C / 23 Â°C,77 %,,17 km/h,-,991.39 hPa,0 mm,,2017,8
8/21/2017,30 Â°C / 24 Â°C,27 Â°C / 24 Â°C,90 %,,7 km/h,-,991.41 hPa,0 mm,,2017,8
8/20/2017,28 Â°C / 25 Â°C,26 Â°C / 24 Â°C,94 %,,7 km/h,-,992.33 hPa,0 mm,,2017,8
8/19/2017,31 Â°C / 25 Â°C,26 Â°C / 24 Â°C,85 %,,6 km/h,-,993.42 hPa,0 mm,,2017,8
8/18/2017,28 Â°C / 24 Â°C,26 Â°C / 23 Â°C,91 %,,6 km/h,-,992.89 hPa,0 mm,,2017,8
8/17/2017,29 Â°C / 24 Â°C,26 Â°C / 23 Â°C,92 %,,4 km/h,-,991.41 hPa,11 mm,,2017,8
8/16/2017,29 Â°C / 25 Â°C,26 Â°C / 24 Â°C,91 %,,7 km/h,-,991.5 hPa,0 mm,,2017,8
8/15/2017,34 Â°C / 28 Â°C,24 Â°C / 23 Â°C,69 %,,22 km/h,-,992.81 hPa,0 mm,,2017,8
8/14/2017,33 Â°C / 28 Â°C,24 Â°C / 22 Â°C,68 %,,15 km/h,-,994.18 hPa,0 mm,,2017,8
8/13/2017,34 Â°C / 27 Â°C,24 Â°C / 22 Â°C,66 %,,17 km/h,-,994.26 hPa,0 mm,,2017,8
8/12/2017,33 Â°C / 27 Â°C,24 Â°C / 22 Â°C,68 %,,19 km/h,-,994.13 hPa,0 mm,,2017,8
8/11/2017,32 Â°C / 26 Â°C,24 Â°C / 22 Â°C,72 %,,17 km/h,-,994.1 hPa,0 mm,,2017,8
8/10/2017,31 Â°C / 26 Â°C,24 Â°C / 22 Â°C,74 %,,15 km/h,-,994.33 hPa,0 mm,,2017,8
8/9/2017,33 Â°C / 25 Â°C,26 Â°C / 23 Â°C,76 %,,19 km/h,-,994.83 hPa,0 mm,,2017,8
8/8/2017,33 Â°C / 25 Â°C,25 Â°C / 23 Â°C,78 %,,9 km/h,-,994.59 hPa,0 mm,,2017,8
8/7/2017,30 Â°C / 24 Â°C,26 Â°C / 24 Â°C,92 %,,0 km/h,-,994.51 hPa,0.4 mm,,2017,8
8/6/2017,29 Â°C / 25 Â°C,26 Â°C / 24 Â°C,92 %,,6 km/h,-,992.74 hPa,0.4 mm,,2017,8
8/5/2017,29 Â°C / 26 Â°C,27 Â°C / 24 Â°C,88 %,,7 km/h,-,989.52 hPa,0 mm,,2017,8
8/4/2017,33 Â°C / 26 Â°C,26 Â°C / 23 Â°C,82 %,,7 km/h,-,988.54 hPa,0 mm,,2017,8
8/3/2017,32 Â°C / 27 Â°C,24 Â°C / 22 Â°C,73 %,,17 km/h,-,989.55 hPa,0 mm,,2017,8
8/2/2017,32 Â°C / 27 Â°C,24 Â°C / 23 Â°C,74 %,,15 km/h,-,991.45 hPa,0 mm,,2017,8
8/1/2017,31 Â°C / 27 Â°C,26 Â°C / 23 Â°C,73 %,,15 km/h,-,992.1 hPa,0 mm,,2017,8
9/30/2017,32 Â°C / 24 Â°C,26 Â°C / 24 Â°C,83 %,,9 km/h,-,996.01 hPa,0 mm,,2017,9
9/29/2017,31 Â°C / 25 Â°C,25 Â°C / 23 Â°C,81 %,,11 km/h,-,994.95 hPa,2.2 mm,,2017,9
9/28/2017,34 Â°C / 26 Â°C,26 Â°C / 23 Â°C,70 %,,11 km/h,-,994.26 hPa,0 mm,,2017,9
9/27/2017,33 Â°C / 26 Â°C,26 Â°C / 24 Â°C,83 %,,9 km/h,-,994.56 hPa,0 mm,,2017,9
9/26/2017,32 Â°C / 26 Â°C,26 Â°C / 25 Â°C,88 %,,13 km/h,-,993.13 hPa,0.2 mm,,2017,9
9/25/2017,33 Â°C / 25 Â°C,27 Â°C / 24 Â°C,85 %,,6 km/h,-,991.35 hPa,0 mm,,2017,9
9/24/2017,31 Â°C / 25 Â°C,26 Â°C / 24 Â°C,89 %,,0 km/h,-,992.98 hPa,0 mm,,2017,9
9/23/2017,31 Â°C / 26 Â°C,26 Â°C / 24 Â°C,91 %,,7 km/h,-,994.31 hPa,0.2 mm,,2017,9
9/22/2017,32 Â°C / 24 Â°C,27 Â°C / 24 Â°C,88 %,,4 km/h,-,993.26 hPa,0 mm,,2017,9
9/21/2017,34 Â°C / 24 Â°C,26 Â°C / 24 Â°C,81 %,,7 km/h,-,992.54 hPa,0 mm,,2017,9
9/20/2017,34 Â°C / 26 Â°C,26 Â°C / 22 Â°C,72 %,,11 km/h,-,994 hPa,0 mm,,2017,9
9/19/2017,34 Â°C / 24 Â°C,24 Â°C / 23 Â°C,75 %,,15 km/h,-,995.33 hPa,0 mm,,2017,9
9/18/2017,31 Â°C / 26 Â°C,26 Â°C / 23 Â°C,84 %,,17 km/h,-,996.56 hPa,0.2 mm,,2017,9
9/17/2017,29 Â°C / 25 Â°C,26 Â°C / 24 Â°C,93 %,,7 km/h,-,994.81 hPa,0.4 mm,,2017,9
9/16/2017,29 Â°C / 25 Â°C,26 Â°C / 24 Â°C,91 %,,17 km/h,-,990.33 hPa,0.6 mm,,2017,9
9/15/2017,33 Â°C / 26 Â°C,27 Â°C / 24 Â°C,79 %,,19 km/h,-,989.8 hPa,0 mm,,2017,9
9/14/2017,36 Â°C / 27 Â°C,26 Â°C / 23 Â°C,70 %,,13 km/h,-,992.53 hPa,0 mm,,2017,9
9/13/2017,36 Â°C / 25 Â°C,25 Â°C / 23 Â°C,74 %,,9 km/h,-,995.18 hPa,0 mm,,2017,9
9/12/2017,34 Â°C / 26 Â°C,26 Â°C / 24 Â°C,83 %,,11 km/h,-,995.8 hPa,0 mm,,2017,9
9/11/2017,35 Â°C / 25 Â°C,26 Â°C / 24 Â°C,88 %,,6 km/h,-,995.04 hPa,10 mm,,2017,9
9/10/2017,32 Â°C / 26 Â°C,27 Â°C / 25 Â°C,86 %,,6 km/h,-,994.99 hPa,0 mm,,2017,9
9/9/2017,36 Â°C / 26 Â°C,26 Â°C / 24 Â°C,73 %,,15 km/h,-,993.75 hPa,0 mm,,2017,9
9/8/2017,32 Â°C / 25 Â°C,26 Â°C / 24 Â°C,85 %,,11 km/h,-,995.01 hPa,0 mm,,2017,9
9/7/2017,29 Â°C / 25 Â°C,27 Â°C / 25 Â°C,92 %,,6 km/h,-,994.21 hPa,4.2 mm,,2017,9
9/6/2017,34 Â°C / 26 Â°C,26 Â°C / 25 Â°C,84 %,,13 km/h,-,993.53 hPa,0.4 mm,,2017,9
9/5/2017,34 Â°C / 26 Â°C,27 Â°C / 23 Â°C,75 %,,11 km/h,-,992.85 hPa,0 mm,,2017,9
9/4/2017,35 Â°C / 28 Â°C,26 Â°C / 22 Â°C,70 %,,13 km/h,-,992.19 hPa,0 mm,,2017,9
9/3/2017,32 Â°C / 27 Â°C,25 Â°C / 23 Â°C,71 %,,19 km/h,-,992.9 hPa,0 mm,,2017,9
9/2/2017,32 Â°C / 27 Â°C,24 Â°C / 23 Â°C,72 %,,19 km/h,-,993.46 hPa,0 mm,,2017,9
9/1/2017,33 Â°C / 27 Â°C,23 Â°C / 22 Â°C,70 %,,22 km/h,-,994.21 hPa,0 mm,,2017,9
10/31/2017,29 Â°C / 21 Â°C,21 Â°C / 18 Â°C,77 %,,6 km/h,-,1000.13 hPa,0 mm,,2017,10
10/30/2017,29 Â°C / 22 Â°C,22 Â°C / 20 Â°C,81 %,,7 km/h,-,1000.26 hPa,0 mm,,2017,10
10/29/2017,31 Â°C / 24 Â°C,24 Â°C / 21 Â°C,79 %,,7 km/h,-,999.38 hPa,0 mm,,2017,10
10/28/2017,32 Â°C / 24 Â°C,24 Â°C / 23 Â°C,83 %,,6 km/h,-,998.25 hPa,0 mm,,2017,10
10/27/2017,32 Â°C / 23 Â°C,25 Â°C / 22 Â°C,84 %,,6 km/h,-,997.75 hPa,0 mm,,2017,10
10/26/2017,32 Â°C / 24 Â°C,24 Â°C / 23 Â°C,82 %,,6 km/h,-,999.24 hPa,0 mm,,2017,10
10/25/2017,32 Â°C / 24 Â°C,25 Â°C / 23 Â°C,82 %,,9 km/h,-,1000.09 hPa,0 mm,,2017,10
10/24/2017,32 Â°C / 24 Â°C,24 Â°C / 23 Â°C,78 %,,7 km/h,-,998.51 hPa,0.4 mm,,2017,10
10/23/2017,33 Â°C / 26 Â°C,25 Â°C / 21 Â°C,74 %,,9 km/h,-,996.09 hPa,0 mm,,2017,10
10/22/2017,34 Â°C / 26 Â°C,24 Â°C / 22 Â°C,68 %,,11 km/h,-,995.5 hPa,0 mm,,2017,10
10/21/2017,34 Â°C / 24 Â°C,25 Â°C / 23 Â°C,74 %,,7 km/h,-,995.93 hPa,0 mm,,2017,10
10/20/2017,33 Â°C / 24 Â°C,24 Â°C / 23 Â°C,79 %,,6 km/h,-,997.43 hPa,0 mm,,2017,10
10/19/2017,31 Â°C / 24 Â°C,26 Â°C / 23 Â°C,89 %,,6 km/h,-,997.59 hPa,0 mm,,2017,10
10/18/2017,27 Â°C / 23 Â°C,25 Â°C / 23 Â°C,96 %,,6 km/h,-,996.74 hPa,0 mm,,2017,10
10/17/2017,31 Â°C / 24 Â°C,25 Â°C / 23 Â°C,86 %,,15 km/h,-,993.71 hPa,11 mm,,2017,10
10/16/2017,33 Â°C / 26 Â°C,26 Â°C / 23 Â°C,78 %,,9 km/h,-,992.18 hPa,0 mm,,2017,10
10/15/2017,33 Â°C / 25 Â°C,27 Â°C / 24 Â°C,84 %,,6 km/h,-,992.24 hPa,0 mm,,2017,10
10/14/2017,33 Â°C / 26 Â°C,27 Â°C / 25 Â°C,87 %,,7 km/h,-,992.58 hPa,0 mm,,2017,10
10/13/2017,29 Â°C / 26 Â°C,26 Â°C / 24 Â°C,92 %,,0 km/h,-,993.3 hPa,0 mm,,2017,10
10/12/2017,31 Â°C / 25 Â°C,27 Â°C / 25 Â°C,90 %,,4 km/h,-,993.93 hPa,14 mm,,2017,10
10/11/2017,29 Â°C / 25 Â°C,26 Â°C / 24 Â°C,91 %,,4 km/h,-,992.99 hPa,0 mm,,2017,10
10/10/2017,34 Â°C / 25 Â°C,26 Â°C / 24 Â°C,86 %,,9 km/h,-,990.93 hPa,0 mm,,2017,10
10/9/2017,32 Â°C / 24 Â°C,27 Â°C / 23 Â°C,87 %,,6 km/h,-,993.71 hPa,0 mm,,2017,10
10/8/2017,30 Â°C / 25 Â°C,27 Â°C / 24 Â°C,92 %,,6 km/h,-,994.44 hPa,1 mm,,2017,10
10/7/2017,32 Â°C / 24 Â°C,26 Â°C / 23 Â°C,89 %,,9 km/h,-,994.86 hPa,0 mm,,2017,10
10/6/2017,31 Â°C / 24 Â°C,26 Â°C / 23 Â°C,90 %,,7 km/h,-,995.81 hPa,0 mm,,2017,10
10/5/2017,28 Â°C / 24 Â°C,25 Â°C / 23 Â°C,93 %,,0 km/h,-,995.46 hPa,0 mm,,2017,10
10/4/2017,28 Â°C / 24 Â°C,26 Â°C / 24 Â°C,95 %,,4 km/h,-,994.06 hPa,7.6 mm,,2017,10
10/3/2017,28 Â°C / 24 Â°C,26 Â°C / 23 Â°C,95 %,,7 km/h,-,993.78 hPa,0 mm,,2017,10
10/2/2017,31 Â°C / 26 Â°C,27 Â°C / 24 Â°C,86 %,,6 km/h,-,993.66 hPa,0.2 mm,,2017,10
10/1/2017,33 Â°C / 26 Â°C,27 Â°C / 24 Â°C,84 %,,6 km/h,-,994.95 hPa,2.6 mm,,2017,10
11/30/2017,31 Â°C / 22 Â°C,23 Â°C / 21 Â°C,78 %,,9 km/h,-,997.53 hPa,0 mm,,2017,11
11/29/2017,32 Â°C / 22 Â°C,22 Â°C / 21 Â°C,75 %,,6 km/h,-,998.68 hPa,0 mm,,2017,11
11/28/2017,30 Â°C / 21 Â°C,22 Â°C / 19 Â°C,78 %,,9 km/h,-,998.54 hPa,0 mm,,2017,11
11/27/2017,30 Â°C / 22 Â°C,22 Â°C / 20 Â°C,79 %,,7 km/h,-,998.85 hPa,0 mm,,2017,11
11/26/2017,29 Â°C / 22 Â°C,23 Â°C / 21 Â°C,82 %,,6 km/h,-,1000.58 hPa,0 mm,,2017,11
11/25/2017,31 Â°C / 23 Â°C,23 Â°C / 18 Â°C,77 %,,9 km/h,-,1000.08 hPa,0 mm,,2017,11
11/24/2017,30 Â°C / 23 Â°C,23 Â°C / 21 Â°C,78 %,,6 km/h,-,998.53 hPa,0 mm,,2017,11
11/23/2017,30 Â°C / 23 Â°C,23 Â°C / 22 Â°C,84 %,,0 km/h,-,996.7 hPa,0 mm,,2017,11
11/22/2017,29 Â°C / 24 Â°C,24 Â°C / 22 Â°C,85 %,,6 km/h,-,996.53 hPa,0 mm,,2017,11
11/21/2017,30 Â°C / 24 Â°C,24 Â°C / 22 Â°C,83 %,,7 km/h,-,996.4 hPa,0 mm,,2017,11
11/20/2017,33 Â°C / 25 Â°C,25 Â°C / 22 Â°C,80 %,,0 km/h,-,996.08 hPa,0 mm,,2017,11
11/19/2017,35 Â°C / 24 Â°C,26 Â°C / 23 Â°C,83 %,,6 km/h,-,994.91 hPa,0 mm,,2017,11
11/18/2017,35 Â°C / 24 Â°C,26 Â°C / 23 Â°C,78 %,,7 km/h,-,994.56 hPa,0 mm,,2017,11
11/17/2017,33 Â°C / 24 Â°C,27 Â°C / 23 Â°C,84 %,,0 km/h,-,995.86 hPa,0 mm,,2017,11
11/16/2017,28 Â°C / 24 Â°C,24 Â°C / 23 Â°C,90 %,,6 km/h,-,997.11 hPa,0.4 mm,,2017,11
11/15/2017,33 Â°C / 24 Â°C,26 Â°C / 23 Â°C,82 %,,6 km/h,-,996.39 hPa,0 mm,,2017,11
11/14/2017,32 Â°C / 24 Â°C,26 Â°C / 23 Â°C,87 %,,0 km/h,-,995.53 hPa,0 mm,,2017,11
11/13/2017,33 Â°C / 23 Â°C,25 Â°C / 22 Â°C,81 %,,0 km/h,-,994.81 hPa,0 mm,,2017,11
11/12/2017,32 Â°C / 23 Â°C,24 Â°C / 22 Â°C,83 %,,6 km/h,-,995.4 hPa,0 mm,,2017,11
11/11/2017,32 Â°C / 24 Â°C,26 Â°C / 23 Â°C,84 %,,6 km/h,-,996.95 hPa,0.8 mm,,2017,11
11/10/2017,31 Â°C / 24 Â°C,24 Â°C / 23 Â°C,83 %,,6 km/h,-,996.81 hPa,0 mm,,2017,11
11/9/2017,29 Â°C / 24 Â°C,23 Â°C / 22 Â°C,82 %,,4 km/h,-,997.26 hPa,0 mm,,2017,11
11/8/2017,28 Â°C / 23 Â°C,23 Â°C / 22 Â°C,82 %,,0 km/h,-,998.1 hPa,0 mm,,2017,11
11/7/2017,30 Â°C / 21 Â°C,22 Â°C / 20 Â°C,79 %,,7 km/h,-,998.16 hPa,0.4 mm,,2017,11
11/6/2017,26 Â°C / 21 Â°C,21 Â°C / 20 Â°C,81 %,,7 km/h,-,998.49 hPa,0 mm,,2017,11
11/5/2017,26 Â°C / 21 Â°C,20 Â°C / 18 Â°C,77 %,,4 km/h,-,999.03 hPa,0 mm,,2017,11
11/4/2017,31 Â°C / 21 Â°C,21 Â°C / 17 Â°C,74 %,,9 km/h,-,998.15 hPa,0 mm,,2017,11
11/3/2017,31 Â°C / 22 Â°C,22 Â°C / 18 Â°C,76 %,,9 km/h,-,997.27 hPa,0 mm,,2017,11
11/2/2017,30 Â°C / 22 Â°C,23 Â°C / 20 Â°C,77 %,,7 km/h,-,997.18 hPa,0 mm,,2017,11
11/1/2017,30 Â°C / 21 Â°C,21 Â°C / 18 Â°C,74 %,,9 km/h,-,999.45 hPa,0 mm,,2017,11
12/31/2017,29 Â°C / 23 Â°C,23 Â°C / 19 Â°C,78 %,,9 km/h,-,999.52 hPa,0 mm,,2017,12
12/30/2017,31 Â°C / 22 Â°C,23 Â°C / 20 Â°C,76 %,,7 km/h,-,1000.13 hPa,0 mm,,2017,12
12/29/2017,27 Â°C / 21 Â°C,21 Â°C / 19 Â°C,83 %,,9 km/h,-,1001.24 hPa,0 mm,,2017,12
12/28/2017,21 Â°C / 19 Â°C,20 Â°C / 18 Â°C,94 %,,6 km/h,-,1001.26 hPa,0.2 mm,,2017,12
12/27/2017,20 Â°C / 18 Â°C,19 Â°C / 17 Â°C,94 %,,0 km/h,-,1000.65 hPa,0.8 mm,,2017,12
12/26/2017,27 Â°C / 18 Â°C,18 Â°C / 16 Â°C,75 %,,6 km/h,-,1000.14 hPa,1 mm,,2017,12
12/25/2017,29 Â°C / 20 Â°C,18 Â°C / 16 Â°C,71 %,,6 km/h,-,999.16 hPa,0 mm,,2017,12
12/24/2017,32 Â°C / 17 Â°C,19 Â°C / 15 Â°C,71 %,,7 km/h,-,998.39 hPa,0 mm,,2017,12
12/23/2017,31 Â°C / 15 Â°C,18 Â°C / 14 Â°C,71 %,,7 km/h,-,998.28 hPa,0 mm,,2017,12
12/22/2017,28 Â°C / 13 Â°C,15 Â°C / 10 Â°C,67 %,,11 km/h,-,1001.83 hPa,0 mm,,2017,12
12/21/2017,26 Â°C / 11 Â°C,13 Â°C / 8 Â°C,70 %,,9 km/h,-,1005.76 hPa,0 mm,,2017,12
12/20/2017,24 Â°C / 13 Â°C,13 Â°C / 8 Â°C,70 %,,11 km/h,-,1006.96 hPa,0 mm,,2017,12
12/19/2017,25 Â°C / 15 Â°C,15 Â°C / 11 Â°C,66 %,,11 km/h,-,1005.39 hPa,0 mm,,2017,12
12/18/2017,27 Â°C / 20 Â°C,18 Â°C / 14 Â°C,68 %,,7 km/h,-,1003.95 hPa,0 mm,,2017,12
12/17/2017,28 Â°C / 21 Â°C,22 Â°C / 19 Â°C,80 %,,6 km/h,-,1002.63 hPa,0 mm,,2017,12
12/16/2017,29 Â°C / 21 Â°C,22 Â°C / 18 Â°C,79 %,,9 km/h,-,1000.39 hPa,0 mm,,2017,12
12/15/2017,33 Â°C / 19 Â°C,21 Â°C / 18 Â°C,72 %,,7 km/h,-,998.04 hPa,0 mm,,2017,12
12/14/2017,34 Â°C / 21 Â°C,22 Â°C / 18 Â°C,72 %,,6 km/h,-,997.01 hPa,0 mm,,2017,12
12/13/2017,33 Â°C / 24 Â°C,22 Â°C / 19 Â°C,70 %,,11 km/h,-,996.5 hPa,0 mm,,2017,12
12/12/2017,34 Â°C / 23 Â°C,23 Â°C / 21 Â°C,73 %,,9 km/h,-,997.01 hPa,0 mm,,2017,12
12/11/2017,33 Â°C / 22 Â°C,24 Â°C / 21 Â°C,75 %,,6 km/h,-,998.01 hPa,0 mm,,2017,12
12/10/2017,32 Â°C / 21 Â°C,22 Â°C / 19 Â°C,76 %,,6 km/h,-,999.06 hPa,0 mm,,2017,12
12/9/2017,30 Â°C / 23 Â°C,23 Â°C / 19 Â°C,75 %,,9 km/h,-,999.44 hPa,0 mm,,2017,12
12/8/2017,30 Â°C / 21 Â°C,23 Â°C / 21 Â°C,81 %,,6 km/h,-,999.14 hPa,0 mm,,2017,12
12/7/2017,30 Â°C / 21 Â°C,23 Â°C / 21 Â°C,81 %,,6 km/h,-,997.9 hPa,0 mm,,2017,12
12/6/2017,30 Â°C / 21 Â°C,22 Â°C / 19 Â°C,78 %,,7 km/h,-,997.85 hPa,0 mm,,2017,12
12/5/2017,28 Â°C / 22 Â°C,21 Â°C / 19 Â°C,77 %,,9 km/h,-,998.34 hPa,0 mm,,2017,12
12/4/2017,31 Â°C / 21 Â°C,22 Â°C / 19 Â°C,78 %,,9 km/h,-,997.59 hPa,0 mm,,2017,12
12/3/2017,31 Â°C / 20 Â°C,22 Â°C / 19 Â°C,79 %,,6 km/h,-,998.04 hPa,0 mm,,2017,12
12/2/2017,31 Â°C / 22 Â°C,22 Â°C / 19 Â°C,76 %,,6 km/h,-,998.46 hPa,0 mm,,2017,12
12/1/2017,30 Â°C / 23 Â°C,23 Â°C / 19 Â°C,75 %,,7 km/h,-,997.75 hPa,0 mm,,2017,12
1/31/2018,34 Â°C / 17 Â°C,18 Â°C / 12 Â°C,56 %,,13 km/h,-,996.26 hPa,0 mm,,2018,1
1/30/2018,34 Â°C / 19 Â°C,20 Â°C / 13 Â°C,59 %,,22 km/h,-,995.26 hPa,0 mm,,2018,1
1/29/2018,35 Â°C / 22 Â°C,22 Â°C / 16 Â°C,63 %,,7 km/h,-,995.61 hPa,0 mm,,2018,1
1/28/2018,34 Â°C / 22 Â°C,23 Â°C / 19 Â°C,74 %,,9 km/h,-,994.6 hPa,0 mm,,2018,1
1/27/2018,33 Â°C / 24 Â°C,24 Â°C / 22 Â°C,79 %,,4 km/h,-,994.24 hPa,0 mm,,2018,1
1/26/2018,33 Â°C / 21 Â°C,24 Â°C / 19 Â°C,73 %,,6 km/h,-,993.74 hPa,0 mm,,2018,1
1/25/2018,34 Â°C / 19 Â°C,20 Â°C / 18 Â°C,68 %,,13 km/h,-,993.35 hPa,0 mm,,2018,1
1/24/2018,34 Â°C / 18 Â°C,20 Â°C / 17 Â°C,69 %,,4 km/h,-,993.64 hPa,0 mm,,2018,1
1/23/2018,34 Â°C / 19 Â°C,22 Â°C / 18 Â°C,72 %,,4 km/h,-,994.6 hPa,0 mm,,2018,1
1/22/2018,34 Â°C / 20 Â°C,21 Â°C / 18 Â°C,72 %,,6 km/h,-,995.08 hPa,0 mm,,2018,1
1/21/2018,33 Â°C / 19 Â°C,21 Â°C / 18 Â°C,71 %,,6 km/h,-,995.64 hPa,0 mm,,2018,1
1/20/2018,33 Â°C / 17 Â°C,20 Â°C / 17 Â°C,72 %,,6 km/h,-,996.64 hPa,0 mm,,2018,1
1/19/2018,33 Â°C / 18 Â°C,20 Â°C / 17 Â°C,71 %,,6 km/h,-,997.33 hPa,0 mm,,2018,1
1/18/2018,33 Â°C / 19 Â°C,21 Â°C / 18 Â°C,74 %,,4 km/h,-,996.24 hPa,0 mm,,2018,1
1/17/2018,32 Â°C / 17 Â°C,22 Â°C / 17 Â°C,76 %,,0 km/h,-,996.48 hPa,0 mm,,2018,1
1/16/2018,31 Â°C / 16 Â°C,19 Â°C / 15 Â°C,77 %,,6 km/h,-,996.91 hPa,0 mm,,2018,1
1/15/2018,28 Â°C / 15 Â°C,20 Â°C / 14 Â°C,80 %,,0 km/h,-,998.93 hPa,0 mm,,2018,1
1/14/2018,28 Â°C / 14 Â°C,17 Â°C / 14 Â°C,75 %,,7 km/h,-,1001.19 hPa,0 mm,,2018,1
1/13/2018,24 Â°C / 17 Â°C,17 Â°C / 14 Â°C,77 %,,9 km/h,-,1002.69 hPa,0 mm,,2018,1
1/12/2018,22 Â°C / 19 Â°C,17 Â°C / 14 Â°C,75 %,,7 km/h,-,1003.18 hPa,0 mm,,2018,1
1/11/2018,27 Â°C / 22 Â°C,22 Â°C / 18 Â°C,74 %,,4 km/h,-,1000.83 hPa,0 mm,,2018,1
1/10/2018,30 Â°C / 23 Â°C,24 Â°C / 22 Â°C,81 %,,7 km/h,-,998.96 hPa,0 mm,,2018,1
1/9/2018,34 Â°C / 24 Â°C,24 Â°C / 23 Â°C,78 %,,6 km/h,-,997.45 hPa,0 mm,,2018,1
1/8/2018,33 Â°C / 24 Â°C,24 Â°C / 23 Â°C,78 %,,9 km/h,-,996.41 hPa,0 mm,,2018,1
1/7/2018,33 Â°C / 23 Â°C,24 Â°C / 21 Â°C,79 %,,6 km/h,-,995 hPa,0 mm,,2018,1
1/6/2018,32 Â°C / 22 Â°C,23 Â°C / 21 Â°C,76 %,,7 km/h,-,994.53 hPa,0 mm,,2018,1
1/5/2018,31 Â°C / 22 Â°C,22 Â°C / 21 Â°C,74 %,,11 km/h,-,995.28 hPa,0 mm,,2018,1
1/4/2018,31 Â°C / 22 Â°C,24 Â°C / 20 Â°C,75 %,,7 km/h,-,996.31 hPa,0 mm,,2018,1
1/3/2018,30 Â°C / 20 Â°C,21 Â°C / 18 Â°C,75 %,,9 km/h,-,997.28 hPa,0 mm,,2018,1
1/2/2018,28 Â°C / 19 Â°C,21 Â°C / 18 Â°C,82 %,,6 km/h,-,997.64 hPa,0 mm,,2018,1
1/1/2018,28 Â°C / 21 Â°C,20 Â°C / 18 Â°C,80 %,,6 km/h,-,998.51 hPa,0 mm,,2018,1
2/28/2018,36 Â°C / 23 Â°C,23 Â°C / 17 Â°C,67 %,,7 km/h,-,995.53 hPa,0 mm,,2018,2
2/27/2018,33 Â°C / 24 Â°C,23 Â°C / 22 Â°C,72 %,,9 km/h,-,996.21 hPa,0 mm,,2018,2
2/26/2018,34 Â°C / 24 Â°C,23 Â°C / 21 Â°C,68 %,,7 km/h,-,996.05 hPa,0 mm,,2018,2
2/25/2018,36 Â°C / 22 Â°C,24 Â°C / 21 Â°C,70 %,,6 km/h,-,997.15 hPa,0 mm,,2018,2
2/24/2018,34 Â°C / 22 Â°C,23 Â°C / 21 Â°C,76 %,,7 km/h,-,998.8 hPa,0 mm,,2018,2
2/23/2018,31 Â°C / 23 Â°C,23 Â°C / 21 Â°C,81 %,,7 km/h,-,997.65 hPa,0 mm,,2018,2
2/22/2018,33 Â°C / 24 Â°C,24 Â°C / 21 Â°C,77 %,,9 km/h,-,994.7 hPa,2 mm,,2018,2
2/21/2018,36 Â°C / 24 Â°C,24 Â°C / 20 Â°C,69 %,,4 km/h,-,993.94 hPa,0 mm,,2018,2
2/20/2018,36 Â°C / 22 Â°C,23 Â°C / 19 Â°C,67 %,,6 km/h,-,995.11 hPa,0 mm,,2018,2
2/19/2018,36 Â°C / 20 Â°C,22 Â°C / 16 Â°C,62 %,,9 km/h,-,995.93 hPa,0 mm,,2018,2
2/18/2018,36 Â°C / 21 Â°C,18 Â°C / 14 Â°C,51 %,,7 km/h,-,995.61 hPa,0 mm,,2018,2
2/17/2018,37 Â°C / 20 Â°C,17 Â°C / 11 Â°C,49 %,,9 km/h,-,995.28 hPa,0 mm,,2018,2
2/16/2018,37 Â°C / 21 Â°C,21 Â°C / 12 Â°C,52 %,,9 km/h,-,996.89 hPa,0 mm,,2018,2
2/15/2018,37 Â°C / 21 Â°C,21 Â°C / 17 Â°C,61 %,,7 km/h,-,998.63 hPa,0 mm,,2018,2
2/14/2018,35 Â°C / 19 Â°C,21 Â°C / 18 Â°C,67 %,,6 km/h,-,1000.64 hPa,0 mm,,2018,2
2/13/2018,32 Â°C / 21 Â°C,20 Â°C / 18 Â°C,68 %,,7 km/h,-,1002.09 hPa,0 mm,,2018,2
2/12/2018,33 Â°C / 19 Â°C,21 Â°C / 17 Â°C,66 %,,9 km/h,-,1001.43 hPa,0 mm,,2018,2
2/11/2018,35 Â°C / 19 Â°C,18 Â°C / 16 Â°C,63 %,,4 km/h,-,999.21 hPa,0 mm,,2018,2
2/10/2018,34 Â°C / 19 Â°C,19 Â°C / 15 Â°C,62 %,,6 km/h,-,998.08 hPa,0 mm,,2018,2
2/9/2018,33 Â°C / 18 Â°C,18 Â°C / 15 Â°C,63 %,,15 km/h,-,996.65 hPa,0 mm,,2018,2
2/8/2018,32 Â°C / 18 Â°C,20 Â°C / 17 Â°C,69 %,,9 km/h,-,997.3 hPa,0 mm,,2018,2
2/7/2018,31 Â°C / 16 Â°C,19 Â°C / 14 Â°C,70 %,,4 km/h,-,998.75 hPa,0 mm,,2018,2
2/6/2018,29 Â°C / 17 Â°C,17 Â°C / 13 Â°C,68 %,,7 km/h,-,1000.69 hPa,0 mm,,2018,2
2/5/2018,30 Â°C / 18 Â°C,17 Â°C / 13 Â°C,66 %,,6 km/h,-,1001.79 hPa,0 mm,,2018,2
2/4/2018,30 Â°C / 18 Â°C,17 Â°C / 16 Â°C,67 %,,9 km/h,-,1000.6 hPa,0 mm,,2018,2
2/3/2018,34 Â°C / 19 Â°C,19 Â°C / 14 Â°C,68 %,,7 km/h,-,1000.6 hPa,0 mm,,2018,2
2/2/2018,30 Â°C / 17 Â°C,20 Â°C / 15 Â°C,73 %,,6 km/h,-,998.96 hPa,0 mm,,2018,2
2/1/2018,32 Â°C / 19 Â°C,21 Â°C / 16 Â°C,69 %,,11 km/h,-,997.33 hPa,0 mm,,2018,2
3/31/2018,35 Â°C / 23 Â°C,23 Â°C / 22 Â°C,68 %,,9 km/h,-,995.04 hPa,0 mm,,2018,3
3/30/2018,38 Â°C / 27 Â°C,22 Â°C / 18 Â°C,50 %,,9 km/h,-,993.99 hPa,0 mm,,2018,3
3/29/2018,37 Â°C / 27 Â°C,22 Â°C / 17 Â°C,49 %,,9 km/h,-,994.12 hPa,0 mm,,2018,3
3/28/2018,38 Â°C / 22 Â°C,22 Â°C / 13 Â°C,58 %,,9 km/h,-,994.59 hPa,0 mm,,2018,3
3/27/2018,35 Â°C / 25 Â°C,22 Â°C / 20 Â°C,62 %,,7 km/h,-,996.07 hPa,0 mm,,2018,3
3/26/2018,38 Â°C / 28 Â°C,22 Â°C / 18 Â°C,50 %,,6 km/h,-,996.7 hPa,0 mm,,2018,3
3/25/2018,36 Â°C / 27 Â°C,22 Â°C / 20 Â°C,58 %,,9 km/h,-,997.25 hPa,0 mm,,2018,3
3/24/2018,35 Â°C / 24 Â°C,22 Â°C / 21 Â°C,65 %,,6 km/h,-,996.8 hPa,0 mm,,2018,3
3/23/2018,32 Â°C / 24 Â°C,23 Â°C / 20 Â°C,70 %,,6 km/h,-,995.7 hPa,0 mm,,2018,3
3/22/2018,33 Â°C / 23 Â°C,22 Â°C / 21 Â°C,71 %,,7 km/h,-,994.75 hPa,0 mm,,2018,3
3/21/2018,36 Â°C / 24 Â°C,21 Â°C / 13 Â°C,51 %,,6 km/h,-,994.3 hPa,0 mm,,2018,3
3/20/2018,39 Â°C / 23 Â°C,18 Â°C / 12 Â°C,37 %,,11 km/h,-,993.9 hPa,0 mm,,2018,3
3/19/2018,38 Â°C / 25 Â°C,16 Â°C / 12 Â°C,38 %,,19 km/h,-,995.15 hPa,0 mm,,2018,3
3/18/2018,37 Â°C / 23 Â°C,18 Â°C / 14 Â°C,44 %,,9 km/h,-,995.7 hPa,0 mm,,2018,3
3/17/2018,36 Â°C / 22 Â°C,20 Â°C / 16 Â°C,56 %,,7 km/h,-,995.4 hPa,0 mm,,2018,3
3/16/2018,36 Â°C / 22 Â°C,20 Â°C / 15 Â°C,50 %,,9 km/h,-,995.06 hPa,0 mm,,2018,3
3/15/2018,37 Â°C / 22 Â°C,19 Â°C / 13 Â°C,45 %,,11 km/h,-,994.46 hPa,0 mm,,2018,3
3/14/2018,36 Â°C / 23 Â°C,18 Â°C / 8 Â°C,44 %,,15 km/h,-,994.31 hPa,0 mm,,2018,3
3/13/2018,37 Â°C / 23 Â°C,22 Â°C / 11 Â°C,57 %,,15 km/h,-,995.9 hPa,0 mm,,2018,3
3/12/2018,35 Â°C / 23 Â°C,23 Â°C / 19 Â°C,68 %,,7 km/h,-,997.08 hPa,0 mm,,2018,3
3/11/2018,34 Â°C / 22 Â°C,21 Â°C / 18 Â°C,64 %,,6 km/h,-,997.95 hPa,0 mm,,2018,3
3/10/2018,32 Â°C / 23 Â°C,22 Â°C / 18 Â°C,65 %,,6 km/h,-,998.99 hPa,0 mm,,2018,3
3/9/2018,28 Â°C / 25 Â°C,23 Â°C / 20 Â°C,73 %,,7 km/h,-,997.75 hPa,0 mm,,2018,3
3/8/2018,36 Â°C / 22 Â°C,24 Â°C / 20 Â°C,66 %,,9 km/h,-,995.21 hPa,0 mm,,2018,3
3/7/2018,39 Â°C / 22 Â°C,21 Â°C / 16 Â°C,50 %,,9 km/h,-,994.47 hPa,0 mm,,2018,3
3/6/2018,39 Â°C / 19 Â°C,19 Â°C / 15 Â°C,53 %,,7 km/h,-,994.8 hPa,0 mm,,2018,3
3/5/2018,38 Â°C / 19 Â°C,18 Â°C / 13 Â°C,52 %,,7 km/h,-,994.58 hPa,0 mm,,2018,3
3/4/2018,38 Â°C / 22 Â°C,17 Â°C / 8 Â°C,41 %,,11 km/h,-,994.22 hPa,0 mm,,2018,3
3/3/2018,37 Â°C / 21 Â°C,19 Â°C / 12 Â°C,46 %,,17 km/h,-,993.01 hPa,0 mm,,2018,3
3/2/2018,36 Â°C / 23 Â°C,19 Â°C / 13 Â°C,49 %,,15 km/h,-,993.68 hPa,0 mm,,2018,3
3/1/2018,37 Â°C / 23 Â°C,21 Â°C / 15 Â°C,57 %,,11 km/h,-,994.15 hPa,0 mm,,2018,3
4/30/2018,33 Â°C / 24 Â°C,25 Â°C / 23 Â°C,81 %,,11 km/h,-,995.66 hPa,0 mm,,2018,4
4/29/2018,28 Â°C / 23 Â°C,24 Â°C / 23 Â°C,91 %,,4 km/h,-,996.35 hPa,0 mm,,2018,4
4/28/2018,30 Â°C / 20 Â°C,24 Â°C / 19 Â°C,84 %,,7 km/h,-,997.65 hPa,1 mm,,2018,4
4/27/2018,34 Â°C / 24 Â°C,24 Â°C / 22 Â°C,71 %,,7 km/h,-,996.58 hPa,0 mm,,2018,4
4/26/2018,37 Â°C / 26 Â°C,23 Â°C / 22 Â°C,63 %,,13 km/h,-,993.9 hPa,0 mm,,2018,4
4/25/2018,39 Â°C / 29 Â°C,23 Â°C / 21 Â°C,54 %,,15 km/h,-,991.99 hPa,0 mm,,2018,4
4/24/2018,39 Â°C / 29 Â°C,24 Â°C / 18 Â°C,53 %,,13 km/h,-,991.93 hPa,0 mm,,2018,4
4/23/2018,39 Â°C / 29 Â°C,23 Â°C / 19 Â°C,53 %,,15 km/h,-,992.16 hPa,0 mm,,2018,4
4/22/2018,39 Â°C / 28 Â°C,23 Â°C / 20 Â°C,52 %,,9 km/h,-,993.14 hPa,0 mm,,2018,4
4/21/2018,38 Â°C / 24 Â°C,23 Â°C / 20 Â°C,61 %,,7 km/h,-,993.43 hPa,0 mm,,2018,4
4/20/2018,37 Â°C / 24 Â°C,23 Â°C / 20 Â°C,61 %,,9 km/h,-,993.81 hPa,0 mm,,2018,4
4/19/2018,37 Â°C / 23 Â°C,22 Â°C / 19 Â°C,66 %,,15 km/h,-,994.31 hPa,0 mm,,2018,4
4/18/2018,35 Â°C / 24 Â°C,23 Â°C / 22 Â°C,71 %,,6 km/h,-,996.68 hPa,0 mm,,2018,4
4/17/2018,35 Â°C / 25 Â°C,24 Â°C / 21 Â°C,72 %,,9 km/h,-,997.03 hPa,0 mm,,2018,4
4/16/2018,36 Â°C / 25 Â°C,24 Â°C / 21 Â°C,67 %,,7 km/h,-,994.95 hPa,0 mm,,2018,4
4/15/2018,40 Â°C / 30 Â°C,21 Â°C / 18 Â°C,42 %,,15 km/h,-,992.56 hPa,0 mm,,2018,4
4/14/2018,40 Â°C / 28 Â°C,24 Â°C / 19 Â°C,46 %,,11 km/h,-,992.44 hPa,0 mm,,2018,4
4/13/2018,39 Â°C / 29 Â°C,22 Â°C / 18 Â°C,47 %,,15 km/h,-,993.5 hPa,0 mm,,2018,4
4/12/2018,38 Â°C / 29 Â°C,24 Â°C / 18 Â°C,53 %,,15 km/h,-,992.8 hPa,0 mm,,2018,4
4/11/2018,38 Â°C / 26 Â°C,23 Â°C / 20 Â°C,59 %,,6 km/h,-,994.09 hPa,0 mm,,2018,4
4/10/2018,36 Â°C / 23 Â°C,23 Â°C / 21 Â°C,66 %,,7 km/h,-,995.45 hPa,0 mm,,2018,4
4/9/2018,34 Â°C / 21 Â°C,22 Â°C / 19 Â°C,69 %,,7 km/h,-,998 hPa,0 mm,,2018,4
4/8/2018,31 Â°C / 20 Â°C,20 Â°C / 17 Â°C,71 %,,7 km/h,-,1001.33 hPa,0 mm,,2018,4
4/7/2018,26 Â°C / 21 Â°C,23 Â°C / 20 Â°C,86 %,,9 km/h,-,999.68 hPa,0 mm,,2018,4
4/6/2018,35 Â°C / 24 Â°C,23 Â°C / 21 Â°C,67 %,,13 km/h,-,994.15 hPa,0 mm,,2018,4
4/5/2018,34 Â°C / 24 Â°C,24 Â°C / 22 Â°C,73 %,,9 km/h,-,993.8 hPa,0 mm,,2018,4
4/4/2018,36 Â°C / 24 Â°C,23 Â°C / 21 Â°C,69 %,,9 km/h,-,993.75 hPa,0 mm,,2018,4
4/3/2018,34 Â°C / 24 Â°C,23 Â°C / 19 Â°C,63 %,,7 km/h,-,995.35 hPa,0 mm,,2018,4
4/2/2018,35 Â°C / 24 Â°C,23 Â°C / 21 Â°C,72 %,,6 km/h,-,995.55 hPa,0 mm,,2018,4
4/1/2018,34 Â°C / 22 Â°C,24 Â°C / 21 Â°C,76 %,,9 km/h,-,996.21 hPa,0 mm,,2018,4
5/31/2018,32 Â°C / 25 Â°C,26 Â°C / 24 Â°C,90 %,,9 km/h,-,995.37 hPa,0.2 mm,,2018,5
5/30/2018,32 Â°C / 24 Â°C,26 Â°C / 24 Â°C,92 %,,9 km/h,-,994.36 hPa,19 mm,,2018,5
5/29/2018,32 Â°C / 25 Â°C,27 Â°C / 24 Â°C,91 %,,9 km/h,-,994.37 hPa,0 mm,,2018,5
5/28/2018,29 Â°C / 25 Â°C,26 Â°C / 24 Â°C,92 %,,0 km/h,-,995.03 hPa,0.2 mm,,2018,5
5/27/2018,32 Â°C / 25 Â°C,26 Â°C / 24 Â°C,85 %,,9 km/h,-,994.35 hPa,1 mm,,2018,5
5/26/2018,35 Â°C / 26 Â°C,26 Â°C / 24 Â°C,79 %,,13 km/h,-,993.23 hPa,0 mm,,2018,5
5/25/2018,34 Â°C / 25 Â°C,26 Â°C / 24 Â°C,83 %,,7 km/h,-,993.31 hPa,2 mm,,2018,5
5/24/2018,33 Â°C / 25 Â°C,26 Â°C / 24 Â°C,86 %,,6 km/h,-,993.96 hPa,7 mm,,2018,5
5/23/2018,34 Â°C / 25 Â°C,25 Â°C / 24 Â°C,77 %,,4 km/h,-,994.18 hPa,0 mm,,2018,5
5/22/2018,31 Â°C / 24 Â°C,26 Â°C / 23 Â°C,83 %,,6 km/h,-,994.73 hPa,0 mm,,2018,5
5/21/2018,36 Â°C / 27 Â°C,24 Â°C / 23 Â°C,66 %,,11 km/h,-,992.54 hPa,0 mm,,2018,5
5/20/2018,36 Â°C / 25 Â°C,26 Â°C / 23 Â°C,76 %,,9 km/h,-,992.4 hPa,0 mm,,2018,5
5/19/2018,35 Â°C / 24 Â°C,26 Â°C / 23 Â°C,81 %,,7 km/h,-,992.76 hPa,1 mm,,2018,5
5/18/2018,34 Â°C / 25 Â°C,25 Â°C / 23 Â°C,78 %,,4 km/h,-,992.51 hPa,0 mm,,2018,5
5/17/2018,35 Â°C / 27 Â°C,26 Â°C / 22 Â°C,70 %,,7 km/h,-,992.7 hPa,0 mm,,2018,5
5/16/2018,37 Â°C / 24 Â°C,26 Â°C / 23 Â°C,74 %,,7 km/h,-,992.53 hPa,0 mm,,2018,5
5/15/2018,36 Â°C / 24 Â°C,26 Â°C / 22 Â°C,77 %,,6 km/h,-,993.23 hPa,0 mm,,2018,5
5/14/2018,35 Â°C / 24 Â°C,26 Â°C / 22 Â°C,80 %,,11 km/h,-,995.34 hPa,0 mm,,2018,5
5/13/2018,34 Â°C / 25 Â°C,26 Â°C / 22 Â°C,80 %,,7 km/h,-,995.54 hPa,1 mm,,2018,5
5/12/2018,30 Â°C / 26 Â°C,26 Â°C / 24 Â°C,87 %,,4 km/h,-,995.15 hPa,0 mm,,2018,5
5/11/2018,34 Â°C / 24 Â°C,26 Â°C / 23 Â°C,81 %,,9 km/h,-,995.14 hPa,0 mm,,2018,5
5/10/2018,38 Â°C / 26 Â°C,26 Â°C / 23 Â°C,72 %,,7 km/h,-,994.66 hPa,0 mm,,2018,5
5/9/2018,39 Â°C / 26 Â°C,24 Â°C / 23 Â°C,66 %,,15 km/h,-,993.73 hPa,0 mm,,2018,5
5/8/2018,38 Â°C / 29 Â°C,25 Â°C / 22 Â°C,59 %,,15 km/h,-,992.63 hPa,0 mm,,2018,5
5/7/2018,37 Â°C / 28 Â°C,24 Â°C / 23 Â°C,61 %,,17 km/h,-,994 hPa,0 mm,,2018,5
5/6/2018,37 Â°C / 27 Â°C,25 Â°C / 23 Â°C,66 %,,7 km/h,-,995.47 hPa,0 mm,,2018,5
5/5/2018,33 Â°C / 25 Â°C,26 Â°C / 24 Â°C,83 %,,7 km/h,-,996.76 hPa,0 mm,,2018,5
5/4/2018,31 Â°C / 25 Â°C,26 Â°C / 24 Â°C,88 %,,9 km/h,-,996.3 hPa,0.2 mm,,2018,5
5/3/2018,31 Â°C / 24 Â°C,25 Â°C / 23 Â°C,85 %,,7 km/h,-,996.88 hPa,0 mm,,2018,5
5/2/2018,28 Â°C / 24 Â°C,25 Â°C / 23 Â°C,90 %,,9 km/h,-,996.61 hPa,0.6 mm,,2018,5
5/1/2018,31 Â°C / 25 Â°C,25 Â°C / 24 Â°C,88 %,,4 km/h,-,996.15 hPa,34 mm,,2018,5
6/30/2018,33 Â°C / 26 Â°C,23 Â°C / 22 Â°C,70 %,,13 km/h,-,991.89 hPa,0 mm,,2018,6
6/29/2018,33 Â°C / 24 Â°C,24 Â°C / 21 Â°C,75 %,,11 km/h,-,992.85 hPa,0 mm,,2018,6
6/28/2018,31 Â°C / 24 Â°C,24 Â°C / 23 Â°C,90 %,,19 km/h,-,994.95 hPa,0.6 mm,,2018,6
6/27/2018,28 Â°C / 24 Â°C,25 Â°C / 23 Â°C,93 %,,4 km/h,-,994.5 hPa,0 mm,,2018,6
6/26/2018,29 Â°C / 25 Â°C,25 Â°C / 21 Â°C,84 %,,7 km/h,-,992.93 hPa,0.6 mm,,2018,6
6/25/2018,31 Â°C / 26 Â°C,24 Â°C / 21 Â°C,74 %,,15 km/h,-,991.9 hPa,0 mm,,2018,6
6/24/2018,32 Â°C / 26 Â°C,24 Â°C / 21 Â°C,71 %,,17 km/h,-,992.41 hPa,0 mm,,2018,6
6/23/2018,31 Â°C / 27 Â°C,24 Â°C / 21 Â°C,70 %,,19 km/h,-,992.85 hPa,0 mm,,2018,6
6/22/2018,33 Â°C / 26 Â°C,24 Â°C / 22 Â°C,71 %,,13 km/h,-,993.25 hPa,0 mm,,2018,6
6/21/2018,31 Â°C / 26 Â°C,24 Â°C / 23 Â°C,79 %,,13 km/h,-,993.55 hPa,0 mm,,2018,6
6/20/2018,33 Â°C / 26 Â°C,26 Â°C / 23 Â°C,78 %,,11 km/h,-,991.84 hPa,0 mm,,2018,6
6/19/2018,33 Â°C / 28 Â°C,24 Â°C / 22 Â°C,68 %,,13 km/h,-,989.29 hPa,0 mm,,2018,6
6/18/2018,31 Â°C / 27 Â°C,23 Â°C / 21 Â°C,69 %,,17 km/h,-,987.91 hPa,0 mm,,2018,6
6/17/2018,28 Â°C / 26 Â°C,24 Â°C / 24 Â°C,81 %,,15 km/h,-,988.28 hPa,0 mm,,2018,6
6/16/2018,32 Â°C / 27 Â°C,25 Â°C / 22 Â°C,75 %,,19 km/h,-,989.24 hPa,0 mm,,2018,6
6/15/2018,31 Â°C / 25 Â°C,25 Â°C / 23 Â°C,82 %,,13 km/h,-,990.35 hPa,0.4 mm,,2018,6
6/14/2018,29 Â°C / 25 Â°C,26 Â°C / 24 Â°C,89 %,,9 km/h,-,990.6 hPa,3 mm,,2018,6
6/13/2018,31 Â°C / 26 Â°C,27 Â°C / 24 Â°C,89 %,,7 km/h,-,991.03 hPa,0 mm,,2018,6
6/12/2018,29 Â°C / 25 Â°C,27 Â°C / 24 Â°C,94 %,,7 km/h,-,992.06 hPa,0.5 mm,,2018,6
6/11/2018,31 Â°C / 25 Â°C,27 Â°C / 24 Â°C,92 %,,6 km/h,-,991.2 hPa,2.8 mm,,2018,6
6/10/2018,30 Â°C / 25 Â°C,27 Â°C / 24 Â°C,93 %,,7 km/h,-,991.5 hPa,0 mm,,2018,6
6/9/2018,31 Â°C / 25 Â°C,26 Â°C / 22 Â°C,88 %,,9 km/h,-,990.48 hPa,4 mm,,2018,6
6/8/2018,31 Â°C / 27 Â°C,25 Â°C / 22 Â°C,75 %,,17 km/h,-,990.95 hPa,0.2 mm,,2018,6
6/7/2018,32 Â°C / 28 Â°C,24 Â°C / 23 Â°C,71 %,,17 km/h,-,991.98 hPa,0 mm,,2018,6
6/6/2018,33 Â°C / 28 Â°C,25 Â°C / 23 Â°C,68 %,,17 km/h,-,992.96 hPa,0 mm,,2018,6
6/5/2018,36 Â°C / 27 Â°C,26 Â°C / 23 Â°C,72 %,,11 km/h,-,992.18 hPa,2 mm,,2018,6
6/4/2018,34 Â°C / 27 Â°C,26 Â°C / 23 Â°C,71 %,,11 km/h,-,991.09 hPa,0 mm,,2018,6
6/3/2018,34 Â°C / 28 Â°C,25 Â°C / 22 Â°C,66 %,,15 km/h,-,992.25 hPa,0 mm,,2018,6
6/2/2018,35 Â°C / 25 Â°C,27 Â°C / 23 Â°C,77 %,,11 km/h,-,993.75 hPa,0 mm,,2018,6
6/1/2018,33 Â°C / 24 Â°C,26 Â°C / 24 Â°C,80 %,,11 km/h,-,994.81 hPa,0 mm,,2018,6
7/31/2018,31 Â°C / 24 Â°C,24 Â°C / 22 Â°C,82 %,,9 km/h,-,992.51 hPa,0 mm,,2018,7
7/30/2018,29 Â°C / 27 Â°C,24 Â°C / 22 Â°C,75 %,,15 km/h,-,991.38 hPa,0 mm,,2018,7
7/29/2018,31 Â°C / 24 Â°C,24 Â°C / 22 Â°C,79 %,,11 km/h,-,990.84 hPa,0 mm,,2018,7
7/28/2018,29 Â°C / 25 Â°C,25 Â°C / 22 Â°C,83 %,,15 km/h,-,991.36 hPa,0.8 mm,,2018,7
7/27/2018,28 Â°C / 26 Â°C,26 Â°C / 23 Â°C,86 %,,9 km/h,-,991.06 hPa,0.6 mm,,2018,7
7/26/2018,31 Â°C / 24 Â°C,24 Â°C / 23 Â°C,82 %,,13 km/h,-,991.71 hPa,1.2 mm,,2018,7
7/25/2018,29 Â°C / 24 Â°C,25 Â°C / 22 Â°C,81 %,,15 km/h,-,991.71 hPa,0.8 mm,,2018,7
7/24/2018,30 Â°C / 27 Â°C,24 Â°C / 22 Â°C,72 %,,17 km/h,-,991.39 hPa,0 mm,,2018,7
7/23/2018,31 Â°C / 27 Â°C,24 Â°C / 22 Â°C,72 %,,19 km/h,-,991.2 hPa,0 mm,,2018,7
7/22/2018,29 Â°C / 26 Â°C,26 Â°C / 23 Â°C,81 %,,13 km/h,-,991.8 hPa,1 mm,,2018,7
7/21/2018,29 Â°C / 25 Â°C,26 Â°C / 23 Â°C,91 %,,6 km/h,-,991.49 hPa,0.2 mm,,2018,7
7/20/2018,28 Â°C / 25 Â°C,26 Â°C / 24 Â°C,94 %,,4 km/h,-,990.51 hPa,1 mm,,2018,7
7/19/2018,30 Â°C / 25 Â°C,26 Â°C / 23 Â°C,86 %,,13 km/h,-,988.51 hPa,0.6 mm,,2018,7
7/18/2018,29 Â°C / 24 Â°C,26 Â°C / 23 Â°C,89 %,,0 km/h,-,986.99 hPa,0 mm,,2018,7
7/17/2018,29 Â°C / 26 Â°C,24 Â°C / 21 Â°C,77 %,,20 km/h,-,988.33 hPa,0 mm,,2018,7
7/16/2018,28 Â°C / 25 Â°C,24 Â°C / 22 Â°C,80 %,,11 km/h,-,990.63 hPa,0 mm,,2018,7
7/15/2018,31 Â°C / 27 Â°C,23 Â°C / 22 Â°C,71 %,,19 km/h,-,990.41 hPa,0 mm,,2018,7
7/14/2018,30 Â°C / 25 Â°C,23 Â°C / 21 Â°C,75 %,,11 km/h,-,989.68 hPa,0 mm,,2018,7
7/13/2018,32 Â°C / 27 Â°C,23 Â°C / 22 Â°C,68 %,,19 km/h,-,988.86 hPa,0 mm,,2018,7
7/12/2018,32 Â°C / 25 Â°C,23 Â°C / 21 Â°C,69 %,,17 km/h,-,989.35 hPa,1 mm,,2018,7
7/11/2018,31 Â°C / 26 Â°C,22 Â°C / 21 Â°C,69 %,,19 km/h,-,990.45 hPa,0 mm,,2018,7
7/10/2018,31 Â°C / 25 Â°C,23 Â°C / 21 Â°C,72 %,,17 km/h,-,991.21 hPa,0 mm,,2018,7
7/9/2018,30 Â°C / 26 Â°C,23 Â°C / 21 Â°C,69 %,,15 km/h,-,990.83 hPa,0 mm,,2018,7
7/8/2018,31 Â°C / 27 Â°C,23 Â°C / 21 Â°C,68 %,,15 km/h,-,990.15 hPa,0 mm,,2018,7
7/7/2018,31 Â°C / 27 Â°C,23 Â°C / 22 Â°C,70 %,,19 km/h,-,990.2 hPa,0 mm,,2018,7
7/6/2018,30 Â°C / 26 Â°C,24 Â°C / 22 Â°C,72 %,,17 km/h,-,989.49 hPa,0 mm,,2018,7
7/5/2018,33 Â°C / 27 Â°C,23 Â°C / 22 Â°C,68 %,,19 km/h,-,990.03 hPa,0 mm,,2018,7
7/4/2018,32 Â°C / 25 Â°C,23 Â°C / 22 Â°C,71 %,,17 km/h,-,991.3 hPa,0 mm,,2018,7
7/3/2018,32 Â°C / 27 Â°C,23 Â°C / 22 Â°C,68 %,,20 km/h,-,991.81 hPa,0 mm,,2018,7
7/2/2018,32 Â°C / 26 Â°C,23 Â°C / 22 Â°C,69 %,,17 km/h,-,992.28 hPa,0 mm,,2018,7
7/1/2018,33 Â°C / 26 Â°C,24 Â°C / 22 Â°C,70 %,,15 km/h,-,992.51 hPa,0 mm,,2018,7
8/31/2018,30 Â°C / 26 Â°C,22 Â°C / 21 Â°C,70 %,,15 km/h,-,992.2 hPa,0 mm,,2018,8
8/30/2018,30 Â°C / 26 Â°C,22 Â°C / 21 Â°C,69 %,,19 km/h,-,990.91 hPa,0 mm,,2018,8
8/29/2018,29 Â°C / 26 Â°C,22 Â°C / 21 Â°C,71 %,,19 km/h,-,992.8 hPa,0 mm,,2018,8
8/28/2018,32 Â°C / 24 Â°C,22 Â°C / 21 Â°C,72 %,,17 km/h,-,993.49 hPa,0 mm,,2018,8
8/27/2018,31 Â°C / 26 Â°C,22 Â°C / 21 Â°C,65 %,,15 km/h,-,991.98 hPa,0 mm,,2018,8
8/26/2018,30 Â°C / 24 Â°C,24 Â°C / 21 Â°C,76 %,,13 km/h,-,991.21 hPa,0 mm,,2018,8
8/25/2018,28 Â°C / 24 Â°C,24 Â°C / 22 Â°C,84 %,,7 km/h,-,992.41 hPa,0.6 mm,,2018,8
8/24/2018,32 Â°C / 26 Â°C,24 Â°C / 22 Â°C,77 %,,15 km/h,-,991.68 hPa,0 mm,,2018,8
8/23/2018,32 Â°C / 26 Â°C,23 Â°C / 22 Â°C,70 %,,15 km/h,-,990.89 hPa,0.4 mm,,2018,8
8/22/2018,32 Â°C / 27 Â°C,23 Â°C / 22 Â°C,70 %,,17 km/h,-,990.55 hPa,0 mm,,2018,8
8/21/2018,31 Â°C / 25 Â°C,23 Â°C / 21 Â°C,73 %,,17 km/h,-,991.56 hPa,0 mm,,2018,8
8/20/2018,32 Â°C / 25 Â°C,25 Â°C / 22 Â°C,77 %,,11 km/h,-,992.5 hPa,0 mm,,2018,8
8/19/2018,29 Â°C / 25 Â°C,25 Â°C / 24 Â°C,88 %,,0 km/h,-,990.21 hPa,0 mm,,2018,8
8/18/2018,31 Â°C / 24 Â°C,24 Â°C / 23 Â°C,82 %,,13 km/h,-,986.5 hPa,0.8 mm,,2018,8
8/17/2018,31 Â°C / 27 Â°C,23 Â°C / 21 Â°C,69 %,,19 km/h,-,986.43 hPa,0 mm,,2018,8
8/16/2018,30 Â°C / 27 Â°C,22 Â°C / 21 Â°C,69 %,,20 km/h,-,991.08 hPa,0 mm,,2018,8
8/15/2018,31 Â°C / 26 Â°C,23 Â°C / 21 Â°C,69 %,,15 km/h,-,992.51 hPa,0 mm,,2018,8
8/14/2018,32 Â°C / 27 Â°C,24 Â°C / 21 Â°C,70 %,,17 km/h,-,990.72 hPa,0.6 mm,,2018,8
8/13/2018,32 Â°C / 26 Â°C,24 Â°C / 21 Â°C,76 %,,15 km/h,-,990.29 hPa,0.2 mm,,2018,8
8/12/2018,31 Â°C / 26 Â°C,24 Â°C / 21 Â°C,72 %,,11 km/h,-,989.61 hPa,0 mm,,2018,8
8/11/2018,31 Â°C / 27 Â°C,22 Â°C / 22 Â°C,72 %,,15 km/h,-,990.97 hPa,0 mm,,2018,8
8/10/2018,33 Â°C / 26 Â°C,24 Â°C / 22 Â°C,70 %,,17 km/h,-,990.8 hPa,0 mm,,2018,8
8/9/2018,31 Â°C / 27 Â°C,23 Â°C / 21 Â°C,68 %,,20 km/h,-,990.65 hPa,0 mm,,2018,8
8/8/2018,33 Â°C / 26 Â°C,23 Â°C / 22 Â°C,68 %,,15 km/h,-,990.65 hPa,0 mm,,2018,8
8/7/2018,29 Â°C / 25 Â°C,25 Â°C / 22 Â°C,83 %,,9 km/h,-,990.9 hPa,2 mm,,2018,8
8/6/2018,29 Â°C / 24 Â°C,25 Â°C / 23 Â°C,86 %,,4 km/h,-,991.21 hPa,0 mm,,2018,8
8/5/2018,31 Â°C / 25 Â°C,25 Â°C / 22 Â°C,82 %,,7 km/h,-,990.69 hPa,0.2 mm,,2018,8
8/4/2018,31 Â°C / 25 Â°C,23 Â°C / 21 Â°C,73 %,,17 km/h,-,990.86 hPa,0 mm,,2018,8
8/3/2018,29 Â°C / 25 Â°C,24 Â°C / 21 Â°C,76 %,,11 km/h,-,991.88 hPa,1 mm,,2018,8
8/2/2018,31 Â°C / 25 Â°C,23 Â°C / 21 Â°C,72 %,,17 km/h,-,992.89 hPa,0 mm,,2018,8
8/1/2018,30 Â°C / 25 Â°C,25 Â°C / 21 Â°C,81 %,,11 km/h,-,992.76 hPa,0.4 mm,,2018,8
9/30/2018,31 Â°C / 25 Â°C,25 Â°C / 23 Â°C,84 %,,11 km/h,-,995.03 hPa,0 mm,,2018,9
9/29/2018,32 Â°C / 26 Â°C,27 Â°C / 23 Â°C,80 %,,9 km/h,-,994.46 hPa,0.2 mm,,2018,9
9/28/2018,37 Â°C / 28 Â°C,25 Â°C / 23 Â°C,65 %,,7 km/h,-,993.72 hPa,0 mm,,2018,9
9/27/2018,36 Â°C / 27 Â°C,24 Â°C / 22 Â°C,65 %,,11 km/h,-,993.79 hPa,0 mm,,2018,9
9/26/2018,35 Â°C / 26 Â°C,24 Â°C / 21 Â°C,65 %,,15 km/h,-,993.78 hPa,0 mm,,2018,9
9/25/2018,33 Â°C / 26 Â°C,24 Â°C / 22 Â°C,68 %,,17 km/h,-,994.98 hPa,0 mm,,2018,9
9/24/2018,34 Â°C / 26 Â°C,25 Â°C / 24 Â°C,77 %,,4 km/h,-,996.49 hPa,0 mm,,2018,9
9/23/2018,33 Â°C / 22 Â°C,26 Â°C / 22 Â°C,78 %,,6 km/h,-,997.91 hPa,14 mm,,2018,9
9/22/2018,35 Â°C / 25 Â°C,25 Â°C / 23 Â°C,73 %,,7 km/h,-,996.58 hPa,0 mm,,2018,9
9/21/2018,33 Â°C / 24 Â°C,26 Â°C / 23 Â°C,79 %,,6 km/h,-,996.34 hPa,0 mm,,2018,9
9/20/2018,31 Â°C / 23 Â°C,24 Â°C / 23 Â°C,85 %,,6 km/h,-,996.36 hPa,0 mm,,2018,9
9/19/2018,30 Â°C / 24 Â°C,25 Â°C / 23 Â°C,89 %,,6 km/h,-,994.84 hPa,1 mm,,2018,9
9/18/2018,32 Â°C / 25 Â°C,24 Â°C / 24 Â°C,82 %,,6 km/h,-,991.46 hPa,0 mm,,2018,9
9/17/2018,35 Â°C / 28 Â°C,24 Â°C / 23 Â°C,67 %,,15 km/h,-,988.6 hPa,0 mm,,2018,9
9/16/2018,35 Â°C / 24 Â°C,25 Â°C / 23 Â°C,74 %,,6 km/h,-,990.06 hPa,0 mm,,2018,9
9/15/2018,33 Â°C / 24 Â°C,27 Â°C / 22 Â°C,84 %,,6 km/h,-,992.44 hPa,0 mm,,2018,9
9/14/2018,34 Â°C / 25 Â°C,26 Â°C / 23 Â°C,76 %,,9 km/h,-,992.56 hPa,0 mm,,2018,9
9/13/2018,33 Â°C / 27 Â°C,26 Â°C / 21 Â°C,71 %,,15 km/h,-,992.38 hPa,0 mm,,2018,9
9/12/2018,32 Â°C / 27 Â°C,23 Â°C / 21 Â°C,65 %,,20 km/h,-,993.35 hPa,0 mm,,2018,9
9/11/2018,34 Â°C / 27 Â°C,23 Â°C / 22 Â°C,65 %,,15 km/h,-,995.36 hPa,0 mm,,2018,9
9/10/2018,32 Â°C / 25 Â°C,24 Â°C / 23 Â°C,82 %,,9 km/h,-,996.93 hPa,0 mm,,2018,9
9/9/2018,32 Â°C / 23 Â°C,25 Â°C / 23 Â°C,83 %,,7 km/h,-,995.21 hPa,0 mm,,2018,9
9/8/2018,32 Â°C / 24 Â°C,24 Â°C / 22 Â°C,78 %,,15 km/h,-,992.75 hPa,0 mm,,2018,9
9/7/2018,34 Â°C / 27 Â°C,23 Â°C / 21 Â°C,63 %,,19 km/h,-,992.35 hPa,0 mm,,2018,9
9/6/2018,33 Â°C / 24 Â°C,22 Â°C / 21 Â°C,67 %,,22 km/h,-,993.35 hPa,0 mm,,2018,9
9/5/2018,29 Â°C / 24 Â°C,23 Â°C / 21 Â°C,73 %,,20 km/h,-,994.29 hPa,0 mm,,2018,9
9/4/2018,31 Â°C / 26 Â°C,22 Â°C / 21 Â°C,70 %,,17 km/h,-,993.1 hPa,0 mm,,2018,9
9/3/2018,32 Â°C / 28 Â°C,23 Â°C / 22 Â°C,65 %,,13 km/h,-,991.5 hPa,0 mm,,2018,9
9/2/2018,31 Â°C / 27 Â°C,23 Â°C / 22 Â°C,67 %,,19 km/h,-,993.75 hPa,0 mm,,2018,9
9/1/2018,32 Â°C / 25 Â°C,23 Â°C / 21 Â°C,72 %,,15 km/h,-,994.85 hPa,0 mm,,2018,9
10/31/2018,31 Â°C / 23 Â°C,23 Â°C / 18 Â°C,75 %,,9 km/h,-,999.25 hPa,0 mm,,2018,10
10/30/2018,32 Â°C / 24 Â°C,24 Â°C / 22 Â°C,80 %,,6 km/h,-,997.86 hPa,0 mm,,2018,10
10/29/2018,33 Â°C / 24 Â°C,26 Â°C / 23 Â°C,81 %,,7 km/h,-,998.29 hPa,0 mm,,2018,10
10/28/2018,33 Â°C / 24 Â°C,24 Â°C / 23 Â°C,78 %,,6 km/h,-,999.49 hPa,0 mm,,2018,10
10/27/2018,33 Â°C / 26 Â°C,25 Â°C / 22 Â°C,79 %,,7 km/h,-,999.49 hPa,0 mm,,2018,10
10/26/2018,33 Â°C / 24 Â°C,26 Â°C / 23 Â°C,82 %,,4 km/h,-,999.5 hPa,0 mm,,2018,10
10/25/2018,32 Â°C / 24 Â°C,26 Â°C / 23 Â°C,87 %,,7 km/h,-,999.03 hPa,0 mm,,2018,10
10/24/2018,30 Â°C / 24 Â°C,26 Â°C / 23 Â°C,89 %,,4 km/h,-,998.25 hPa,0 mm,,2018,10
10/23/2018,31 Â°C / 24 Â°C,25 Â°C / 24 Â°C,90 %,,6 km/h,-,997.69 hPa,0.2 mm,,2018,10
10/22/2018,30 Â°C / 24 Â°C,25 Â°C / 23 Â°C,88 %,,7 km/h,-,997.88 hPa,0 mm,,2018,10
10/21/2018,26 Â°C / 22 Â°C,24 Â°C / 22 Â°C,95 %,,6 km/h,-,998.41 hPa,5 mm,,2018,10
10/20/2018,33 Â°C / 26 Â°C,26 Â°C / 24 Â°C,82 %,,0 km/h,-,997.21 hPa,0 mm,,2018,10
10/19/2018,35 Â°C / 26 Â°C,26 Â°C / 23 Â°C,74 %,,7 km/h,-,996.29 hPa,0 mm,,2018,10
10/18/2018,35 Â°C / 25 Â°C,23 Â°C / 22 Â°C,64 %,,9 km/h,-,995.11 hPa,0 mm,,2018,10
10/17/2018,34 Â°C / 26 Â°C,24 Â°C / 22 Â°C,66 %,,11 km/h,-,995.59 hPa,0 mm,,2018,10
10/16/2018,35 Â°C / 25 Â°C,26 Â°C / 23 Â°C,77 %,,9 km/h,-,996.66 hPa,0 mm,,2018,10
10/15/2018,35 Â°C / 24 Â°C,25 Â°C / 23 Â°C,76 %,,6 km/h,-,997.25 hPa,0 mm,,2018,10
10/14/2018,34 Â°C / 23 Â°C,25 Â°C / 22 Â°C,78 %,,6 km/h,-,997.73 hPa,0 mm,,2018,10
10/13/2018,33 Â°C / 23 Â°C,24 Â°C / 22 Â°C,79 %,,6 km/h,-,999.16 hPa,0 mm,,2018,10
10/12/2018,32 Â°C / 24 Â°C,25 Â°C / 22 Â°C,81 %,,13 km/h,-,999.61 hPa,0 mm,,2018,10
10/11/2018,31 Â°C / 24 Â°C,25 Â°C / 23 Â°C,84 %,,9 km/h,-,998.46 hPa,0.2 mm,,2018,10
10/10/2018,31 Â°C / 24 Â°C,26 Â°C / 23 Â°C,85 %,,6 km/h,-,996.66 hPa,3 mm,,2018,10
10/9/2018,31 Â°C / 23 Â°C,25 Â°C / 23 Â°C,82 %,,6 km/h,-,996.19 hPa,0 mm,,2018,10
10/8/2018,32 Â°C / 24 Â°C,24 Â°C / 23 Â°C,81 %,,6 km/h,-,996.5 hPa,0 mm,,2018,10
10/7/2018,33 Â°C / 24 Â°C,25 Â°C / 23 Â°C,82 %,,6 km/h,-,996.99 hPa,0 mm,,2018,10
10/6/2018,32 Â°C / 24 Â°C,24 Â°C / 23 Â°C,82 %,,6 km/h,-,997.16 hPa,0 mm,,2018,10
10/5/2018,31 Â°C / 24 Â°C,25 Â°C / 23 Â°C,84 %,,6 km/h,-,997.58 hPa,0 mm,,2018,10
10/4/2018,31 Â°C / 24 Â°C,25 Â°C / 23 Â°C,85 %,,4 km/h,-,997.58 hPa,1 mm,,2018,10
10/3/2018,28 Â°C / 24 Â°C,25 Â°C / 24 Â°C,91 %,,6 km/h,-,997.45 hPa,5 mm,,2018,10
10/2/2018,29 Â°C / 24 Â°C,26 Â°C / 23 Â°C,90 %,,7 km/h,-,997.4 hPa,0.2 mm,,2018,10
10/1/2018,33 Â°C / 24 Â°C,25 Â°C / 23 Â°C,80 %,,11 km/h,-,996.26 hPa,0 mm,,2018,10
11/30/2018,33 Â°C / 23 Â°C,23 Â°C / 20 Â°C,75 %,,9 km/h,-,1000.56 hPa,0 mm,,2018,11
11/29/2018,31 Â°C / 22 Â°C,22 Â°C / 18 Â°C,74 %,,4 km/h,-,1001.81 hPa,0 mm,,2018,11
11/28/2018,30 Â°C / 18 Â°C,21 Â°C / 17 Â°C,73 %,,7 km/h,-,1001.28 hPa,0 mm,,2018,11
11/27/2018,31 Â°C / 18 Â°C,19 Â°C / 18 Â°C,74 %,,4 km/h,-,1000.77 hPa,0 mm,,2018,11
11/26/2018,31 Â°C / 22 Â°C,22 Â°C / 19 Â°C,77 %,,4 km/h,-,999.14 hPa,0 mm,,2018,11
11/25/2018,31 Â°C / 22 Â°C,23 Â°C / 22 Â°C,80 %,,6 km/h,-,998.8 hPa,0 mm,,2018,11
11/24/2018,32 Â°C / 22 Â°C,23 Â°C / 21 Â°C,78 %,,6 km/h,-,999.21 hPa,0 mm,,2018,11
11/23/2018,31 Â°C / 23 Â°C,24 Â°C / 22 Â°C,83 %,,6 km/h,-,1000.3 hPa,0 mm,,2018,11
11/22/2018,32 Â°C / 22 Â°C,24 Â°C / 22 Â°C,81 %,,7 km/h,-,998.84 hPa,0 mm,,2018,11
11/21/2018,34 Â°C / 23 Â°C,24 Â°C / 21 Â°C,75 %,,7 km/h,-,997.62 hPa,0 mm,,2018,11
11/20/2018,34 Â°C / 23 Â°C,24 Â°C / 22 Â°C,77 %,,6 km/h,-,998.1 hPa,0 mm,,2018,11
11/19/2018,33 Â°C / 22 Â°C,24 Â°C / 22 Â°C,79 %,,4 km/h,-,998.55 hPa,0 mm,,2018,11
11/18/2018,33 Â°C / 24 Â°C,25 Â°C / 22 Â°C,80 %,,11 km/h,-,997.71 hPa,0 mm,,2018,11
11/17/2018,34 Â°C / 24 Â°C,26 Â°C / 23 Â°C,80 %,,6 km/h,-,996.66 hPa,0 mm,,2018,11
11/16/2018,34 Â°C / 24 Â°C,25 Â°C / 23 Â°C,80 %,,6 km/h,-,996.64 hPa,0 mm,,2018,11
11/15/2018,34 Â°C / 23 Â°C,25 Â°C / 23 Â°C,80 %,,6 km/h,-,996.45 hPa,0 mm,,2018,11
11/14/2018,32 Â°C / 24 Â°C,26 Â°C / 23 Â°C,84 %,,6 km/h,-,995.58 hPa,0 mm,,2018,11
11/13/2018,32 Â°C / 23 Â°C,25 Â°C / 23 Â°C,83 %,,7 km/h,-,995.72 hPa,0 mm,,2018,11
11/12/2018,31 Â°C / 24 Â°C,25 Â°C / 23 Â°C,84 %,,6 km/h,-,996.99 hPa,0 mm,,2018,11
11/11/2018,30 Â°C / 24 Â°C,24 Â°C / 23 Â°C,85 %,,6 km/h,-,998.18 hPa,0 mm,,2018,11
11/10/2018,28 Â°C / 23 Â°C,24 Â°C / 22 Â°C,90 %,,6 km/h,-,998.33 hPa,0.6 mm,,2018,11
11/9/2018,29 Â°C / 24 Â°C,24 Â°C / 22 Â°C,85 %,,6 km/h,-,997.15 hPa,0 mm,,2018,11
11/8/2018,33 Â°C / 23 Â°C,24 Â°C / 21 Â°C,76 %,,7 km/h,-,997.39 hPa,0 mm,,2018,11
11/7/2018,33 Â°C / 21 Â°C,23 Â°C / 20 Â°C,77 %,,6 km/h,-,998.6 hPa,0 mm,,2018,11
11/6/2018,33 Â°C / 20 Â°C,23 Â°C / 19 Â°C,77 %,,6 km/h,-,998.16 hPa,0 mm,,2018,11
11/5/2018,33 Â°C / 20 Â°C,22 Â°C / 19 Â°C,77 %,,6 km/h,-,998.1 hPa,0 mm,,2018,11
11/4/2018,32 Â°C / 19 Â°C,22 Â°C / 19 Â°C,76 %,,7 km/h,-,998.88 hPa,0 mm,,2018,11
11/3/2018,31 Â°C / 20 Â°C,21 Â°C / 18 Â°C,79 %,,6 km/h,-,999.91 hPa,0 mm,,2018,11
11/2/2018,31 Â°C / 21 Â°C,21 Â°C / 19 Â°C,78 %,,4 km/h,-,999.41 hPa,0 mm,,2018,11
11/1/2018,30 Â°C / 22 Â°C,23 Â°C / 19 Â°C,78 %,,4 km/h,-,998.89 hPa,0 mm,,2018,11
12/31/2018,27 Â°C / 20 Â°C,21 Â°C / 19 Â°C,81 %,,0 km/h,-,1003.05 hPa,0 mm,,2018,12
12/30/2018,26 Â°C / 22 Â°C,21 Â°C / 18 Â°C,82 %,,4 km/h,-,1001.94 hPa,0 mm,,2018,12
12/29/2018,25 Â°C / 23 Â°C,22 Â°C / 20 Â°C,83 %,,6 km/h,-,999.23 hPa,0 mm,,2018,12
12/28/2018,32 Â°C / 17 Â°C,19 Â°C / 16 Â°C,66 %,,7 km/h,-,996.25 hPa,0 mm,,2018,12
12/27/2018,33 Â°C / 17 Â°C,18 Â°C / 14 Â°C,66 %,,4 km/h,-,995.81 hPa,0 mm,,2018,12
12/26/2018,33 Â°C / 17 Â°C,18 Â°C / 14 Â°C,65 %,,6 km/h,-,996.3 hPa,0 mm,,2018,12
12/25/2018,33 Â°C / 18 Â°C,18 Â°C / 14 Â°C,64 %,,13 km/h,-,996.86 hPa,0 mm,,2018,12
12/24/2018,33 Â°C / 20 Â°C,20 Â°C / 16 Â°C,66 %,,7 km/h,-,998.03 hPa,0 mm,,2018,12
12/23/2018,34 Â°C / 22 Â°C,21 Â°C / 18 Â°C,64 %,,9 km/h,-,997.85 hPa,0 mm,,2018,12
12/22/2018,34 Â°C / 23 Â°C,22 Â°C / 20 Â°C,70 %,,9 km/h,-,997.6 hPa,0 mm,,2018,12
12/21/2018,34 Â°C / 24 Â°C,22 Â°C / 20 Â°C,69 %,,9 km/h,-,997.1 hPa,0 mm,,2018,12
12/20/2018,34 Â°C / 20 Â°C,22 Â°C / 19 Â°C,74 %,,11 km/h,-,998.76 hPa,0 mm,,2018,12
12/19/2018,32 Â°C / 20 Â°C,22 Â°C / 19 Â°C,76 %,,7 km/h,-,1000.22 hPa,0 mm,,2018,12
12/18/2018,30 Â°C / 20 Â°C,21 Â°C / 19 Â°C,77 %,,4 km/h,-,1000.84 hPa,0 mm,,2018,12
12/17/2018,32 Â°C / 20 Â°C,21 Â°C / 18 Â°C,73 %,,6 km/h,-,1001.68 hPa,0 mm,,2018,12
12/16/2018,32 Â°C / 21 Â°C,21 Â°C / 18 Â°C,72 %,,6 km/h,-,1002.28 hPa,0 mm,,2018,12
12/15/2018,30 Â°C / 20 Â°C,21 Â°C / 18 Â°C,78 %,,7 km/h,-,1002.5 hPa,0 mm,,2018,12
12/14/2018,28 Â°C / 19 Â°C,21 Â°C / 19 Â°C,81 %,,6 km/h,-,1002.34 hPa,0 mm,,2018,12
12/13/2018,27 Â°C / 23 Â°C,23 Â°C / 19 Â°C,83 %,,7 km/h,-,1001.78 hPa,0 mm,,2018,12
12/12/2018,27 Â°C / 24 Â°C,23 Â°C / 22 Â°C,89 %,,4 km/h,-,1000.17 hPa,1 mm,,2018,12
12/11/2018,29 Â°C / 23 Â°C,23 Â°C / 22 Â°C,82 %,,7 km/h,-,998.96 hPa,0 mm,,2018,12
12/10/2018,28 Â°C / 23 Â°C,23 Â°C / 22 Â°C,83 %,,4 km/h,-,998.88 hPa,0 mm,,2018,12
12/9/2018,29 Â°C / 23 Â°C,23 Â°C / 22 Â°C,87 %,,9 km/h,-,998.96 hPa,0 mm,,2018,12
12/8/2018,26 Â°C / 24 Â°C,24 Â°C / 22 Â°C,89 %,,0 km/h,-,998.79 hPa,0.6 mm,,2018,12
12/7/2018,33 Â°C / 22 Â°C,23 Â°C / 21 Â°C,77 %,,6 km/h,-,996.45 hPa,0 mm,,2018,12
12/6/2018,33 Â°C / 22 Â°C,23 Â°C / 21 Â°C,75 %,,6 km/h,-,995.8 hPa,0 mm,,2018,12
12/5/2018,34 Â°C / 22 Â°C,23 Â°C / 21 Â°C,75 %,,6 km/h,-,996.35 hPa,0 mm,,2018,12
12/4/2018,35 Â°C / 22 Â°C,23 Â°C / 22 Â°C,75 %,,6 km/h,-,997.85 hPa,0 mm,,2018,12
12/3/2018,34 Â°C / 22 Â°C,24 Â°C / 21 Â°C,77 %,,6 km/h,-,997.49 hPa,0 mm,,2018,12
12/2/2018,34 Â°C / 22 Â°C,23 Â°C / 21 Â°C,78 %,,6 km/h,-,997.13 hPa,0 mm,,2018,12
12/1/2018,33 Â°C / 22 Â°C,23 Â°C / 21 Â°C,78 %,,4 km/h,-,998.43 hPa,0 mm,,2018,12
1/31/2019,34 Â°C / 18 Â°C,19 Â°C / 16 Â°C,64 %,,6 km/h,-,999.86 hPa,0 mm,,2019,1
1/30/2019,34 Â°C / 17 Â°C,19 Â°C / 16 Â°C,68 %,,6 km/h,-,999.51 hPa,0 mm,,2019,1
1/29/2019,32 Â°C / 17 Â°C,18 Â°C / 14 Â°C,67 %,,4 km/h,-,999.78 hPa,0 mm,,2019,1
1/28/2019,32 Â°C / 17 Â°C,18 Â°C / 14 Â°C,67 %,,6 km/h,-,1001.05 hPa,0 mm,,2019,1
1/27/2019,31 Â°C / 18 Â°C,18 Â°C / 16 Â°C,68 %,,6 km/h,-,1001.84 hPa,0 mm,,2019,1
1/26/2019,30 Â°C / 19 Â°C,18 Â°C / 16 Â°C,67 %,,13 km/h,-,1001.34 hPa,0 mm,,2019,1
1/25/2019,33 Â°C / 18 Â°C,18 Â°C / 15 Â°C,68 %,,6 km/h,-,1000.34 hPa,0 mm,,2019,1
1/24/2019,33 Â°C / 19 Â°C,19 Â°C / 16 Â°C,65 %,,4 km/h,-,999.53 hPa,0 mm,,2019,1
1/23/2019,33 Â°C / 21 Â°C,19 Â°C / 17 Â°C,66 %,,7 km/h,-,999.8 hPa,0 mm,,2019,1
1/22/2019,32 Â°C / 21 Â°C,20 Â°C / 17 Â°C,70 %,,9 km/h,-,1000.03 hPa,0 mm,,2019,1
1/21/2019,33 Â°C / 19 Â°C,20 Â°C / 17 Â°C,66 %,,7 km/h,-,998.92 hPa,0 mm,,2019,1
1/20/2019,34 Â°C / 19 Â°C,20 Â°C / 16 Â°C,66 %,,6 km/h,-,998.29 hPa,0 mm,,2019,1
1/19/2019,32 Â°C / 19 Â°C,20 Â°C / 17 Â°C,69 %,,6 km/h,-,998.98 hPa,0 mm,,2019,1
1/18/2019,32 Â°C / 20 Â°C,20 Â°C / 18 Â°C,71 %,,6 km/h,-,999.33 hPa,0 mm,,2019,1
1/17/2019,33 Â°C / 21 Â°C,21 Â°C / 18 Â°C,71 %,,6 km/h,-,998.36 hPa,0 mm,,2019,1
1/16/2019,33 Â°C / 21 Â°C,21 Â°C / 19 Â°C,71 %,,7 km/h,-,997.74 hPa,0 mm,,2019,1
1/15/2019,32 Â°C / 23 Â°C,23 Â°C / 21 Â°C,73 %,,4 km/h,-,996.85 hPa,0 mm,,2019,1
1/14/2019,34 Â°C / 23 Â°C,23 Â°C / 19 Â°C,73 %,,6 km/h,-,996.8 hPa,0 mm,,2019,1
1/13/2019,34 Â°C / 23 Â°C,23 Â°C / 20 Â°C,71 %,,6 km/h,-,998.58 hPa,0 mm,,2019,1
1/12/2019,33 Â°C / 22 Â°C,23 Â°C / 21 Â°C,75 %,,11 km/h,-,998.76 hPa,0.2 mm,,2019,1
1/11/2019,32 Â°C / 22 Â°C,23 Â°C / 22 Â°C,81 %,,6 km/h,-,998.93 hPa,0 mm,,2019,1
1/10/2019,32 Â°C / 22 Â°C,24 Â°C / 22 Â°C,84 %,,7 km/h,-,998.88 hPa,0 mm,,2019,1
1/9/2019,27 Â°C / 23 Â°C,24 Â°C / 22 Â°C,91 %,,0 km/h,-,999.79 hPa,0.2 mm,,2019,1
1/8/2019,26 Â°C / 23 Â°C,23 Â°C / 21 Â°C,90 %,,7 km/h,-,998.55 hPa,0 mm,,2019,1
1/7/2019,32 Â°C / 22 Â°C,22 Â°C / 21 Â°C,77 %,,7 km/h,-,999.38 hPa,0 mm,,2019,1
1/6/2019,29 Â°C / 22 Â°C,23 Â°C / 20 Â°C,81 %,,6 km/h,-,1000.81 hPa,0.3 mm,,2019,1
1/5/2019,30 Â°C / 21 Â°C,21 Â°C / 18 Â°C,69 %,,6 km/h,-,1001.1 hPa,0 mm,,2019,1
1/4/2019,31 Â°C / 19 Â°C,20 Â°C / 16 Â°C,67 %,,11 km/h,-,1002.25 hPa,0 mm,,2019,1
1/3/2019,31 Â°C / 18 Â°C,18 Â°C / 16 Â°C,69 %,,7 km/h,-,1002.96 hPa,0 mm,,2019,1
1/2/2019,30 Â°C / 18 Â°C,18 Â°C / 16 Â°C,73 %,,6 km/h,-,1003.11 hPa,0 mm,,2019,1
1/1/2019,30 Â°C / 22 Â°C,21 Â°C / 17 Â°C,73 %,,9 km/h,-,1003.18 hPa,0 mm,,2019,1
2/28/2019,36 Â°C / 23 Â°C,20 Â°C / 16 Â°C,51 %,,9 km/h,-,994.59 hPa,0 mm,,2019,2
2/27/2019,37 Â°C / 23 Â°C,21 Â°C / 18 Â°C,57 %,,6 km/h,-,995.16 hPa,0 mm,,2019,2
2/26/2019,37 Â°C / 22 Â°C,18 Â°C / 17 Â°C,52 %,,7 km/h,-,995.72 hPa,0 mm,,2019,2
2/25/2019,38 Â°C / 21 Â°C,21 Â°C / 16 Â°C,49 %,,9 km/h,-,995.47 hPa,0 mm,,2019,2
2/24/2019,38 Â°C / 23 Â°C,17 Â°C / 13 Â°C,41 %,,15 km/h,-,995.19 hPa,0 mm,,2019,2
2/23/2019,37 Â°C / 21 Â°C,21 Â°C / 12 Â°C,43 %,,15 km/h,-,995.44 hPa,0 mm,,2019,2
2/22/2019,37 Â°C / 21 Â°C,17 Â°C / 13 Â°C,48 %,,15 km/h,-,996.6 hPa,0 mm,,2019,2
2/21/2019,37 Â°C / 22 Â°C,18 Â°C / 16 Â°C,51 %,,7 km/h,-,999.1 hPa,0 mm,,2019,2
2/20/2019,37 Â°C / 22 Â°C,19 Â°C / 16 Â°C,51 %,,11 km/h,-,999.58 hPa,0 mm,,2019,2
2/19/2019,35 Â°C / 20 Â°C,19 Â°C / 14 Â°C,54 %,,15 km/h,-,997.93 hPa,0 mm,,2019,2
2/18/2019,34 Â°C / 25 Â°C,18 Â°C / 14 Â°C,47 %,,20 km/h,-,996.53 hPa,0 mm,,2019,2
2/17/2019,33 Â°C / 22 Â°C,21 Â°C / 17 Â°C,63 %,,17 km/h,-,996.89 hPa,0 mm,,2019,2
2/16/2019,34 Â°C / 23 Â°C,23 Â°C / 20 Â°C,69 %,,9 km/h,-,998.19 hPa,0 mm,,2019,2
2/15/2019,34 Â°C / 22 Â°C,22 Â°C / 19 Â°C,68 %,,6 km/h,-,998.65 hPa,0 mm,,2019,2
2/14/2019,36 Â°C / 22 Â°C,22 Â°C / 21 Â°C,66 %,,9 km/h,-,998.44 hPa,0 mm,,2019,2
2/13/2019,36 Â°C / 22 Â°C,22 Â°C / 19 Â°C,66 %,,6 km/h,-,1001.1 hPa,0 mm,,2019,2
2/12/2019,33 Â°C / 24 Â°C,23 Â°C / 21 Â°C,71 %,,7 km/h,-,1002.2 hPa,0 mm,,2019,2
2/11/2019,36 Â°C / 19 Â°C,23 Â°C / 16 Â°C,57 %,,4 km/h,-,999.88 hPa,0 mm,,2019,2
2/10/2019,37 Â°C / 19 Â°C,15 Â°C / 13 Â°C,46 %,,15 km/h,-,998.67 hPa,0 mm,,2019,2
2/9/2019,37 Â°C / 17 Â°C,16 Â°C / 10 Â°C,48 %,,13 km/h,-,997.66 hPa,0 mm,,2019,2
2/8/2019,38 Â°C / 18 Â°C,17 Â°C / 9 Â°C,51 %,,15 km/h,-,997.58 hPa,0 mm,,2019,2
2/7/2019,38 Â°C / 18 Â°C,18 Â°C / 15 Â°C,54 %,,6 km/h,-,997.71 hPa,0 mm,,2019,2
2/6/2019,37 Â°C / 17 Â°C,16 Â°C / 9 Â°C,52 %,,11 km/h,-,996.75 hPa,0 mm,,2019,2
2/5/2019,38 Â°C / 19 Â°C,18 Â°C / 9 Â°C,51 %,,7 km/h,-,998.2 hPa,0 mm,,2019,2
2/4/2019,37 Â°C / 19 Â°C,18 Â°C / 14 Â°C,55 %,,4 km/h,-,999.11 hPa,0 mm,,2019,2
2/3/2019,37 Â°C / 20 Â°C,19 Â°C / 14 Â°C,57 %,,7 km/h,-,998.83 hPa,0 mm,,2019,2
2/2/2019,34 Â°C / 20 Â°C,20 Â°C / 17 Â°C,64 %,,4 km/h,-,998.31 hPa,0 mm,,2019,2
2/1/2019,33 Â°C / 19 Â°C,19 Â°C / 16 Â°C,63 %,,0 km/h,-,999.69 hPa,0 mm,,2019,2
3/31/2019,39 Â°C / 28 Â°C,12 Â°C / 6 Â°C,23 %,,13 km/h,-,995.03 hPa,0 mm,,2019,3
3/30/2019,40 Â°C / 28 Â°C,19 Â°C / 15 Â°C,41 %,,11 km/h,-,993.83 hPa,0 mm,,2019,3
3/29/2019,38 Â°C / 28 Â°C,22 Â°C / 12 Â°C,45 %,,13 km/h,-,993.65 hPa,0 mm,,2019,3
3/28/2019,36 Â°C / 27 Â°C,22 Â°C / 19 Â°C,55 %,,17 km/h,-,995.88 hPa,0 mm,,2019,3
3/27/2019,33 Â°C / 26 Â°C,23 Â°C / 18 Â°C,64 %,,13 km/h,-,997.83 hPa,0 mm,,2019,3
3/26/2019,35 Â°C / 26 Â°C,24 Â°C / 22 Â°C,69 %,,7 km/h,-,997.56 hPa,0 mm,,2019,3
3/25/2019,37 Â°C / 25 Â°C,23 Â°C / 18 Â°C,57 %,,9 km/h,-,995.65 hPa,0 mm,,2019,3
3/24/2019,39 Â°C / 26 Â°C,21 Â°C / 17 Â°C,49 %,,7 km/h,-,993.65 hPa,0 mm,,2019,3
3/23/2019,40 Â°C / 25 Â°C,20 Â°C / 12 Â°C,45 %,,7 km/h,-,993.95 hPa,0 mm,,2019,3
3/22/2019,39 Â°C / 28 Â°C,19 Â°C / 12 Â°C,38 %,,19 km/h,-,994.63 hPa,0 mm,,2019,3
3/21/2019,38 Â°C / 28 Â°C,21 Â°C / 9 Â°C,43 %,,19 km/h,-,995.14 hPa,0 mm,,2019,3
3/20/2019,38 Â°C / 24 Â°C,22 Â°C / 16 Â°C,53 %,,13 km/h,-,995.21 hPa,0 mm,,2019,3
3/19/2019,38 Â°C / 26 Â°C,22 Â°C / 17 Â°C,50 %,,15 km/h,-,994.95 hPa,0 mm,,2019,3
3/18/2019,38 Â°C / 25 Â°C,22 Â°C / 19 Â°C,58 %,,15 km/h,-,995.94 hPa,0 mm,,2019,3
3/17/2019,39 Â°C / 24 Â°C,22 Â°C / 17 Â°C,51 %,,4 km/h,-,997.25 hPa,0 mm,,2019,3
3/16/2019,38 Â°C / 24 Â°C,22 Â°C / 12 Â°C,40 %,,13 km/h,-,997.7 hPa,0 mm,,2019,3
3/15/2019,38 Â°C / 24 Â°C,21 Â°C / 16 Â°C,54 %,,9 km/h,-,997.89 hPa,0 mm,,2019,3
3/14/2019,39 Â°C / 26 Â°C,21 Â°C / 15 Â°C,48 %,,11 km/h,-,997.05 hPa,0 mm,,2019,3
3/13/2019,38 Â°C / 27 Â°C,20 Â°C / 13 Â°C,45 %,,9 km/h,-,996.5 hPa,0 mm,,2019,3
3/12/2019,38 Â°C / 26 Â°C,18 Â°C / 14 Â°C,42 %,,11 km/h,-,995.65 hPa,0 mm,,2019,3
3/11/2019,38 Â°C / 21 Â°C,17 Â°C / 7 Â°C,34 %,,7 km/h,-,996.59 hPa,0 mm,,2019,3
3/10/2019,36 Â°C / 25 Â°C,18 Â°C / 11 Â°C,42 %,,17 km/h,-,996.24 hPa,0 mm,,2019,3
3/9/2019,37 Â°C / 26 Â°C,19 Â°C / 13 Â°C,44 %,,19 km/h,-,995.49 hPa,0 mm,,2019,3
3/8/2019,38 Â°C / 24 Â°C,20 Â°C / 11 Â°C,47 %,,15 km/h,-,995.38 hPa,0 mm,,2019,3
3/7/2019,39 Â°C / 27 Â°C,19 Â°C / 10 Â°C,36 %,,17 km/h,-,994.96 hPa,0 mm,,2019,3
3/6/2019,38 Â°C / 25 Â°C,18 Â°C / 13 Â°C,42 %,,11 km/h,-,995.35 hPa,0 mm,,2019,3
3/5/2019,36 Â°C / 23 Â°C,18 Â°C / 10 Â°C,43 %,,20 km/h,-,994.46 hPa,0 mm,,2019,3
3/4/2019,37 Â°C / 26 Â°C,18 Â°C / 8 Â°C,41 %,,19 km/h,-,993.2 hPa,0 mm,,2019,3
3/3/2019,37 Â°C / 25 Â°C,19 Â°C / 16 Â°C,44 %,,13 km/h,-,993.13 hPa,0 mm,,2019,3
3/2/2019,37 Â°C / 24 Â°C,18 Â°C / 15 Â°C,43 %,,20 km/h,-,994 hPa,0 mm,,2019,3
3/1/2019,38 Â°C / 24 Â°C,20 Â°C / 18 Â°C,48 %,,9 km/h,-,995.31 hPa,0 mm,,2019,3
4/30/2019,41 Â°C / 29 Â°C,22 Â°C / 17 Â°C,44 %,,20 km/h,-,992.58 hPa,0 mm,,2019,4
4/29/2019,42 Â°C / 29 Â°C,23 Â°C / 17 Â°C,41 %,,9 km/h,-,993.09 hPa,0 mm,,2019,4
4/28/2019,40 Â°C / 27 Â°C,22 Â°C / 16 Â°C,46 %,,13 km/h,-,993.31 hPa,0 mm,,2019,4
4/27/2019,39 Â°C / 26 Â°C,23 Â°C / 21 Â°C,59 %,,7 km/h,-,992.66 hPa,0 mm,,2019,4
4/26/2019,41 Â°C / 26 Â°C,24 Â°C / 21 Â°C,63 %,,6 km/h,-,991.91 hPa,0 mm,,2019,4
4/25/2019,40 Â°C / 26 Â°C,25 Â°C / 20 Â°C,63 %,,13 km/h,-,992.85 hPa,0 mm,,2019,4
4/24/2019,41 Â°C / 25 Â°C,26 Â°C / 19 Â°C,62 %,,7 km/h,-,993.89 hPa,0 mm,,2019,4
4/23/2019,40 Â°C / 25 Â°C,23 Â°C / 21 Â°C,62 %,,13 km/h,-,994.26 hPa,0 mm,,2019,4
4/22/2019,39 Â°C / 28 Â°C,23 Â°C / 19 Â°C,54 %,,9 km/h,-,991.16 hPa,0 mm,,2019,4
4/21/2019,39 Â°C / 30 Â°C,22 Â°C / 20 Â°C,47 %,,19 km/h,-,989.7 hPa,0 mm,,2019,4
4/20/2019,41 Â°C / 29 Â°C,22 Â°C / 17 Â°C,46 %,,19 km/h,-,990.14 hPa,0 mm,,2019,4
4/19/2019,39 Â°C / 29 Â°C,22 Â°C / 16 Â°C,43 %,,20 km/h,-,991.62 hPa,0 mm,,2019,4
4/18/2019,42 Â°C / 30 Â°C,24 Â°C / 15 Â°C,40 %,,15 km/h,-,992.61 hPa,0 mm,,2019,4
4/17/2019,41 Â°C / 29 Â°C,24 Â°C / 19 Â°C,46 %,,11 km/h,-,993.46 hPa,0.6 mm,,2019,4
4/16/2019,42 Â°C / 28 Â°C,23 Â°C / 19 Â°C,51 %,,9 km/h,-,993.79 hPa,0 mm,,2019,4
4/15/2019,41 Â°C / 29 Â°C,22 Â°C / 15 Â°C,42 %,,17 km/h,-,993.85 hPa,0 mm,,2019,4
4/14/2019,41 Â°C / 29 Â°C,20 Â°C / 14 Â°C,36 %,,13 km/h,-,993.53 hPa,0 mm,,2019,4
4/13/2019,41 Â°C / 27 Â°C,22 Â°C / 15 Â°C,44 %,,15 km/h,-,992.8 hPa,0 mm,,2019,4
4/12/2019,41 Â°C / 30 Â°C,22 Â°C / 14 Â°C,42 %,,15 km/h,-,992.16 hPa,0 mm,,2019,4
4/11/2019,42 Â°C / 29 Â°C,22 Â°C / 13 Â°C,35 %,,11 km/h,-,992.06 hPa,0 mm,,2019,4
4/10/2019,41 Â°C / 29 Â°C,22 Â°C / 14 Â°C,42 %,,13 km/h,-,993.73 hPa,0 mm,,2019,4
4/9/2019,40 Â°C / 29 Â°C,21 Â°C / 16 Â°C,44 %,,13 km/h,-,993.75 hPa,0 mm,,2019,4
4/8/2019,40 Â°C / 24 Â°C,22 Â°C / 14 Â°C,48 %,,15 km/h,-,994.26 hPa,0 mm,,2019,4
4/7/2019,39 Â°C / 25 Â°C,22 Â°C / 16 Â°C,48 %,,15 km/h,-,995.13 hPa,0 mm,,2019,4
4/6/2019,39 Â°C / 26 Â°C,22 Â°C / 17 Â°C,51 %,,11 km/h,-,995.33 hPa,0 mm,,2019,4
4/5/2019,40 Â°C / 28 Â°C,22 Â°C / 18 Â°C,49 %,,7 km/h,-,995.43 hPa,0 mm,,2019,4
4/4/2019,40 Â°C / 26 Â°C,22 Â°C / 19 Â°C,53 %,,7 km/h,-,996.03 hPa,0 mm,,2019,4
4/3/2019,41 Â°C / 26 Â°C,21 Â°C / 16 Â°C,47 %,,11 km/h,-,995.7 hPa,0 mm,,2019,4
4/2/2019,37 Â°C / 25 Â°C,23 Â°C / 20 Â°C,58 %,,7 km/h,-,996.21 hPa,0 mm,,2019,4
4/1/2019,39 Â°C / 23 Â°C,17 Â°C / 12 Â°C,39 %,,11 km/h,-,996.25 hPa,0 mm,,2019,4
5/31/2019,32 Â°C / 26 Â°C,25 Â°C / 22 Â°C,77 %,,17 km/h,-,993.18 hPa,0 mm,,2019,5
5/30/2019,31 Â°C / 26 Â°C,25 Â°C / 24 Â°C,85 %,,4 km/h,-,992.4 hPa,0 mm,,2019,5
5/29/2019,32 Â°C / 25 Â°C,26 Â°C / 24 Â°C,88 %,,6 km/h,-,992 hPa,32 mm,,2019,5
5/28/2019,36 Â°C / 29 Â°C,24 Â°C / 23 Â°C,61 %,,9 km/h,-,990.45 hPa,0 mm,,2019,5
5/27/2019,36 Â°C / 29 Â°C,24 Â°C / 22 Â°C,62 %,,19 km/h,-,990.56 hPa,0 mm,,2019,5
5/26/2019,35 Â°C / 29 Â°C,23 Â°C / 21 Â°C,58 %,,19 km/h,-,990.79 hPa,0 mm,,2019,5
5/25/2019,36 Â°C / 28 Â°C,23 Â°C / 21 Â°C,59 %,,20 km/h,-,991.18 hPa,0 mm,,2019,5
5/24/2019,36 Â°C / 28 Â°C,24 Â°C / 21 Â°C,62 %,,13 km/h,-,993.06 hPa,0 mm,,2019,5
5/23/2019,35 Â°C / 26 Â°C,24 Â°C / 23 Â°C,73 %,,13 km/h,-,994.01 hPa,0 mm,,2019,5
5/22/2019,33 Â°C / 25 Â°C,26 Â°C / 23 Â°C,78 %,,6 km/h,-,994.25 hPa,0 mm,,2019,5
5/21/2019,37 Â°C / 27 Â°C,24 Â°C / 22 Â°C,58 %,,13 km/h,-,992.96 hPa,5 mm,,2019,5
5/20/2019,39 Â°C / 30 Â°C,26 Â°C / 21 Â°C,54 %,,17 km/h,-,992.34 hPa,0 mm,,2019,5
5/19/2019,38 Â°C / 29 Â°C,24 Â°C / 22 Â°C,55 %,,17 km/h,-,991.89 hPa,0 mm,,2019,5
5/18/2019,38 Â°C / 29 Â°C,23 Â°C / 21 Â°C,54 %,,19 km/h,-,991.24 hPa,0 mm,,2019,5
5/17/2019,37 Â°C / 29 Â°C,23 Â°C / 21 Â°C,55 %,,19 km/h,-,992.18 hPa,0 mm,,2019,5
5/16/2019,37 Â°C / 26 Â°C,23 Â°C / 21 Â°C,60 %,,15 km/h,-,993.09 hPa,0 mm,,2019,5
5/15/2019,33 Â°C / 25 Â°C,26 Â°C / 24 Â°C,84 %,,7 km/h,-,993.59 hPa,0 mm,,2019,5
5/14/2019,34 Â°C / 25 Â°C,27 Â°C / 23 Â°C,79 %,,9 km/h,-,992.66 hPa,0 mm,,2019,5
5/13/2019,34 Â°C / 24 Â°C,24 Â°C / 22 Â°C,71 %,,11 km/h,-,993.04 hPa,0 mm,,2019,5
5/12/2019,38 Â°C / 27 Â°C,24 Â°C / 22 Â°C,60 %,,15 km/h,-,992.24 hPa,1 mm,,2019,5
5/11/2019,38 Â°C / 29 Â°C,24 Â°C / 21 Â°C,57 %,,15 km/h,-,992.98 hPa,0 mm,,2019,5
5/10/2019,37 Â°C / 27 Â°C,25 Â°C / 22 Â°C,67 %,,15 km/h,-,992.06 hPa,0 mm,,2019,5
5/9/2019,36 Â°C / 26 Â°C,24 Â°C / 21 Â°C,63 %,,17 km/h,-,990.28 hPa,13 mm,,2019,5
5/8/2019,33 Â°C / 29 Â°C,23 Â°C / 22 Â°C,62 %,,19 km/h,-,989.9 hPa,5 mm,,2019,5
5/7/2019,38 Â°C / 30 Â°C,23 Â°C / 21 Â°C,53 %,,19 km/h,-,989.99 hPa,0 mm,,2019,5
5/6/2019,37 Â°C / 29 Â°C,23 Â°C / 20 Â°C,54 %,,22 km/h,-,991.08 hPa,0 mm,,2019,5
5/5/2019,37 Â°C / 29 Â°C,22 Â°C / 20 Â°C,53 %,,20 km/h,-,992.76 hPa,0 mm,,2019,5
5/4/2019,39 Â°C / 30 Â°C,23 Â°C / 21 Â°C,52 %,,20 km/h,-,993.58 hPa,0 mm,,2019,5
5/3/2019,39 Â°C / 30 Â°C,23 Â°C / 20 Â°C,52 %,,20 km/h,-,993.48 hPa,0 mm,,2019,5
5/2/2019,38 Â°C / 29 Â°C,22 Â°C / 21 Â°C,52 %,,19 km/h,-,993.16 hPa,0 mm,,2019,5
5/1/2019,38 Â°C / 29 Â°C,23 Â°C / 19 Â°C,50 %,,20 km/h,-,992.89 hPa,0 mm,,2019,5
6/30/2019,32 Â°C / 25 Â°C,25 Â°C / 22 Â°C,78 %,,11 km/h,-,990.85 hPa,0.4 mm,,2019,6
6/29/2019,33 Â°C / 26 Â°C,25 Â°C / 23 Â°C,75 %,,7 km/h,-,990.35 hPa,0 mm,,2019,6
6/28/2019,32 Â°C / 27 Â°C,24 Â°C / 21 Â°C,69 %,,17 km/h,-,990.23 hPa,0 mm,,2019,6
6/27/2019,30 Â°C / 26 Â°C,24 Â°C / 21 Â°C,71 %,,20 km/h,-,991.24 hPa,0 mm,,2019,6
6/26/2019,34 Â°C / 28 Â°C,24 Â°C / 22 Â°C,66 %,,15 km/h,-,992.23 hPa,0 mm,,2019,6
6/25/2019,35 Â°C / 26 Â°C,25 Â°C / 23 Â°C,74 %,,17 km/h,-,992.94 hPa,0 mm,,2019,6
6/24/2019,36 Â°C / 27 Â°C,26 Â°C / 24 Â°C,70 %,,7 km/h,-,991.55 hPa,0 mm,,2019,6
6/23/2019,37 Â°C / 29 Â°C,24 Â°C / 23 Â°C,60 %,,15 km/h,-,989.84 hPa,0 mm,,2019,6
6/22/2019,36 Â°C / 29 Â°C,24 Â°C / 22 Â°C,61 %,,19 km/h,-,991.01 hPa,0 mm,,2019,6
6/21/2019,34 Â°C / 25 Â°C,24 Â°C / 22 Â°C,67 %,,11 km/h,-,992.51 hPa,0 mm,,2019,6
6/20/2019,33 Â°C / 24 Â°C,26 Â°C / 22 Â°C,79 %,,6 km/h,-,992.99 hPa,0 mm,,2019,6
6/19/2019,31 Â°C / 26 Â°C,26 Â°C / 24 Â°C,88 %,,4 km/h,-,992.05 hPa,0 mm,,2019,6
6/18/2019,31 Â°C / 25 Â°C,27 Â°C / 23 Â°C,88 %,,4 km/h,-,991.11 hPa,0 mm,,2019,6
6/17/2019,30 Â°C / 26 Â°C,27 Â°C / 25 Â°C,88 %,,7 km/h,-,991.18 hPa,0 mm,,2019,6
6/16/2019,31 Â°C / 26 Â°C,25 Â°C / 24 Â°C,84 %,,11 km/h,-,991.51 hPa,2 mm,,2019,6
6/15/2019,32 Â°C / 26 Â°C,26 Â°C / 24 Â°C,87 %,,4 km/h,-,991.94 hPa,11 mm,,2019,6
6/14/2019,32 Â°C / 27 Â°C,26 Â°C / 25 Â°C,85 %,,4 km/h,-,991.6 hPa,0 mm,,2019,6
6/13/2019,35 Â°C / 27 Â°C,26 Â°C / 25 Â°C,85 %,,6 km/h,-,991.39 hPa,0.4 mm,,2019,6
6/12/2019,31 Â°C / 26 Â°C,27 Â°C / 25 Â°C,87 %,,6 km/h,-,991.44 hPa,0.4 mm,,2019,6
6/11/2019,33 Â°C / 26 Â°C,25 Â°C / 24 Â°C,78 %,,7 km/h,-,991.06 hPa,0.4 mm,,2019,6
6/10/2019,34 Â°C / 26 Â°C,26 Â°C / 22 Â°C,77 %,,9 km/h,-,990.56 hPa,0 mm,,2019,6
6/9/2019,32 Â°C / 26 Â°C,26 Â°C / 23 Â°C,77 %,,13 km/h,-,991.59 hPa,4 mm,,2019,6
6/8/2019,36 Â°C / 26 Â°C,26 Â°C / 24 Â°C,74 %,,6 km/h,-,992.86 hPa,0 mm,,2019,6
6/7/2019,36 Â°C / 26 Â°C,24 Â°C / 23 Â°C,70 %,,13 km/h,-,994.01 hPa,0 mm,,2019,6
6/6/2019,35 Â°C / 26 Â°C,25 Â°C / 23 Â°C,73 %,,11 km/h,-,993.86 hPa,0 mm,,2019,6
6/5/2019,37 Â°C / 29 Â°C,26 Â°C / 21 Â°C,62 %,,13 km/h,-,992.59 hPa,0 mm,,2019,6
6/4/2019,35 Â°C / 28 Â°C,26 Â°C / 22 Â°C,64 %,,13 km/h,-,993.25 hPa,0 mm,,2019,6
6/3/2019,33 Â°C / 26 Â°C,26 Â°C / 22 Â°C,76 %,,9 km/h,-,993.58 hPa,0 mm,,2019,6
6/2/2019,35 Â°C / 26 Â°C,24 Â°C / 22 Â°C,65 %,,22 km/h,-,993.39 hPa,0 mm,,2019,6
6/1/2019,33 Â°C / 27 Â°C,24 Â°C / 22 Â°C,71 %,,13 km/h,-,992.93 hPa,0 mm,,2019,6
7/31/2019,32 Â°C / 27 Â°C,22 Â°C / 21 Â°C,63 %,,20 km/h,-,990.84 hPa,0 mm,,2019,7
7/30/2019,32 Â°C / 27 Â°C,22 Â°C / 20 Â°C,63 %,,24 km/h,-,992.7 hPa,0 mm,,2019,7
7/29/2019,33 Â°C / 27 Â°C,22 Â°C / 21 Â°C,63 %,,22 km/h,-,993.49 hPa,0 mm,,2019,7
7/28/2019,34 Â°C / 26 Â°C,25 Â°C / 22 Â°C,72 %,,17 km/h,-,993.31 hPa,0 mm,,2019,7
7/27/2019,30 Â°C / 26 Â°C,22 Â°C / 20 Â°C,66 %,,17 km/h,-,994.13 hPa,0 mm,,2019,7
7/26/2019,29 Â°C / 24 Â°C,24 Â°C / 21 Â°C,77 %,,9 km/h,-,994.78 hPa,0.2 mm,,2019,7
7/25/2019,30 Â°C / 26 Â°C,25 Â°C / 20 Â°C,75 %,,19 km/h,-,994.38 hPa,0.2 mm,,2019,7
7/24/2019,30 Â°C / 26 Â°C,24 Â°C / 22 Â°C,75 %,,19 km/h,-,993.19 hPa,0 mm,,2019,7
7/23/2019,32 Â°C / 27 Â°C,24 Â°C / 23 Â°C,71 %,,17 km/h,-,992.35 hPa,0 mm,,2019,7
7/22/2019,32 Â°C / 27 Â°C,25 Â°C / 20 Â°C,70 %,,11 km/h,-,993.09 hPa,0 mm,,2019,7
7/21/2019,36 Â°C / 27 Â°C,26 Â°C / 23 Â°C,72 %,,15 km/h,-,992.01 hPa,0 mm,,2019,7
7/20/2019,35 Â°C / 28 Â°C,24 Â°C / 21 Â°C,61 %,,17 km/h,-,990.71 hPa,0 mm,,2019,7
7/19/2019,36 Â°C / 28 Â°C,23 Â°C / 22 Â°C,60 %,,19 km/h,-,989.75 hPa,0 mm,,2019,7
7/18/2019,36 Â°C / 28 Â°C,23 Â°C / 22 Â°C,60 %,,19 km/h,-,989.08 hPa,0 mm,,2019,7
7/17/2019,35 Â°C / 27 Â°C,25 Â°C / 22 Â°C,64 %,,17 km/h,-,989.21 hPa,0 mm,,2019,7
7/16/2019,34 Â°C / 27 Â°C,26 Â°C / 22 Â°C,70 %,,17 km/h,-,990.41 hPa,1 mm,,2019,7
7/15/2019,33 Â°C / 26 Â°C,23 Â°C / 22 Â°C,68 %,,19 km/h,-,990.84 hPa,0 mm,,2019,7
7/14/2019,32 Â°C / 27 Â°C,23 Â°C / 22 Â°C,67 %,,17 km/h,-,992.49 hPa,0 mm,,2019,7
7/13/2019,34 Â°C / 28 Â°C,22 Â°C / 21 Â°C,62 %,,17 km/h,-,994.1 hPa,0 mm,,2019,7
7/12/2019,34 Â°C / 27 Â°C,23 Â°C / 22 Â°C,65 %,,19 km/h,-,995.04 hPa,0 mm,,2019,7
7/11/2019,33 Â°C / 27 Â°C,22 Â°C / 22 Â°C,65 %,,17 km/h,-,995.3 hPa,0 mm,,2019,7
7/10/2019,31 Â°C / 27 Â°C,23 Â°C / 22 Â°C,69 %,,15 km/h,-,993.94 hPa,0 mm,,2019,7
7/9/2019,33 Â°C / 26 Â°C,23 Â°C / 22 Â°C,68 %,,15 km/h,-,993.86 hPa,0 mm,,2019,7
7/8/2019,32 Â°C / 27 Â°C,23 Â°C / 21 Â°C,68 %,,13 km/h,-,993.8 hPa,0 mm,,2019,7
7/7/2019,32 Â°C / 27 Â°C,24 Â°C / 21 Â°C,69 %,,15 km/h,-,993.08 hPa,1 mm,,2019,7
7/6/2019,32 Â°C / 26 Â°C,23 Â°C / 21 Â°C,67 %,,19 km/h,-,992.85 hPa,0 mm,,2019,7
7/5/2019,31 Â°C / 26 Â°C,23 Â°C / 22 Â°C,74 %,,17 km/h,-,991.99 hPa,0 mm,,2019,7
7/4/2019,31 Â°C / 26 Â°C,22 Â°C / 20 Â°C,68 %,,15 km/h,-,990.96 hPa,0 mm,,2019,7
7/3/2019,29 Â°C / 24 Â°C,24 Â°C / 21 Â°C,77 %,,13 km/h,-,991.79 hPa,0 mm,,2019,7
7/2/2019,29 Â°C / 27 Â°C,24 Â°C / 21 Â°C,74 %,,17 km/h,-,992.13 hPa,0 mm,,2019,7
7/1/2019,29 Â°C / 26 Â°C,24 Â°C / 22 Â°C,73 %,,13 km/h,-,992.11 hPa,0 mm,,2019,7
8/31/2019,28 Â°C / 24 Â°C,24 Â°C / 22 Â°C,92 %,,0 km/h,-,987.88 hPa,11 mm,,2019,8
8/30/2019,29 Â°C / 25 Â°C,24 Â°C / 22 Â°C,76 %,,19 km/h,-,986.62 hPa,16 mm,,2019,8
8/29/2019,33 Â°C / 26 Â°C,24 Â°C / 22 Â°C,67 %,,15 km/h,-,990.44 hPa,0 mm,,2019,8
8/28/2019,32 Â°C / 26 Â°C,23 Â°C / 21 Â°C,67 %,,15 km/h,-,991.86 hPa,0 mm,,2019,8
8/27/2019,33 Â°C / 27 Â°C,23 Â°C / 22 Â°C,68 %,,17 km/h,-,990.84 hPa,0 mm,,2019,8
8/26/2019,32 Â°C / 27 Â°C,22 Â°C / 22 Â°C,70 %,,17 km/h,-,991.64 hPa,0 mm,,2019,8
8/25/2019,33 Â°C / 25 Â°C,24 Â°C / 22 Â°C,76 %,,13 km/h,-,991.83 hPa,0 mm,,2019,8
8/24/2019,32 Â°C / 26 Â°C,24 Â°C / 22 Â°C,74 %,,13 km/h,-,993.01 hPa,0 mm,,2019,8
8/23/2019,31 Â°C / 24 Â°C,26 Â°C / 24 Â°C,87 %,,6 km/h,-,993.86 hPa,0 mm,,2019,8
8/22/2019,32 Â°C / 25 Â°C,26 Â°C / 24 Â°C,88 %,,15 km/h,-,992.54 hPa,6 mm,,2019,8
8/21/2019,30 Â°C / 26 Â°C,25 Â°C / 22 Â°C,81 %,,15 km/h,-,990.93 hPa,3.2 mm,,2019,8
8/20/2019,34 Â°C / 27 Â°C,24 Â°C / 22 Â°C,67 %,,15 km/h,-,991.08 hPa,0 mm,,2019,8
8/19/2019,32 Â°C / 25 Â°C,24 Â°C / 22 Â°C,75 %,,15 km/h,-,993.6 hPa,0.2 mm,,2019,8
8/18/2019,31 Â°C / 26 Â°C,24 Â°C / 22 Â°C,72 %,,13 km/h,-,994.68 hPa,0 mm,,2019,8
8/17/2019,31 Â°C / 27 Â°C,23 Â°C / 22 Â°C,70 %,,13 km/h,-,992.16 hPa,0 mm,,2019,8
8/16/2019,31 Â°C / 28 Â°C,23 Â°C / 22 Â°C,68 %,,19 km/h,-,990.99 hPa,0 mm,,2019,8
8/15/2019,32 Â°C / 27 Â°C,23 Â°C / 22 Â°C,69 %,,20 km/h,-,992.56 hPa,0 mm,,2019,8
8/14/2019,30 Â°C / 27 Â°C,24 Â°C / 22 Â°C,73 %,,15 km/h,-,993.89 hPa,0 mm,,2019,8
8/13/2019,30 Â°C / 25 Â°C,26 Â°C / 23 Â°C,85 %,,11 km/h,-,993.86 hPa,0 mm,,2019,8
8/12/2019,31 Â°C / 25 Â°C,27 Â°C / 24 Â°C,86 %,,4 km/h,-,991.3 hPa,0 mm,,2019,8
8/11/2019,30 Â°C / 26 Â°C,27 Â°C / 24 Â°C,90 %,,6 km/h,-,988.08 hPa,0.6 mm,,2019,8
8/10/2019,30 Â°C / 24 Â°C,26 Â°C / 23 Â°C,88 %,,6 km/h,-,986.35 hPa,0 mm,,2019,8
8/9/2019,29 Â°C / 27 Â°C,24 Â°C / 22 Â°C,75 %,,19 km/h,-,988.36 hPa,0 mm,,2019,8
8/8/2019,31 Â°C / 24 Â°C,24 Â°C / 23 Â°C,79 %,,13 km/h,-,990.55 hPa,0 mm,,2019,8
8/7/2019,29 Â°C / 24 Â°C,24 Â°C / 23 Â°C,88 %,,13 km/h,-,991.79 hPa,0.5 mm,,2019,8
8/6/2019,29 Â°C / 24 Â°C,26 Â°C / 23 Â°C,91 %,,0 km/h,-,991.4 hPa,0 mm,,2019,8
8/5/2019,29 Â°C / 24 Â°C,25 Â°C / 23 Â°C,88 %,,6 km/h,-,988.63 hPa,0 mm,,2019,8
8/4/2019,29 Â°C / 25 Â°C,23 Â°C / 21 Â°C,73 %,,19 km/h,-,988.15 hPa,0.2 mm,,2019,8
8/3/2019,30 Â°C / 26 Â°C,22 Â°C / 19 Â°C,65 %,,26 km/h,-,990.73 hPa,0 mm,,2019,8
8/2/2019,29 Â°C / 26 Â°C,22 Â°C / 21 Â°C,68 %,,24 km/h,-,990.81 hPa,0 mm,,2019,8
8/1/2019,29 Â°C / 26 Â°C,24 Â°C / 21 Â°C,74 %,,20 km/h,-,990.98 hPa,1 mm,,2019,8
9/30/2019,35 Â°C / 24 Â°C,24 Â°C / 23 Â°C,76 %,,6 km/h,-,996.25 hPa,0 mm,,2019,9
9/29/2019,34 Â°C / 24 Â°C,26 Â°C / 23 Â°C,79 %,,0 km/h,-,999.24 hPa,0 mm,,2019,9
9/28/2019,32 Â°C / 24 Â°C,24 Â°C / 23 Â°C,81 %,,7 km/h,-,999.96 hPa,0 mm,,2019,9
9/27/2019,28 Â°C / 25 Â°C,24 Â°C / 23 Â°C,85 %,,15 km/h,-,1000.86 hPa,0 mm,,2019,9
9/26/2019,33 Â°C / 24 Â°C,25 Â°C / 23 Â°C,79 %,,6 km/h,-,1000.51 hPa,0 mm,,2019,9
9/25/2019,33 Â°C / 24 Â°C,25 Â°C / 23 Â°C,83 %,,0 km/h,-,1000.83 hPa,0 mm,,2019,9
9/24/2019,32 Â°C / 25 Â°C,26 Â°C / 23 Â°C,82 %,,4 km/h,-,999.89 hPa,0 mm,,2019,9
9/23/2019,32 Â°C / 23 Â°C,25 Â°C / 21 Â°C,81 %,,9 km/h,-,999.25 hPa,0 mm,,2019,9
9/22/2019,32 Â°C / 24 Â°C,25 Â°C / 23 Â°C,86 %,,6 km/h,-,997.4 hPa,0 mm,,2019,9
9/21/2019,31 Â°C / 25 Â°C,26 Â°C / 24 Â°C,88 %,,7 km/h,-,995.16 hPa,0.4 mm,,2019,9
9/20/2019,29 Â°C / 24 Â°C,26 Â°C / 23 Â°C,91 %,,6 km/h,-,995.28 hPa,10.6 mm,,2019,9
9/19/2019,31 Â°C / 24 Â°C,26 Â°C / 23 Â°C,86 %,,7 km/h,-,995.98 hPa,1 mm,,2019,9
9/18/2019,34 Â°C / 26 Â°C,25 Â°C / 24 Â°C,73 %,,6 km/h,-,994.55 hPa,0 mm,,2019,9
9/17/2019,36 Â°C / 25 Â°C,25 Â°C / 23 Â°C,73 %,,6 km/h,-,993.54 hPa,0 mm,,2019,9
9/16/2019,34 Â°C / 25 Â°C,25 Â°C / 24 Â°C,78 %,,6 km/h,-,992.84 hPa,0 mm,,2019,9
9/15/2019,34 Â°C / 26 Â°C,25 Â°C / 24 Â°C,81 %,,11 km/h,-,993.3 hPa,0.4 mm,,2019,9
9/14/2019,34 Â°C / 27 Â°C,26 Â°C / 19 Â°C,70 %,,13 km/h,-,992.95 hPa,0 mm,,2019,9
9/13/2019,32 Â°C / 26 Â°C,23 Â°C / 21 Â°C,67 %,,19 km/h,-,994.88 hPa,0 mm,,2019,9
9/12/2019,32 Â°C / 24 Â°C,23 Â°C / 21 Â°C,70 %,,13 km/h,-,997.71 hPa,0 mm,,2019,9
9/11/2019,28 Â°C / 25 Â°C,25 Â°C / 21 Â°C,83 %,,9 km/h,-,997.69 hPa,1.2 mm,,2019,9
9/10/2019,31 Â°C / 26 Â°C,24 Â°C / 21 Â°C,72 %,,13 km/h,-,994.25 hPa,0 mm,,2019,9
9/9/2019,31 Â°C / 27 Â°C,23 Â°C / 21 Â°C,68 %,,17 km/h,-,993.25 hPa,0 mm,,2019,9
9/8/2019,30 Â°C / 27 Â°C,23 Â°C / 22 Â°C,70 %,,17 km/h,-,994.16 hPa,0 mm,,2019,9
9/7/2019,31 Â°C / 27 Â°C,23 Â°C / 21 Â°C,70 %,,19 km/h,-,993.72 hPa,0 mm,,2019,9
9/6/2019,30 Â°C / 27 Â°C,23 Â°C / 22 Â°C,71 %,,13 km/h,-,992.59 hPa,0 mm,,2019,9
9/5/2019,31 Â°C / 27 Â°C,23 Â°C / 21 Â°C,69 %,,20 km/h,-,992.26 hPa,0 mm,,2019,9
9/4/2019,32 Â°C / 26 Â°C,23 Â°C / 22 Â°C,70 %,,17 km/h,-,991.64 hPa,0 mm,,2019,9
9/3/2019,31 Â°C / 24 Â°C,23 Â°C / 21 Â°C,74 %,,17 km/h,-,991.99 hPa,0 mm,,2019,9
9/2/2019,32 Â°C / 25 Â°C,24 Â°C / 22 Â°C,81 %,,17 km/h,-,992.58 hPa,0 mm,,2019,9
9/1/2019,31 Â°C / 24 Â°C,27 Â°C / 23 Â°C,90 %,,6 km/h,-,991.99 hPa,0 mm,,2019,9
10/31/2019,32 Â°C / 24 Â°C,24 Â°C / 21 Â°C,75 %,,9 km/h,-,996.36 hPa,0 mm,,2019,10
10/30/2019,32 Â°C / 25 Â°C,25 Â°C / 23 Â°C,81 %,,6 km/h,-,996.96 hPa,0 mm,,2019,10
10/29/2019,34 Â°C / 25 Â°C,25 Â°C / 22 Â°C,77 %,,4 km/h,-,997.09 hPa,0 mm,,2019,10
10/28/2019,34 Â°C / 24 Â°C,25 Â°C / 22 Â°C,78 %,,7 km/h,-,996.74 hPa,0 mm,,2019,10
10/27/2019,34 Â°C / 25 Â°C,25 Â°C / 24 Â°C,80 %,,6 km/h,-,996.91 hPa,0 mm,,2019,10
10/26/2019,34 Â°C / 24 Â°C,26 Â°C / 24 Â°C,81 %,,7 km/h,-,997.43 hPa,0 mm,,2019,10
10/25/2019,33 Â°C / 24 Â°C,26 Â°C / 24 Â°C,83 %,,7 km/h,-,997.12 hPa,22 mm,,2019,10
10/24/2019,36 Â°C / 25 Â°C,26 Â°C / 23 Â°C,75 %,,6 km/h,-,995.3 hPa,0 mm,,2019,10
10/23/2019,36 Â°C / 24 Â°C,26 Â°C / 22 Â°C,74 %,,4 km/h,-,994.25 hPa,0 mm,,2019,10
10/22/2019,35 Â°C / 23 Â°C,25 Â°C / 22 Â°C,77 %,,6 km/h,-,994.8 hPa,0 mm,,2019,10
10/21/2019,33 Â°C / 23 Â°C,25 Â°C / 23 Â°C,81 %,,0 km/h,-,996.8 hPa,0 mm,,2019,10
10/20/2019,33 Â°C / 23 Â°C,24 Â°C / 22 Â°C,80 %,,4 km/h,-,998.7 hPa,0 mm,,2019,10
10/19/2019,33 Â°C / 23 Â°C,24 Â°C / 22 Â°C,80 %,,6 km/h,-,999.29 hPa,0 mm,,2019,10
10/18/2019,33 Â°C / 23 Â°C,24 Â°C / 22 Â°C,79 %,,7 km/h,-,998.77 hPa,0 mm,,2019,10
10/17/2019,32 Â°C / 24 Â°C,25 Â°C / 23 Â°C,82 %,,9 km/h,-,998.89 hPa,0 mm,,2019,10
10/16/2019,32 Â°C / 25 Â°C,24 Â°C / 23 Â°C,81 %,,7 km/h,-,999.06 hPa,3 mm,,2019,10
10/15/2019,33 Â°C / 24 Â°C,24 Â°C / 23 Â°C,77 %,,4 km/h,-,998.94 hPa,0 mm,,2019,10
10/14/2019,33 Â°C / 25 Â°C,26 Â°C / 22 Â°C,80 %,,0 km/h,-,998.46 hPa,0 mm,,2019,10
10/13/2019,31 Â°C / 24 Â°C,26 Â°C / 23 Â°C,89 %,,0 km/h,-,996.31 hPa,1 mm,,2019,10
10/12/2019,35 Â°C / 24 Â°C,26 Â°C / 23 Â°C,78 %,,4 km/h,-,995.35 hPa,0 mm,,2019,10
10/11/2019,32 Â°C / 23 Â°C,24 Â°C / 22 Â°C,80 %,,4 km/h,-,996.46 hPa,0 mm,,2019,10
10/10/2019,33 Â°C / 25 Â°C,26 Â°C / 22 Â°C,81 %,,6 km/h,-,996.87 hPa,9 mm,,2019,10
10/9/2019,33 Â°C / 24 Â°C,26 Â°C / 23 Â°C,80 %,,6 km/h,-,997.31 hPa,0 mm,,2019,10
10/8/2019,32 Â°C / 23 Â°C,24 Â°C / 22 Â°C,82 %,,7 km/h,-,998.08 hPa,0.2 mm,,2019,10
10/7/2019,32 Â°C / 24 Â°C,24 Â°C / 22 Â°C,81 %,,7 km/h,-,997.15 hPa,0 mm,,2019,10
10/6/2019,33 Â°C / 24 Â°C,24 Â°C / 23 Â°C,80 %,,6 km/h,-,997.13 hPa,0 mm,,2019,10
10/5/2019,31 Â°C / 23 Â°C,25 Â°C / 22 Â°C,84 %,,0 km/h,-,997.06 hPa,0 mm,,2019,10
10/4/2019,34 Â°C / 24 Â°C,24 Â°C / 21 Â°C,75 %,,15 km/h,-,995.76 hPa,0 mm,,2019,10
10/3/2019,34 Â°C / 26 Â°C,24 Â°C / 23 Â°C,76 %,,7 km/h,-,995.94 hPa,0 mm,,2019,10
10/2/2019,36 Â°C / 24 Â°C,25 Â°C / 22 Â°C,69 %,,7 km/h,-,995.91 hPa,0 mm,,2019,10
10/1/2019,35 Â°C / 26 Â°C,24 Â°C / 22 Â°C,72 %,,9 km/h,-,995.58 hPa,0 mm,,2019,10
11/30/2019,33 Â°C / 20 Â°C,21 Â°C / 19 Â°C,71 %,,4 km/h,-,998.96 hPa,0 mm,,2019,11
11/29/2019,32 Â°C / 21 Â°C,21 Â°C / 19 Â°C,73 %,,6 km/h,-,999.45 hPa,0 mm,,2019,11
11/28/2019,33 Â°C / 22 Â°C,22 Â°C / 20 Â°C,71 %,,7 km/h,-,999.22 hPa,0 mm,,2019,11
11/27/2019,33 Â°C / 19 Â°C,22 Â°C / 17 Â°C,71 %,,7 km/h,-,999.29 hPa,0 mm,,2019,11
11/26/2019,32 Â°C / 18 Â°C,19 Â°C / 16 Â°C,70 %,,7 km/h,-,999.93 hPa,0 mm,,2019,11
11/25/2019,32 Â°C / 18 Â°C,19 Â°C / 17 Â°C,71 %,,6 km/h,-,999.9 hPa,0 mm,,2019,11
11/24/2019,33 Â°C / 18 Â°C,19 Â°C / 17 Â°C,70 %,,6 km/h,-,998.53 hPa,0 mm,,2019,11
11/23/2019,33 Â°C / 19 Â°C,19 Â°C / 18 Â°C,71 %,,13 km/h,-,998.9 hPa,0 mm,,2019,11
11/22/2019,32 Â°C / 19 Â°C,20 Â°C / 18 Â°C,73 %,,9 km/h,-,999.38 hPa,0 mm,,2019,11
11/21/2019,32 Â°C / 19 Â°C,21 Â°C / 18 Â°C,72 %,,7 km/h,-,999.52 hPa,0 mm,,2019,11
11/20/2019,32 Â°C / 22 Â°C,21 Â°C / 18 Â°C,74 %,,6 km/h,-,998.74 hPa,0 mm,,2019,11
11/19/2019,33 Â°C / 22 Â°C,22 Â°C / 19 Â°C,73 %,,4 km/h,-,997.84 hPa,0 mm,,2019,11
11/18/2019,34 Â°C / 23 Â°C,23 Â°C / 19 Â°C,73 %,,4 km/h,-,997.09 hPa,0 mm,,2019,11
11/17/2019,34 Â°C / 21 Â°C,23 Â°C / 20 Â°C,75 %,,4 km/h,-,996.66 hPa,0 mm,,2019,11
11/16/2019,33 Â°C / 21 Â°C,23 Â°C / 21 Â°C,77 %,,6 km/h,-,997.54 hPa,0 mm,,2019,11
11/15/2019,32 Â°C / 23 Â°C,23 Â°C / 21 Â°C,77 %,,6 km/h,-,998.84 hPa,0 mm,,2019,11
11/14/2019,31 Â°C / 24 Â°C,24 Â°C / 21 Â°C,82 %,,0 km/h,-,999.7 hPa,0 mm,,2019,11
11/13/2019,33 Â°C / 22 Â°C,24 Â°C / 21 Â°C,76 %,,0 km/h,-,998.3 hPa,0 mm,,2019,11
11/12/2019,34 Â°C / 21 Â°C,23 Â°C / 21 Â°C,77 %,,0 km/h,-,996.35 hPa,0 mm,,2019,11
11/11/2019,33 Â°C / 21 Â°C,23 Â°C / 20 Â°C,79 %,,0 km/h,-,996.03 hPa,0 mm,,2019,11
11/10/2019,31 Â°C / 21 Â°C,22 Â°C / 20 Â°C,79 %,,6 km/h,-,997.88 hPa,0 mm,,2019,11
11/9/2019,30 Â°C / 23 Â°C,23 Â°C / 19 Â°C,78 %,,6 km/h,-,999.43 hPa,0 mm,,2019,11
11/8/2019,30 Â°C / 23 Â°C,25 Â°C / 22 Â°C,86 %,,0 km/h,-,999.11 hPa,0 mm,,2019,11
11/7/2019,33 Â°C / 22 Â°C,24 Â°C / 22 Â°C,80 %,,0 km/h,-,996.16 hPa,0 mm,,2019,11
11/6/2019,33 Â°C / 22 Â°C,23 Â°C / 21 Â°C,78 %,,6 km/h,-,994.83 hPa,0 mm,,2019,11
11/5/2019,31 Â°C / 22 Â°C,23 Â°C / 22 Â°C,82 %,,6 km/h,-,996.5 hPa,0 mm,,2019,11
11/4/2019,32 Â°C / 24 Â°C,24 Â°C / 22 Â°C,82 %,,6 km/h,-,998.18 hPa,3 mm,,2019,11
11/3/2019,33 Â°C / 23 Â°C,24 Â°C / 22 Â°C,79 %,,6 km/h,-,996.83 hPa,0 mm,,2019,11
11/2/2019,29 Â°C / 23 Â°C,23 Â°C / 21 Â°C,86 %,,7 km/h,-,996.88 hPa,0 mm,,2019,11
11/1/2019,30 Â°C / 21 Â°C,23 Â°C / 18 Â°C,75 %,,7 km/h,-,996.54 hPa,0 mm,,2019,11
12/31/2019,32 Â°C / 19 Â°C,19 Â°C / 17 Â°C,68 %,,7 km/h,-,1001.81 hPa,0 mm,,2019,12
12/30/2019,32 Â°C / 22 Â°C,20 Â°C / 19 Â°C,67 %,,7 km/h,-,1000.15 hPa,0 mm,,2019,12
12/29/2019,32 Â°C / 21 Â°C,19 Â°C / 18 Â°C,66 %,,7 km/h,-,998.84 hPa,0 mm,,2019,12
12/28/2019,32 Â°C / 20 Â°C,21 Â°C / 18 Â°C,70 %,,7 km/h,-,998.3 hPa,0 mm,,2019,12
12/27/2019,32 Â°C / 19 Â°C,21 Â°C / 17 Â°C,70 %,,7 km/h,-,997.71 hPa,0 mm,,2019,12
12/26/2019,33 Â°C / 19 Â°C,19 Â°C / 17 Â°C,66 %,,4 km/h,-,997.54 hPa,0 mm,,2019,12
12/25/2019,34 Â°C / 19 Â°C,19 Â°C / 17 Â°C,65 %,,13 km/h,-,997.13 hPa,0 mm,,2019,12
12/24/2019,34 Â°C / 18 Â°C,19 Â°C / 17 Â°C,66 %,,6 km/h,-,998.09 hPa,0 mm,,2019,12
12/23/2019,34 Â°C / 18 Â°C,18 Â°C / 17 Â°C,63 %,,11 km/h,-,997.7 hPa,0 mm,,2019,12
12/22/2019,33 Â°C / 20 Â°C,19 Â°C / 17 Â°C,68 %,,4 km/h,-,997.56 hPa,0 mm,,2019,12
12/21/2019,33 Â°C / 20 Â°C,24 Â°C / 18 Â°C,73 %,,6 km/h,-,997.64 hPa,0 mm,,2019,12
12/20/2019,33 Â°C / 21 Â°C,21 Â°C / 19 Â°C,70 %,,7 km/h,-,997.24 hPa,0 mm,,2019,12
12/19/2019,34 Â°C / 19 Â°C,20 Â°C / 18 Â°C,68 %,,6 km/h,-,998.01 hPa,0 mm,,2019,12
12/18/2019,34 Â°C / 18 Â°C,20 Â°C / 17 Â°C,69 %,,6 km/h,-,998.41 hPa,0 mm,,2019,12
12/17/2019,34 Â°C / 18 Â°C,19 Â°C / 16 Â°C,69 %,,6 km/h,-,999.09 hPa,0 mm,,2019,12
12/16/2019,33 Â°C / 17 Â°C,19 Â°C / 15 Â°C,69 %,,6 km/h,-,998.91 hPa,0 mm,,2019,12
12/15/2019,32 Â°C / 16 Â°C,18 Â°C / 15 Â°C,70 %,,6 km/h,-,1000.15 hPa,0 mm,,2019,12
12/14/2019,31 Â°C / 14 Â°C,18 Â°C / 13 Â°C,71 %,,6 km/h,-,1001.84 hPa,0 mm,,2019,12
12/13/2019,30 Â°C / 14 Â°C,17 Â°C / 13 Â°C,72 %,,9 km/h,-,1001.79 hPa,0 mm,,2019,12
12/12/2019,29 Â°C / 14 Â°C,16 Â°C / 13 Â°C,71 %,,6 km/h,-,1000.58 hPa,0 mm,,2019,12
12/11/2019,28 Â°C / 13 Â°C,16 Â°C / 12 Â°C,70 %,,7 km/h,-,999.73 hPa,0 mm,,2019,12
12/10/2019,28 Â°C / 11 Â°C,14 Â°C / 10 Â°C,69 %,,6 km/h,-,1000.54 hPa,0 mm,,2019,12
12/9/2019,26 Â°C / 10 Â°C,13 Â°C / 9 Â°C,69 %,,6 km/h,-,1003.25 hPa,0 mm,,2019,12
12/8/2019,26 Â°C / 10 Â°C,11 Â°C / 8 Â°C,66 %,,7 km/h,-,1004.9 hPa,0 mm,,2019,12
12/7/2019,26 Â°C / 11 Â°C,12 Â°C / 5 Â°C,66 %,,7 km/h,-,1004.86 hPa,0 mm,,2019,12
12/6/2019,27 Â°C / 13 Â°C,13 Â°C / 9 Â°C,65 %,,11 km/h,-,1005.2 hPa,0 mm,,2019,12
12/5/2019,28 Â°C / 14 Â°C,17 Â°C / 11 Â°C,68 %,,7 km/h,-,1003.78 hPa,0 mm,,2019,12
12/4/2019,28 Â°C / 18 Â°C,17 Â°C / 14 Â°C,68 %,,6 km/h,-,1002.53 hPa,0 mm,,2019,12
12/3/2019,29 Â°C / 21 Â°C,20 Â°C / 16 Â°C,69 %,,6 km/h,-,1000.85 hPa,0 mm,,2019,12
12/2/2019,29 Â°C / 21 Â°C,21 Â°C / 20 Â°C,78 %,,6 km/h,-,999.31 hPa,0 mm,,2019,12
12/1/2019,34 Â°C / 21 Â°C,22 Â°C / 19 Â°C,71 %,,6 km/h,-,998.25 hPa,0 mm,,2019,12
1/31/2020,33 Â°C / 18 Â°C,17 Â°C / 14 Â°C,61 %,,6 km/h,-,998.58 hPa,0 mm,,2020,1
1/30/2020,32 Â°C / 16 Â°C,19 Â°C / 12 Â°C,63 %,,7 km/h,-,998.16 hPa,0 mm,,2020,1
1/29/2020,34 Â°C / 16 Â°C,14 Â°C / 9 Â°C,49 %,,7 km/h,-,998.35 hPa,0 mm,,2020,1
1/28/2020,34 Â°C / 17 Â°C,14 Â°C / 5 Â°C,41 %,,9 km/h,-,996.43 hPa,0 mm,,2020,1
1/27/2020,32 Â°C / 19 Â°C,13 Â°C / 2 Â°C,37 %,,22 km/h,-,995.06 hPa,0 mm,,2020,1
1/26/2020,32 Â°C / 19 Â°C,12 Â°C / 0 Â°C,36 %,,20 km/h,-,995.63 hPa,0 mm,,2020,1
1/25/2020,34 Â°C / 21 Â°C,16 Â°C / 9 Â°C,44 %,,20 km/h,-,995.79 hPa,0 mm,,2020,1
1/24/2020,35 Â°C / 21 Â°C,19 Â°C / 9 Â°C,51 %,,15 km/h,-,997.03 hPa,0 mm,,2020,1
1/23/2020,36 Â°C / 23 Â°C,19 Â°C / 16 Â°C,53 %,,13 km/h,-,997.39 hPa,0 mm,,2020,1
1/22/2020,36 Â°C / 21 Â°C,22 Â°C / 18 Â°C,65 %,,4 km/h,-,999.53 hPa,0 mm,,2020,1
1/21/2020,35 Â°C / 22 Â°C,21 Â°C / 19 Â°C,66 %,,7 km/h,-,1000.36 hPa,0 mm,,2020,1
1/20/2020,34 Â°C / 23 Â°C,21 Â°C / 18 Â°C,63 %,,7 km/h,-,999.14 hPa,0 mm,,2020,1
1/19/2020,34 Â°C / 21 Â°C,22 Â°C / 17 Â°C,64 %,,6 km/h,-,997.89 hPa,0 mm,,2020,1
1/18/2020,34 Â°C / 20 Â°C,21 Â°C / 17 Â°C,62 %,,6 km/h,-,997.83 hPa,0 mm,,2020,1
1/17/2020,35 Â°C / 20 Â°C,19 Â°C / 17 Â°C,65 %,,7 km/h,-,998.56 hPa,0 mm,,2020,1
1/16/2020,35 Â°C / 21 Â°C,19 Â°C / 17 Â°C,62 %,,6 km/h,-,997.69 hPa,0 mm,,2020,1
1/15/2020,34 Â°C / 22 Â°C,20 Â°C / 18 Â°C,65 %,,6 km/h,-,997.18 hPa,0 mm,,2020,1
1/14/2020,34 Â°C / 21 Â°C,20 Â°C / 18 Â°C,67 %,,0 km/h,-,996.83 hPa,0 mm,,2020,1
1/13/2020,32 Â°C / 21 Â°C,22 Â°C / 17 Â°C,69 %,,6 km/h,-,995.91 hPa,0 mm,,2020,1
1/12/2020,34 Â°C / 17 Â°C,19 Â°C / 12 Â°C,57 %,,4 km/h,-,995.65 hPa,0 mm,,2020,1
1/11/2020,35 Â°C / 20 Â°C,16 Â°C / 5 Â°C,46 %,,15 km/h,-,995.81 hPa,0 mm,,2020,1
1/10/2020,35 Â°C / 19 Â°C,19 Â°C / 16 Â°C,61 %,,6 km/h,-,996.11 hPa,0 mm,,2020,1
1/9/2020,35 Â°C / 18 Â°C,19 Â°C / 16 Â°C,65 %,,4 km/h,-,997.51 hPa,0 mm,,2020,1
1/8/2020,34 Â°C / 20 Â°C,19 Â°C / 18 Â°C,67 %,,6 km/h,-,997.84 hPa,0 mm,,2020,1
1/7/2020,34 Â°C / 20 Â°C,20 Â°C / 18 Â°C,64 %,,6 km/h,-,997.88 hPa,0 mm,,2020,1
1/6/2020,34 Â°C / 20 Â°C,20 Â°C / 18 Â°C,65 %,,6 km/h,-,998.79 hPa,0 mm,,2020,1
1/5/2020,33 Â°C / 21 Â°C,20 Â°C / 18 Â°C,66 %,,7 km/h,-,998.75 hPa,0 mm,,2020,1
1/4/2020,33 Â°C / 19 Â°C,19 Â°C / 17 Â°C,66 %,,6 km/h,-,999.2 hPa,0 mm,,2020,1
1/3/2020,32 Â°C / 19 Â°C,19 Â°C / 18 Â°C,68 %,,6 km/h,-,1001.59 hPa,0 mm,,2020,1
1/2/2020,31 Â°C / 22 Â°C,20 Â°C / 18 Â°C,67 %,,6 km/h,-,1003.59 hPa,0 mm,,2020,1
1/1/2020,32 Â°C / 19 Â°C,20 Â°C / 17 Â°C,69 %,,7 km/h,-,1003.11 hPa,0 mm,,2020,1
2/29/2020,36 Â°C / 24 Â°C,22 Â°C / 18 Â°C,57 %,,6 km/h,-,995.29 hPa,0 mm,,2020,2
2/28/2020,36 Â°C / 21 Â°C,20 Â°C / 17 Â°C,54 %,,7 km/h,-,995.85 hPa,0 mm,,2020,2
2/27/2020,37 Â°C / 20 Â°C,18 Â°C / 16 Â°C,52 %,,7 km/h,-,996.74 hPa,0 mm,,2020,2
2/26/2020,35 Â°C / 21 Â°C,17 Â°C / 14 Â°C,50 %,,6 km/h,-,997.35 hPa,0 mm,,2020,2
2/25/2020,36 Â°C / 20 Â°C,17 Â°C / 13 Â°C,49 %,,6 km/h,-,997.2 hPa,0 mm,,2020,2
2/24/2020,36 Â°C / 19 Â°C,17 Â°C / 15 Â°C,54 %,,7 km/h,-,999.16 hPa,0 mm,,2020,2
2/23/2020,34 Â°C / 19 Â°C,18 Â°C / 14 Â°C,55 %,,7 km/h,-,1002.33 hPa,0 mm,,2020,2
2/22/2020,34 Â°C / 19 Â°C,17 Â°C / 14 Â°C,55 %,,11 km/h,-,1003.54 hPa,0 mm,,2020,2
2/21/2020,34 Â°C / 20 Â°C,17 Â°C / 15 Â°C,55 %,,7 km/h,-,1002.46 hPa,0 mm,,2020,2
2/20/2020,35 Â°C / 21 Â°C,18 Â°C / 16 Â°C,56 %,,9 km/h,-,1000.45 hPa,0 mm,,2020,2
2/19/2020,35 Â°C / 22 Â°C,18 Â°C / 17 Â°C,56 %,,4 km/h,-,1000.79 hPa,0 mm,,2020,2
2/18/2020,32 Â°C / 23 Â°C,18 Â°C / 17 Â°C,56 %,,7 km/h,-,1000.35 hPa,0 mm,,2020,2
2/17/2020,36 Â°C / 19 Â°C,17 Â°C / 15 Â°C,54 %,,9 km/h,-,998.76 hPa,0 mm,,2020,2
2/16/2020,36 Â°C / 18 Â°C,17 Â°C / 13 Â°C,49 %,,9 km/h,-,997.63 hPa,0 mm,,2020,2
2/15/2020,34 Â°C / 21 Â°C,17 Â°C / 13 Â°C,47 %,,20 km/h,-,995.96 hPa,0 mm,,2020,2
2/14/2020,33 Â°C / 20 Â°C,16 Â°C / 14 Â°C,48 %,,20 km/h,-,995.21 hPa,0 mm,,2020,2
2/13/2020,34 Â°C / 24 Â°C,16 Â°C / 14 Â°C,42 %,,15 km/h,-,997.1 hPa,0 mm,,2020,2
2/12/2020,36 Â°C / 21 Â°C,17 Â°C / 15 Â°C,49 %,,13 km/h,-,998.13 hPa,0 mm,,2020,2
2/11/2020,36 Â°C / 19 Â°C,20 Â°C / 16 Â°C,58 %,,4 km/h,-,999.51 hPa,0 mm,,2020,2
2/10/2020,34 Â°C / 19 Â°C,18 Â°C / 16 Â°C,60 %,,7 km/h,-,1000.18 hPa,0 mm,,2020,2
2/9/2020,34 Â°C / 21 Â°C,18 Â°C / 17 Â°C,60 %,,11 km/h,-,1000.6 hPa,0 mm,,2020,2
2/8/2020,36 Â°C / 19 Â°C,18 Â°C / 16 Â°C,56 %,,7 km/h,-,999.18 hPa,0 mm,,2020,2
2/7/2020,37 Â°C / 21 Â°C,17 Â°C / 12 Â°C,48 %,,6 km/h,-,998.43 hPa,0 mm,,2020,2
2/6/2020,34 Â°C / 21 Â°C,15 Â°C / 12 Â°C,44 %,,13 km/h,-,997.66 hPa,0 mm,,2020,2
2/5/2020,35 Â°C / 20 Â°C,18 Â°C / 13 Â°C,49 %,,7 km/h,-,996.83 hPa,0 mm,,2020,2
2/4/2020,35 Â°C / 20 Â°C,22 Â°C / 13 Â°C,51 %,,9 km/h,-,997.29 hPa,0 mm,,2020,2
2/3/2020,34 Â°C / 18 Â°C,17 Â°C / 12 Â°C,52 %,,9 km/h,-,998.61 hPa,0 mm,,2020,2
2/2/2020,34 Â°C / 20 Â°C,19 Â°C / 17 Â°C,62 %,,6 km/h,-,999.7 hPa,0 mm,,2020,2
2/1/2020,33 Â°C / 17 Â°C,19 Â°C / 16 Â°C,66 %,,7 km/h,-,998.94 hPa,0 mm,,2020,2
3/31/2020,40 Â°C / 27 Â°C,20 Â°C / 14 Â°C,43 %,,13 km/h,-,993.49 hPa,0 mm,,2020,3
3/30/2020,39 Â°C / 28 Â°C,19 Â°C / 9 Â°C,34 %,,17 km/h,-,993.3 hPa,0 mm,,2020,3
3/29/2020,38 Â°C / 29 Â°C,16 Â°C / 13 Â°C,34 %,,17 km/h,-,992.87 hPa,0 mm,,2020,3
3/28/2020,39 Â°C / 29 Â°C,17 Â°C / 12 Â°C,33 %,,13 km/h,-,993.6 hPa,0 mm,,2020,3
3/27/2020,38 Â°C / 27 Â°C,16 Â°C / 13 Â°C,36 %,,19 km/h,-,994.8 hPa,0 mm,,2020,3
3/26/2020,38 Â°C / 24 Â°C,18 Â°C / 12 Â°C,38 %,,15 km/h,-,994.3 hPa,0 mm,,2020,3
3/25/2020,38 Â°C / 26 Â°C,20 Â°C / 16 Â°C,42 %,,9 km/h,-,992.87 hPa,0 mm,,2020,3
3/24/2020,38 Â°C / 27 Â°C,21 Â°C / 15 Â°C,39 %,,15 km/h,-,993.25 hPa,0 mm,,2020,3
3/23/2020,40 Â°C / 25 Â°C,18 Â°C / 13 Â°C,40 %,,15 km/h,-,994.65 hPa,0 mm,,2020,3
3/22/2020,38 Â°C / 26 Â°C,19 Â°C / 12 Â°C,38 %,,15 km/h,-,995.7 hPa,0 mm,,2020,3
3/21/2020,38 Â°C / 24 Â°C,20 Â°C / 15 Â°C,47 %,,15 km/h,-,996.05 hPa,0 mm,,2020,3
3/20/2020,37 Â°C / 27 Â°C,21 Â°C / 16 Â°C,49 %,,15 km/h,-,995.11 hPa,0 mm,,2020,3
3/19/2020,39 Â°C / 27 Â°C,20 Â°C / 14 Â°C,43 %,,13 km/h,-,994.15 hPa,0 mm,,2020,3
3/18/2020,39 Â°C / 28 Â°C,19 Â°C / 12 Â°C,37 %,,19 km/h,-,994.94 hPa,0 mm,,2020,3
3/17/2020,39 Â°C / 26 Â°C,21 Â°C / 16 Â°C,47 %,,13 km/h,-,996.81 hPa,0 mm,,2020,3
3/16/2020,37 Â°C / 24 Â°C,23 Â°C / 21 Â°C,62 %,,7 km/h,-,997.3 hPa,0 mm,,2020,3
3/15/2020,36 Â°C / 24 Â°C,23 Â°C / 17 Â°C,56 %,,11 km/h,-,995.98 hPa,0 mm,,2020,3
3/14/2020,41 Â°C / 24 Â°C,20 Â°C / 16 Â°C,45 %,,6 km/h,-,995.11 hPa,0 mm,,2020,3
3/13/2020,41 Â°C / 24 Â°C,18 Â°C / 12 Â°C,37 %,,13 km/h,-,996.29 hPa,0 mm,,2020,3
3/12/2020,40 Â°C / 26 Â°C,18 Â°C / 12 Â°C,36 %,,15 km/h,-,995.83 hPa,0 mm,,2020,3
3/11/2020,39 Â°C / 24 Â°C,17 Â°C / 14 Â°C,37 %,,13 km/h,-,994.55 hPa,0 mm,,2020,3
3/10/2020,38 Â°C / 28 Â°C,21 Â°C / 15 Â°C,44 %,,17 km/h,-,992.98 hPa,0 mm,,2020,3
3/9/2020,38 Â°C / 28 Â°C,19 Â°C / 13 Â°C,36 %,,19 km/h,-,992.68 hPa,0 mm,,2020,3
3/8/2020,37 Â°C / 23 Â°C,17 Â°C / 14 Â°C,41 %,,19 km/h,-,995.31 hPa,0 mm,,2020,3
3/7/2020,37 Â°C / 24 Â°C,19 Â°C / 15 Â°C,47 %,,19 km/h,-,997.43 hPa,0 mm,,2020,3
3/6/2020,36 Â°C / 24 Â°C,22 Â°C / 19 Â°C,55 %,,15 km/h,-,997.34 hPa,0 mm,,2020,3
3/5/2020,36 Â°C / 25 Â°C,21 Â°C / 18 Â°C,54 %,,13 km/h,-,995.85 hPa,0 mm,,2020,3
3/4/2020,36 Â°C / 27 Â°C,21 Â°C / 18 Â°C,52 %,,19 km/h,-,995.56 hPa,0 mm,,2020,3
3/3/2020,36 Â°C / 28 Â°C,19 Â°C / 17 Â°C,47 %,,13 km/h,-,995.01 hPa,0 mm,,2020,3
3/2/2020,37 Â°C / 23 Â°C,19 Â°C / 17 Â°C,48 %,,19 km/h,-,994.86 hPa,0 mm,,2020,3
3/1/2020,37 Â°C / 23 Â°C,19 Â°C / 17 Â°C,52 %,,9 km/h,-,995.24 hPa,0 mm,,2020,3
4/30/2020,35 Â°C / 26 Â°C,24 Â°C / 22 Â°C,73 %,,9 km/h,-,996.71 hPa,0 mm,,2020,4
4/29/2020,33 Â°C / 26 Â°C,24 Â°C / 21 Â°C,71 %,,13 km/h,-,996.46 hPa,0 mm,,2020,4
4/28/2020,34 Â°C / 24 Â°C,23 Â°C / 21 Â°C,72 %,,7 km/h,-,998.25 hPa,0 mm,,2020,4
4/27/2020,25 Â°C / 23 Â°C,23 Â°C / 22 Â°C,92 %,,9 km/h,-,1000.46 hPa,20 mm,,2020,4
4/26/2020,37 Â°C / 24 Â°C,22 Â°C / 20 Â°C,67 %,,7 km/h,-,997.53 hPa,0 mm,,2020,4
4/25/2020,33 Â°C / 26 Â°C,24 Â°C / 22 Â°C,69 %,,9 km/h,-,997.33 hPa,0.2 mm,,2020,4
4/24/2020,38 Â°C / 26 Â°C,23 Â°C / 18 Â°C,62 %,,11 km/h,-,995.16 hPa,0 mm,,2020,4
4/23/2020,39 Â°C / 29 Â°C,23 Â°C / 17 Â°C,48 %,,9 km/h,-,994.41 hPa,0 mm,,2020,4
4/22/2020,40 Â°C / 31 Â°C,20 Â°C / 16 Â°C,36 %,,17 km/h,-,993.36 hPa,0 mm,,2020,4
4/21/2020,42 Â°C / 31 Â°C,22 Â°C / 18 Â°C,39 %,,13 km/h,-,993.39 hPa,0 mm,,2020,4
4/20/2020,42 Â°C / 29 Â°C,21 Â°C / 15 Â°C,36 %,,11 km/h,-,994.34 hPa,0 mm,,2020,4
4/19/2020,41 Â°C / 28 Â°C,19 Â°C / 15 Â°C,39 %,,15 km/h,-,994.71 hPa,0 mm,,2020,4
4/18/2020,37 Â°C / 28 Â°C,22 Â°C / 18 Â°C,50 %,,9 km/h,-,995.96 hPa,0 mm,,2020,4
4/17/2020,39 Â°C / 29 Â°C,19 Â°C / 16 Â°C,38 %,,15 km/h,-,994.59 hPa,0 mm,,2020,4
4/16/2020,39 Â°C / 26 Â°C,22 Â°C / 16 Â°C,48 %,,11 km/h,-,994.73 hPa,0 mm,,2020,4
4/15/2020,37 Â°C / 27 Â°C,22 Â°C / 17 Â°C,58 %,,11 km/h,-,996.51 hPa,0 mm,,2020,4
4/14/2020,36 Â°C / 24 Â°C,22 Â°C / 21 Â°C,65 %,,9 km/h,-,997.51 hPa,0 mm,,2020,4
4/13/2020,36 Â°C / 27 Â°C,23 Â°C / 14 Â°C,57 %,,11 km/h,-,996.03 hPa,0 mm,,2020,4
4/12/2020,40 Â°C / 29 Â°C,21 Â°C / 13 Â°C,37 %,,13 km/h,-,994.86 hPa,0 mm,,2020,4
4/11/2020,40 Â°C / 24 Â°C,18 Â°C / 9 Â°C,41 %,,13 km/h,-,996.44 hPa,0 mm,,2020,4
4/10/2020,39 Â°C / 23 Â°C,21 Â°C / 13 Â°C,52 %,,9 km/h,-,997.26 hPa,0 mm,,2020,4
4/9/2020,39 Â°C / 27 Â°C,21 Â°C / 13 Â°C,39 %,,7 km/h,-,995.45 hPa,0 mm,,2020,4
4/8/2020,39 Â°C / 28 Â°C,21 Â°C / 11 Â°C,41 %,,17 km/h,-,994.46 hPa,0 mm,,2020,4
4/7/2020,39 Â°C / 29 Â°C,22 Â°C / 18 Â°C,47 %,,19 km/h,-,993.58 hPa,0 mm,,2020,4
4/6/2020,39 Â°C / 28 Â°C,22 Â°C / 17 Â°C,48 %,,17 km/h,-,994.54 hPa,0 mm,,2020,4
4/5/2020,39 Â°C / 26 Â°C,22 Â°C / 14 Â°C,53 %,,7 km/h,-,995.25 hPa,0 mm,,2020,4
4/4/2020,41 Â°C / 29 Â°C,19 Â°C / 13 Â°C,37 %,,9 km/h,-,995.16 hPa,0 mm,,2020,4
4/3/2020,40 Â°C / 26 Â°C,18 Â°C / 13 Â°C,37 %,,17 km/h,-,994.8 hPa,0 mm,,2020,4
4/2/2020,39 Â°C / 29 Â°C,19 Â°C / 12 Â°C,35 %,,13 km/h,-,993.55 hPa,0 mm,,2020,4
4/1/2020,39 Â°C / 28 Â°C,21 Â°C / 16 Â°C,43 %,,15 km/h,-,993.08 hPa,0 mm,,2020,4
5/31/2020,34 Â°C / 28 Â°C,24 Â°C / 21 Â°C,62 %,,15 km/h,-,995.83 hPa,0 mm,,2020,5
5/30/2020,36 Â°C / 28 Â°C,24 Â°C / 17 Â°C,58 %,,15 km/h,-,994.99 hPa,0 mm,,2020,5
5/29/2020,36 Â°C / 28 Â°C,24 Â°C / 22 Â°C,62 %,,24 km/h,-,994.05 hPa,0 mm,,2020,5
5/28/2020,36 Â°C / 29 Â°C,24 Â°C / 22 Â°C,60 %,,28 km/h,-,993.8 hPa,0 mm,,2020,5
5/27/2020,37 Â°C / 29 Â°C,24 Â°C / 22 Â°C,59 %,,19 km/h,-,994.03 hPa,0 mm,,2020,5
5/26/2020,37 Â°C / 29 Â°C,24 Â°C / 21 Â°C,58 %,,20 km/h,-,994.64 hPa,0 mm,,2020,5
5/25/2020,37 Â°C / 29 Â°C,23 Â°C / 21 Â°C,54 %,,11 km/h,-,994.35 hPa,0 mm,,2020,5
5/24/2020,38 Â°C / 29 Â°C,23 Â°C / 22 Â°C,54 %,,17 km/h,-,993.23 hPa,0 mm,,2020,5
5/23/2020,38 Â°C / 29 Â°C,24 Â°C / 21 Â°C,57 %,,15 km/h,-,991.85 hPa,0 mm,,2020,5
5/22/2020,36 Â°C / 28 Â°C,25 Â°C / 23 Â°C,64 %,,15 km/h,-,992.25 hPa,0 mm,,2020,5
5/21/2020,33 Â°C / 27 Â°C,27 Â°C / 22 Â°C,75 %,,13 km/h,-,992.8 hPa,11 mm,,2020,5
5/20/2020,36 Â°C / 26 Â°C,26 Â°C / 23 Â°C,77 %,,7 km/h,-,991.5 hPa,0 mm,,2020,5
5/19/2020,35 Â°C / 26 Â°C,26 Â°C / 23 Â°C,82 %,,9 km/h,-,991.35 hPa,30 mm,,2020,5
5/18/2020,38 Â°C / 30 Â°C,26 Â°C / 23 Â°C,61 %,,20 km/h,-,989.86 hPa,0 mm,,2020,5
5/17/2020,38 Â°C / 30 Â°C,24 Â°C / 22 Â°C,55 %,,15 km/h,-,990.24 hPa,0 mm,,2020,5
5/16/2020,40 Â°C / 30 Â°C,23 Â°C / 21 Â°C,52 %,,13 km/h,-,990.5 hPa,0 mm,,2020,5
5/15/2020,38 Â°C / 27 Â°C,24 Â°C / 21 Â°C,63 %,,11 km/h,-,991.53 hPa,0 mm,,2020,5
5/14/2020,39 Â°C / 28 Â°C,24 Â°C / 20 Â°C,56 %,,11 km/h,-,993.3 hPa,0 mm,,2020,5
5/13/2020,38 Â°C / 28 Â°C,24 Â°C / 22 Â°C,63 %,,11 km/h,-,993.37 hPa,0 mm,,2020,5
5/12/2020,37 Â°C / 26 Â°C,24 Â°C / 23 Â°C,66 %,,6 km/h,-,994.36 hPa,0 mm,,2020,5
5/11/2020,38 Â°C / 27 Â°C,26 Â°C / 22 Â°C,64 %,,9 km/h,-,994.85 hPa,0 mm,,2020,5
5/10/2020,38 Â°C / 27 Â°C,28 Â°C / 22 Â°C,65 %,,6 km/h,-,993.41 hPa,0 mm,,2020,5
5/9/2020,38 Â°C / 30 Â°C,26 Â°C / 23 Â°C,61 %,,11 km/h,-,992.86 hPa,0 mm,,2020,5
5/8/2020,35 Â°C / 25 Â°C,27 Â°C / 23 Â°C,76 %,,7 km/h,-,993.71 hPa,0 mm,,2020,5
5/7/2020,40 Â°C / 24 Â°C,24 Â°C / 21 Â°C,54 %,,11 km/h,-,991.8 hPa,0 mm,,2020,5
5/6/2020,40 Â°C / 31 Â°C,24 Â°C / 21 Â°C,56 %,,13 km/h,-,992.19 hPa,0.7 mm,,2020,5
5/5/2020,40 Â°C / 30 Â°C,24 Â°C / 21 Â°C,53 %,,11 km/h,-,993.01 hPa,0 mm,,2020,5
5/4/2020,37 Â°C / 29 Â°C,24 Â°C / 14 Â°C,55 %,,7 km/h,-,994.38 hPa,0 mm,,2020,5
5/3/2020,37 Â°C / 28 Â°C,26 Â°C / 21 Â°C,60 %,,9 km/h,-,993.75 hPa,0 mm,,2020,5
5/2/2020,35 Â°C / 25 Â°C,26 Â°C / 23 Â°C,82 %,,6 km/h,-,994.38 hPa,1 mm,,2020,5
5/1/2020,35 Â°C / 26 Â°C,25 Â°C / 22 Â°C,73 %,,9 km/h,-,995.26 hPa,0 mm,,2020,5
6/30/2020,36 Â°C / 28 Â°C,23 Â°C / 22 Â°C,59 %,,15 km/h,-,991.39 hPa,0 mm,,2020,6
6/29/2020,36 Â°C / 28 Â°C,22 Â°C / 19 Â°C,56 %,,15 km/h,-,991.33 hPa,0 mm,,2020,6
6/28/2020,36 Â°C / 27 Â°C,22 Â°C / 19 Â°C,56 %,,15 km/h,-,991.98 hPa,0 mm,,2020,6
6/27/2020,34 Â°C / 27 Â°C,22 Â°C / 21 Â°C,61 %,,15 km/h,-,992.34 hPa,0 mm,,2020,6
6/26/2020,36 Â°C / 28 Â°C,23 Â°C / 20 Â°C,60 %,,15 km/h,-,992.24 hPa,0 mm,,2020,6
6/25/2020,35 Â°C / 29 Â°C,23 Â°C / 22 Â°C,62 %,,15 km/h,-,992.16 hPa,0 mm,,2020,6
6/24/2020,37 Â°C / 27 Â°C,24 Â°C / 23 Â°C,66 %,,13 km/h,-,992.8 hPa,0 mm,,2020,6
6/23/2020,36 Â°C / 28 Â°C,24 Â°C / 23 Â°C,65 %,,9 km/h,-,992.63 hPa,0.6 mm,,2020,6
6/22/2020,37 Â°C / 28 Â°C,24 Â°C / 22 Â°C,61 %,,15 km/h,-,991.34 hPa,0 mm,,2020,6
6/21/2020,35 Â°C / 28 Â°C,24 Â°C / 21 Â°C,62 %,,15 km/h,-,991.68 hPa,0 mm,,2020,6
6/20/2020,36 Â°C / 27 Â°C,23 Â°C / 21 Â°C,61 %,,11 km/h,-,992.76 hPa,0 mm,,2020,6
6/19/2020,33 Â°C / 25 Â°C,24 Â°C / 21 Â°C,70 %,,11 km/h,-,993.36 hPa,0 mm,,2020,6
6/18/2020,27 Â°C / 24 Â°C,24 Â°C / 21 Â°C,86 %,,7 km/h,-,994.25 hPa,0.6 mm,,2020,6
6/17/2020,31 Â°C / 25 Â°C,24 Â°C / 22 Â°C,81 %,,9 km/h,-,993.01 hPa,0 mm,,2020,6
6/16/2020,30 Â°C / 25 Â°C,26 Â°C / 22 Â°C,83 %,,11 km/h,-,993.33 hPa,1 mm,,2020,6
6/15/2020,33 Â°C / 26 Â°C,24 Â°C / 23 Â°C,81 %,,11 km/h,-,992.64 hPa,0.6 mm,,2020,6
6/14/2020,34 Â°C / 27 Â°C,25 Â°C / 22 Â°C,69 %,,19 km/h,-,991 hPa,1 mm,,2020,6
6/13/2020,36 Â°C / 28 Â°C,24 Â°C / 21 Â°C,58 %,,17 km/h,-,989.79 hPa,0 mm,,2020,6
6/12/2020,36 Â°C / 28 Â°C,23 Â°C / 22 Â°C,58 %,,17 km/h,-,990.94 hPa,0 mm,,2020,6
6/11/2020,36 Â°C / 27 Â°C,23 Â°C / 22 Â°C,63 %,,15 km/h,-,992.36 hPa,0 mm,,2020,6
6/10/2020,35 Â°C / 25 Â°C,24 Â°C / 23 Â°C,74 %,,9 km/h,-,992.71 hPa,0 mm,,2020,6
6/9/2020,33 Â°C / 24 Â°C,26 Â°C / 23 Â°C,82 %,,9 km/h,-,991.99 hPa,0.6 mm,,2020,6
6/8/2020,33 Â°C / 25 Â°C,24 Â°C / 23 Â°C,85 %,,7 km/h,-,991.61 hPa,2 mm,,2020,6
6/7/2020,34 Â°C / 26 Â°C,26 Â°C / 24 Â°C,81 %,,15 km/h,-,992.1 hPa,6 mm,,2020,6
6/6/2020,33 Â°C / 27 Â°C,25 Â°C / 23 Â°C,73 %,,6 km/h,-,992.36 hPa,0 mm,,2020,6
6/5/2020,38 Â°C / 28 Â°C,24 Â°C / 23 Â°C,63 %,,15 km/h,-,992.2 hPa,0.6 mm,,2020,6
6/4/2020,38 Â°C / 27 Â°C,24 Â°C / 22 Â°C,65 %,,15 km/h,-,992.24 hPa,0.4 mm,,2020,6
6/3/2020,37 Â°C / 27 Â°C,26 Â°C / 22 Â°C,64 %,,11 km/h,-,992.84 hPa,0 mm,,2020,6
6/2/2020,34 Â°C / 29 Â°C,23 Â°C / 22 Â°C,60 %,,13 km/h,-,994.06 hPa,0 mm,,2020,6
6/1/2020,37 Â°C / 28 Â°C,22 Â°C / 21 Â°C,55 %,,19 km/h,-,994.96 hPa,0 mm,,2020,6
7/31/2020,35 Â°C / 28 Â°C,22 Â°C / 22 Â°C,60 %,,22 km/h,-,990.24 hPa,0 mm,,2020,7
7/30/2020,35 Â°C / 27 Â°C,23 Â°C / 21 Â°C,63 %,,19 km/h,-,992.96 hPa,0 mm,,2020,7
7/29/2020,34 Â°C / 26 Â°C,24 Â°C / 21 Â°C,66 %,,19 km/h,-,993.69 hPa,0 mm,,2020,7
7/28/2020,33 Â°C / 27 Â°C,25 Â°C / 23 Â°C,71 %,,13 km/h,-,992.59 hPa,0 mm,,2020,7
7/27/2020,34 Â°C / 28 Â°C,26 Â°C / 23 Â°C,69 %,,11 km/h,-,991.59 hPa,0 mm,,2020,7
7/26/2020,34 Â°C / 27 Â°C,24 Â°C / 23 Â°C,67 %,,7 km/h,-,992.64 hPa,0 mm,,2020,7
7/25/2020,37 Â°C / 26 Â°C,24 Â°C / 22 Â°C,62 %,,15 km/h,-,992.74 hPa,0 mm,,2020,7
7/24/2020,38 Â°C / 28 Â°C,24 Â°C / 22 Â°C,62 %,,7 km/h,-,993.1 hPa,0 mm,,2020,7
7/23/2020,36 Â°C / 27 Â°C,24 Â°C / 22 Â°C,65 %,,6 km/h,-,993.16 hPa,0 mm,,2020,7
7/22/2020,35 Â°C / 24 Â°C,25 Â°C / 23 Â°C,79 %,,11 km/h,-,993.29 hPa,0 mm,,2020,7
7/21/2020,33 Â°C / 28 Â°C,24 Â°C / 23 Â°C,66 %,,11 km/h,-,993.33 hPa,0 mm,,2020,7
7/20/2020,36 Â°C / 28 Â°C,24 Â°C / 21 Â°C,60 %,,13 km/h,-,992.29 hPa,0 mm,,2020,7
7/19/2020,36 Â°C / 28 Â°C,23 Â°C / 21 Â°C,60 %,,15 km/h,-,992.84 hPa,0 mm,,2020,7
7/18/2020,36 Â°C / 26 Â°C,23 Â°C / 22 Â°C,63 %,,15 km/h,-,993.18 hPa,0 mm,,2020,7
7/17/2020,36 Â°C / 26 Â°C,26 Â°C / 22 Â°C,75 %,,13 km/h,-,992.24 hPa,0 mm,,2020,7
7/16/2020,36 Â°C / 27 Â°C,23 Â°C / 21 Â°C,60 %,,15 km/h,-,991.1 hPa,0 mm,,2020,7
7/15/2020,36 Â°C / 27 Â°C,25 Â°C / 21 Â°C,62 %,,13 km/h,-,991.99 hPa,0 mm,,2020,7
7/14/2020,32 Â°C / 25 Â°C,24 Â°C / 21 Â°C,76 %,,13 km/h,-,993.14 hPa,0 mm,,2020,7
7/13/2020,34 Â°C / 26 Â°C,24 Â°C / 23 Â°C,76 %,,9 km/h,-,991.98 hPa,2 mm,,2020,7
7/12/2020,34 Â°C / 29 Â°C,23 Â°C / 21 Â°C,60 %,,13 km/h,-,991.44 hPa,0 mm,,2020,7
7/11/2020,35 Â°C / 28 Â°C,22 Â°C / 21 Â°C,57 %,,20 km/h,-,992.13 hPa,0 mm,,2020,7
7/10/2020,35 Â°C / 28 Â°C,22 Â°C / 20 Â°C,57 %,,19 km/h,-,992.19 hPa,0 mm,,2020,7
7/9/2020,36 Â°C / 28 Â°C,23 Â°C / 21 Â°C,59 %,,17 km/h,-,992.05 hPa,0 mm,,2020,7
7/8/2020,35 Â°C / 26 Â°C,26 Â°C / 24 Â°C,80 %,,7 km/h,-,993.59 hPa,2 mm,,2020,7
7/7/2020,38 Â°C / 27 Â°C,25 Â°C / 21 Â°C,61 %,,15 km/h,-,992.56 hPa,0 mm,,2020,7
7/6/2020,36 Â°C / 28 Â°C,23 Â°C / 21 Â°C,57 %,,17 km/h,-,991.08 hPa,0 mm,,2020,7
7/5/2020,34 Â°C / 26 Â°C,24 Â°C / 21 Â°C,66 %,,19 km/h,-,992.31 hPa,0 mm,,2020,7
7/4/2020,32 Â°C / 26 Â°C,23 Â°C / 21 Â°C,67 %,,11 km/h,-,992.83 hPa,0.4 mm,,2020,7
7/3/2020,33 Â°C / 28 Â°C,24 Â°C / 21 Â°C,64 %,,19 km/h,-,991.06 hPa,0.2 mm,,2020,7
7/2/2020,35 Â°C / 28 Â°C,22 Â°C / 21 Â°C,60 %,,22 km/h,-,989.8 hPa,0 mm,,2020,7
7/1/2020,33 Â°C / 28 Â°C,23 Â°C / 19 Â°C,61 %,,24 km/h,-,991.21 hPa,0 mm,,2020,7
8/31/2020,33 Â°C / 26 Â°C,26 Â°C / 23 Â°C,77 %,,6 km/h,-,992.2 hPa,0 mm,,2020,8
8/30/2020,36 Â°C / 26 Â°C,24 Â°C / 14 Â°C,65 %,,9 km/h,-,990.89 hPa,0 mm,,2020,8
8/29/2020,35 Â°C / 27 Â°C,24 Â°C / 21 Â°C,62 %,,17 km/h,-,990.64 hPa,0 mm,,2020,8
8/28/2020,34 Â°C / 28 Â°C,23 Â°C / 22 Â°C,63 %,,20 km/h,-,990.46 hPa,0 mm,,2020,8
8/27/2020,31 Â°C / 27 Â°C,23 Â°C / 22 Â°C,68 %,,19 km/h,-,992.03 hPa,0 mm,,2020,8
8/26/2020,33 Â°C / 27 Â°C,22 Â°C / 20 Â°C,60 %,,19 km/h,-,993.84 hPa,0 mm,,2020,8
8/25/2020,34 Â°C / 24 Â°C,23 Â°C / 21 Â°C,67 %,,15 km/h,-,994.51 hPa,0 mm,,2020,8
8/24/2020,31 Â°C / 25 Â°C,23 Â°C / 21 Â°C,76 %,,17 km/h,-,994.63 hPa,0.4 mm,,2020,8
8/23/2020,31 Â°C / 25 Â°C,26 Â°C / 22 Â°C,84 %,,13 km/h,-,992.74 hPa,0 mm,,2020,8
8/22/2020,31 Â°C / 25 Â°C,26 Â°C / 22 Â°C,84 %,,9 km/h,-,992.4 hPa,17 mm,,2020,8
8/21/2020,28 Â°C / 25 Â°C,25 Â°C / 22 Â°C,82 %,,11 km/h,-,994.2 hPa,0.2 mm,,2020,8
8/20/2020,35 Â°C / 26 Â°C,24 Â°C / 22 Â°C,67 %,,15 km/h,-,992.94 hPa,0 mm,,2020,8
8/19/2020,32 Â°C / 24 Â°C,25 Â°C / 21 Â°C,74 %,,15 km/h,-,992.44 hPa,0 mm,,2020,8
8/18/2020,32 Â°C / 26 Â°C,23 Â°C / 21 Â°C,70 %,,13 km/h,-,992.56 hPa,0 mm,,2020,8
8/17/2020,32 Â°C / 26 Â°C,23 Â°C / 21 Â°C,68 %,,15 km/h,-,992.78 hPa,0 mm,,2020,8
8/16/2020,31 Â°C / 24 Â°C,24 Â°C / 22 Â°C,80 %,,7 km/h,-,993.47 hPa,0.4 mm,,2020,8
8/15/2020,28 Â°C / 24 Â°C,25 Â°C / 23 Â°C,91 %,,6 km/h,-,993.46 hPa,0 mm,,2020,8
8/14/2020,31 Â°C / 25 Â°C,25 Â°C / 24 Â°C,84 %,,9 km/h,-,992.3 hPa,0 mm,,2020,8
8/13/2020,33 Â°C / 25 Â°C,24 Â°C / 22 Â°C,78 %,,17 km/h,-,991.64 hPa,0 mm,,2020,8
8/12/2020,33 Â°C / 27 Â°C,25 Â°C / 22 Â°C,69 %,,11 km/h,-,992.24 hPa,0 mm,,2020,8
8/11/2020,33 Â°C / 28 Â°C,23 Â°C / 22 Â°C,67 %,,15 km/h,-,992.18 hPa,0 mm,,2020,8
8/10/2020,33 Â°C / 28 Â°C,23 Â°C / 22 Â°C,64 %,,17 km/h,-,992 hPa,0 mm,,2020,8
8/9/2020,35 Â°C / 27 Â°C,26 Â°C / 22 Â°C,68 %,,13 km/h,-,990.52 hPa,0 mm,,2020,8
8/8/2020,34 Â°C / 26 Â°C,25 Â°C / 22 Â°C,76 %,,9 km/h,-,991.4 hPa,0 mm,,2020,8
8/7/2020,34 Â°C / 28 Â°C,27 Â°C / 22 Â°C,71 %,,17 km/h,-,991.54 hPa,2.2 mm,,2020,8
8/6/2020,31 Â°C / 26 Â°C,26 Â°C / 23 Â°C,76 %,,13 km/h,-,992.48 hPa,0 mm,,2020,8
8/5/2020,33 Â°C / 25 Â°C,25 Â°C / 23 Â°C,81 %,,13 km/h,-,990.28 hPa,0 mm,,2020,8
8/4/2020,29 Â°C / 26 Â°C,27 Â°C / 24 Â°C,90 %,,7 km/h,-,987.15 hPa,5.2 mm,,2020,8
8/3/2020,30 Â°C / 25 Â°C,27 Â°C / 24 Â°C,90 %,,6 km/h,-,984.5 hPa,0.6 mm,,2020,8
8/2/2020,29 Â°C / 28 Â°C,24 Â°C / 22 Â°C,71 %,,22 km/h,-,985.61 hPa,0 mm,,2020,8
8/1/2020,34 Â°C / 28 Â°C,23 Â°C / 22 Â°C,61 %,,22 km/h,-,987.9 hPa,0 mm,,2020,8
9/30/2020,31 Â°C / 24 Â°C,25 Â°C / 23 Â°C,86 %,,6 km/h,-,992.36 hPa,0 mm,,2020,9
9/29/2020,30 Â°C / 24 Â°C,25 Â°C / 23 Â°C,89 %,,4 km/h,-,992.61 hPa,1.2 mm,,2020,9
9/28/2020,33 Â°C / 25 Â°C,26 Â°C / 23 Â°C,78 %,,19 km/h,-,991.75 hPa,1 mm,,2020,9
9/27/2020,34 Â°C / 27 Â°C,24 Â°C / 22 Â°C,64 %,,15 km/h,-,992.63 hPa,0 mm,,2020,9
9/26/2020,33 Â°C / 27 Â°C,23 Â°C / 22 Â°C,67 %,,13 km/h,-,994 hPa,0 mm,,2020,9
9/25/2020,32 Â°C / 26 Â°C,24 Â°C / 22 Â°C,76 %,,15 km/h,-,994.3 hPa,0.2 mm,,2020,9
9/24/2020,31 Â°C / 24 Â°C,27 Â°C / 23 Â°C,88 %,,6 km/h,-,995.31 hPa,0 mm,,2020,9
9/23/2020,35 Â°C / 24 Â°C,26 Â°C / 23 Â°C,79 %,,11 km/h,-,994.5 hPa,0 mm,,2020,9
9/22/2020,32 Â°C / 25 Â°C,26 Â°C / 24 Â°C,84 %,,7 km/h,-,994.91 hPa,0 mm,,2020,9
9/21/2020,29 Â°C / 25 Â°C,25 Â°C / 24 Â°C,89 %,,6 km/h,-,994.89 hPa,0 mm,,2020,9
9/20/2020,29 Â°C / 25 Â°C,26 Â°C / 24 Â°C,92 %,,6 km/h,-,991.81 hPa,1.4 mm,,2020,9
9/19/2020,27 Â°C / 25 Â°C,26 Â°C / 24 Â°C,94 %,,6 km/h,-,986.42 hPa,11 mm,,2020,9
9/18/2020,32 Â°C / 27 Â°C,26 Â°C / 23 Â°C,77 %,,15 km/h,-,988 hPa,4 mm,,2020,9
9/17/2020,34 Â°C / 26 Â°C,24 Â°C / 23 Â°C,67 %,,13 km/h,-,990.93 hPa,0 mm,,2020,9
9/16/2020,36 Â°C / 26 Â°C,25 Â°C / 23 Â°C,73 %,,11 km/h,-,992.9 hPa,0 mm,,2020,9
9/15/2020,34 Â°C / 26 Â°C,26 Â°C / 24 Â°C,81 %,,6 km/h,-,993.69 hPa,3 mm,,2020,9
9/14/2020,36 Â°C / 25 Â°C,25 Â°C / 22 Â°C,78 %,,6 km/h,-,994.03 hPa,0 mm,,2020,9
9/13/2020,33 Â°C / 26 Â°C,26 Â°C / 23 Â°C,82 %,,7 km/h,-,994.99 hPa,0 mm,,2020,9
9/12/2020,33 Â°C / 25 Â°C,25 Â°C / 24 Â°C,79 %,,6 km/h,-,994.96 hPa,0.4 mm,,2020,9
9/11/2020,34 Â°C / 26 Â°C,26 Â°C / 24 Â°C,80 %,,7 km/h,-,992.9 hPa,1 mm,,2020,9
9/10/2020,35 Â°C / 27 Â°C,24 Â°C / 23 Â°C,71 %,,6 km/h,-,992.11 hPa,0.2 mm,,2020,9
9/9/2020,34 Â°C / 26 Â°C,25 Â°C / 22 Â°C,70 %,,11 km/h,-,993.76 hPa,0 mm,,2020,9
9/8/2020,34 Â°C / 28 Â°C,24 Â°C / 22 Â°C,66 %,,11 km/h,-,993.16 hPa,0 mm,,2020,9
9/7/2020,34 Â°C / 28 Â°C,23 Â°C / 22 Â°C,64 %,,17 km/h,-,992.81 hPa,0 mm,,2020,9
9/6/2020,35 Â°C / 27 Â°C,24 Â°C / 22 Â°C,65 %,,15 km/h,-,992.09 hPa,0 mm,,2020,9
9/5/2020,32 Â°C / 27 Â°C,27 Â°C / 24 Â°C,80 %,,6 km/h,-,992.58 hPa,0 mm,,2020,9
9/4/2020,35 Â°C / 27 Â°C,26 Â°C / 24 Â°C,72 %,,6 km/h,-,993.1 hPa,0 mm,,2020,9
9/3/2020,36 Â°C / 26 Â°C,26 Â°C / 22 Â°C,66 %,,13 km/h,-,993.62 hPa,0 mm,,2020,9
9/2/2020,34 Â°C / 26 Â°C,25 Â°C / 22 Â°C,76 %,,15 km/h,-,994.21 hPa,0 mm,,2020,9
9/1/2020,30 Â°C / 24 Â°C,25 Â°C / 22 Â°C,84 %,,7 km/h,-,993.66 hPa,0.6 mm,,2020,9
10/31/2020,28 Â°C / 24 Â°C,25 Â°C / 23 Â°C,91 %,,6 km/h,-,998.09 hPa,5 mm,,2020,10
10/30/2020,28 Â°C / 23 Â°C,24 Â°C / 22 Â°C,91 %,,6 km/h,-,996.23 hPa,0 mm,,2020,10
10/29/2020,29 Â°C / 23 Â°C,24 Â°C / 23 Â°C,85 %,,7 km/h,-,994 hPa,0 mm,,2020,10
10/28/2020,32 Â°C / 23 Â°C,26 Â°C / 22 Â°C,81 %,,7 km/h,-,994.94 hPa,0 mm,,2020,10
10/27/2020,27 Â°C / 24 Â°C,23 Â°C / 23 Â°C,87 %,,6 km/h,-,995.86 hPa,1 mm,,2020,10
10/26/2020,32 Â°C / 22 Â°C,23 Â°C / 22 Â°C,74 %,,6 km/h,-,995.08 hPa,0 mm,,2020,10
10/25/2020,24 Â°C / 23 Â°C,23 Â°C / 22 Â°C,95 %,,0 km/h,-,997.53 hPa,0 mm,,2020,10
10/24/2020,30 Â°C / 24 Â°C,24 Â°C / 23 Â°C,85 %,,7 km/h,-,996.88 hPa,0 mm,,2020,10
10/23/2020,29 Â°C / 24 Â°C,23 Â°C / 21 Â°C,85 %,,7 km/h,-,996.13 hPa,0 mm,,2020,10
10/22/2020,27 Â°C / 24 Â°C,24 Â°C / 23 Â°C,86 %,,4 km/h,-,995.94 hPa,0.8 mm,,2020,10
10/21/2020,27 Â°C / 23 Â°C,23 Â°C / 22 Â°C,90 %,,6 km/h,-,997.63 hPa,0.8 mm,,2020,10
10/20/2020,25 Â°C / 22 Â°C,22 Â°C / 22 Â°C,91 %,,4 km/h,-,997.31 hPa,0 mm,,2020,10
10/19/2020,25 Â°C / 22 Â°C,22 Â°C / 22 Â°C,93 %,,7 km/h,-,995.99 hPa,0 mm,,2020,10
10/18/2020,25 Â°C / 23 Â°C,24 Â°C / 22 Â°C,92 %,,6 km/h,-,994.85 hPa,1 mm,,2020,10
10/17/2020,29 Â°C / 24 Â°C,24 Â°C / 23 Â°C,91 %,,6 km/h,-,993.05 hPa,0 mm,,2020,10
10/16/2020,28 Â°C / 25 Â°C,26 Â°C / 24 Â°C,91 %,,6 km/h,-,992.54 hPa,12 mm,,2020,10
10/15/2020,31 Â°C / 27 Â°C,25 Â°C / 24 Â°C,76 %,,6 km/h,-,990.77 hPa,0 mm,,2020,10
10/14/2020,33 Â°C / 24 Â°C,26 Â°C / 22 Â°C,78 %,,7 km/h,-,992.06 hPa,0 mm,,2020,10
10/13/2020,32 Â°C / 24 Â°C,24 Â°C / 22 Â°C,79 %,,6 km/h,-,992.65 hPa,0 mm,,2020,10
10/12/2020,32 Â°C / 24 Â°C,26 Â°C / 23 Â°C,82 %,,6 km/h,-,991.8 hPa,0 mm,,2020,10
10/11/2020,30 Â°C / 24 Â°C,24 Â°C / 23 Â°C,84 %,,4 km/h,-,992.75 hPa,0 mm,,2020,10
10/10/2020,28 Â°C / 23 Â°C,24 Â°C / 22 Â°C,89 %,,9 km/h,-,994.79 hPa,0 mm,,2020,10
10/9/2020,28 Â°C / 24 Â°C,24 Â°C / 22 Â°C,84 %,,6 km/h,-,994.71 hPa,0 mm,,2020,10
10/8/2020,29 Â°C / 26 Â°C,26 Â°C / 23 Â°C,87 %,,7 km/h,-,994.06 hPa,0.2 mm,,2020,10
10/7/2020,33 Â°C / 25 Â°C,26 Â°C / 24 Â°C,80 %,,6 km/h,-,994.8 hPa,0 mm,,2020,10
10/6/2020,32 Â°C / 26 Â°C,27 Â°C / 24 Â°C,86 %,,9 km/h,-,994.65 hPa,15 mm,,2020,10
10/5/2020,32 Â°C / 24 Â°C,26 Â°C / 24 Â°C,84 %,,6 km/h,-,994.19 hPa,0 mm,,2020,10
10/4/2020,32 Â°C / 24 Â°C,25 Â°C / 23 Â°C,85 %,,7 km/h,-,994.43 hPa,5 mm,,2020,10
10/3/2020,30 Â°C / 25 Â°C,26 Â°C / 24 Â°C,84 %,,6 km/h,-,993.39 hPa,4 mm,,2020,10
10/2/2020,34 Â°C / 25 Â°C,26 Â°C / 22 Â°C,73 %,,9 km/h,-,992.14 hPa,0 mm,,2020,10
10/1/2020,34 Â°C / 25 Â°C,24 Â°C / 22 Â°C,73 %,,11 km/h,-,991.69 hPa,0 mm,,2020,10
11/30/2020,31 Â°C / 22 Â°C,21 Â°C / 19 Â°C,71 %,,9 km/h,-,1000.29 hPa,0 mm,,2020,11
11/29/2020,31 Â°C / 19 Â°C,20 Â°C / 18 Â°C,73 %,,7 km/h,-,1000.11 hPa,0 mm,,2020,11
11/28/2020,31 Â°C / 20 Â°C,21 Â°C / 18 Â°C,74 %,,6 km/h,-,1000.66 hPa,0 mm,,2020,11
11/27/2020,31 Â°C / 21 Â°C,21 Â°C / 19 Â°C,76 %,,7 km/h,-,1000.3 hPa,0 mm,,2020,11
11/26/2020,32 Â°C / 20 Â°C,22 Â°C / 19 Â°C,73 %,,7 km/h,-,999.23 hPa,0 mm,,2020,11
11/25/2020,33 Â°C / 21 Â°C,22 Â°C / 19 Â°C,75 %,,7 km/h,-,998.72 hPa,0 mm,,2020,11
11/24/2020,32 Â°C / 23 Â°C,23 Â°C / 21 Â°C,77 %,,7 km/h,-,998.86 hPa,0 mm,,2020,11
11/23/2020,32 Â°C / 24 Â°C,24 Â°C / 22 Â°C,79 %,,4 km/h,-,998.5 hPa,0 mm,,2020,11
11/22/2020,33 Â°C / 23 Â°C,24 Â°C / 21 Â°C,77 %,,6 km/h,-,997.55 hPa,0 mm,,2020,11
11/21/2020,34 Â°C / 22 Â°C,24 Â°C / 21 Â°C,74 %,,6 km/h,-,995.94 hPa,0 mm,,2020,11
11/20/2020,34 Â°C / 22 Â°C,24 Â°C / 21 Â°C,76 %,,6 km/h,-,995.68 hPa,0 mm,,2020,11
11/19/2020,33 Â°C / 22 Â°C,23 Â°C / 21 Â°C,77 %,,4 km/h,-,995.21 hPa,0 mm,,2020,11
11/18/2020,33 Â°C / 22 Â°C,26 Â°C / 21 Â°C,80 %,,4 km/h,-,995.93 hPa,0 mm,,2020,11
11/17/2020,33 Â°C / 22 Â°C,23 Â°C / 21 Â°C,75 %,,4 km/h,-,997 hPa,0 mm,,2020,11
11/16/2020,32 Â°C / 23 Â°C,22 Â°C / 19 Â°C,70 %,,6 km/h,-,998.25 hPa,0 mm,,2020,11
11/15/2020,32 Â°C / 20 Â°C,21 Â°C / 15 Â°C,71 %,,7 km/h,-,998.11 hPa,0 mm,,2020,11
11/14/2020,32 Â°C / 21 Â°C,22 Â°C / 20 Â°C,77 %,,6 km/h,-,997.89 hPa,0 mm,,2020,11
11/13/2020,32 Â°C / 22 Â°C,22 Â°C / 21 Â°C,79 %,,4 km/h,-,998.83 hPa,0 mm,,2020,11
11/12/2020,38 Â°C / 21 Â°C,22 Â°C / 14 Â°C,72 %,,7 km/h,-,1000.64 hPa,0 mm,,2020,11
11/11/2020,29 Â°C / 20 Â°C,20 Â°C / 14 Â°C,70 %,,7 km/h,-,1000.24 hPa,0 mm,,2020,11
11/10/2020,30 Â°C / 22 Â°C,22 Â°C / 16 Â°C,77 %,,7 km/h,-,998.86 hPa,0 mm,,2020,11
11/9/2020,31 Â°C / 23 Â°C,24 Â°C / 20 Â°C,78 %,,6 km/h,-,999.23 hPa,0 mm,,2020,11
11/8/2020,24 Â°C / 24 Â°C,23 Â°C / 23 Â°C,93 %,,0 km/h,-,999.97 hPa,0 mm,,2020,11
11/7/2020,30 Â°C / 23 Â°C,25 Â°C / 22 Â°C,87 %,,7 km/h,-,999.44 hPa,0.5 mm,,2020,11
11/6/2020,32 Â°C / 23 Â°C,24 Â°C / 22 Â°C,82 %,,4 km/h,-,998.66 hPa,0 mm,,2020,11
11/5/2020,31 Â°C / 23 Â°C,24 Â°C / 22 Â°C,81 %,,4 km/h,-,998.41 hPa,0 mm,,2020,11
11/4/2020,33 Â°C / 24 Â°C,23 Â°C / 22 Â°C,78 %,,7 km/h,-,998.21 hPa,0 mm,,2020,11
11/3/2020,31 Â°C / 24 Â°C,24 Â°C / 22 Â°C,82 %,,6 km/h,-,998.74 hPa,0.6 mm,,2020,11
11/2/2020,33 Â°C / 24 Â°C,26 Â°C / 23 Â°C,82 %,,6 km/h,-,998 hPa,0 mm,,2020,11
11/1/2020,32 Â°C / 24 Â°C,25 Â°C / 23 Â°C,85 %,,6 km/h,-,998.38 hPa,0 mm,,2020,11
12/31/2020,29 Â°C / 20 Â°C,18 Â°C / 14 Â°C,59 %,,9 km/h,-,1000.91 hPa,0 mm,,2020,12
12/30/2020,32 Â°C / 16 Â°C,20 Â°C / 13 Â°C,63 %,,7 km/h,-,997.81 hPa,0 mm,,2020,12
12/29/2020,35 Â°C / 19 Â°C,19 Â°C / 13 Â°C,62 %,,6 km/h,-,995.91 hPa,0 mm,,2020,12
12/28/2020,35 Â°C / 20 Â°C,22 Â°C / 19 Â°C,69 %,,9 km/h,-,995.43 hPa,0 mm,,2020,12
12/27/2020,34 Â°C / 20 Â°C,22 Â°C / 19 Â°C,72 %,,4 km/h,-,996.55 hPa,0 mm,,2020,12
12/26/2020,32 Â°C / 19 Â°C,21 Â°C / 18 Â°C,74 %,,4 km/h,-,997.83 hPa,0 mm,,2020,12
12/25/2020,32 Â°C / 17 Â°C,19 Â°C / 14 Â°C,65 %,,7 km/h,-,997.6 hPa,0 mm,,2020,12
12/24/2020,31 Â°C / 16 Â°C,17 Â°C / 13 Â°C,65 %,,7 km/h,-,997.66 hPa,0 mm,,2020,12
12/23/2020,30 Â°C / 14 Â°C,16 Â°C / 13 Â°C,69 %,,9 km/h,-,998.61 hPa,0 mm,,2020,12
12/22/2020,27 Â°C / 17 Â°C,15 Â°C / 12 Â°C,64 %,,9 km/h,-,1000.66 hPa,0 mm,,2020,12
12/21/2020,26 Â°C / 18 Â°C,16 Â°C / 14 Â°C,65 %,,9 km/h,-,1001.65 hPa,0 mm,,2020,12
12/20/2020,28 Â°C / 19 Â°C,20 Â°C / 15 Â°C,71 %,,9 km/h,-,1001.39 hPa,0 mm,,2020,12
12/19/2020,29 Â°C / 21 Â°C,21 Â°C / 18 Â°C,75 %,,6 km/h,-,999.76 hPa,0 mm,,2020,12
12/18/2020,31 Â°C / 19 Â°C,20 Â°C / 18 Â°C,74 %,,6 km/h,-,998.8 hPa,0 mm,,2020,12
12/17/2020,32 Â°C / 20 Â°C,21 Â°C / 19 Â°C,75 %,,6 km/h,-,998.45 hPa,0 mm,,2020,12
12/16/2020,32 Â°C / 22 Â°C,22 Â°C / 21 Â°C,77 %,,4 km/h,-,999.13 hPa,0 mm,,2020,12
12/15/2020,32 Â°C / 22 Â°C,23 Â°C / 21 Â°C,77 %,,6 km/h,-,998.15 hPa,0 mm,,2020,12
12/14/2020,34 Â°C / 22 Â°C,22 Â°C / 19 Â°C,70 %,,7 km/h,-,996.09 hPa,0 mm,,2020,12
12/13/2020,34 Â°C / 19 Â°C,21 Â°C / 17 Â°C,72 %,,6 km/h,-,995.48 hPa,0 mm,,2020,12
12/12/2020,33 Â°C / 17 Â°C,21 Â°C / 16 Â°C,74 %,,9 km/h,-,996.89 hPa,0 mm,,2020,12
12/11/2020,32 Â°C / 15 Â°C,19 Â°C / 14 Â°C,74 %,,6 km/h,-,998.11 hPa,0 mm,,2020,12
12/10/2020,31 Â°C / 16 Â°C,19 Â°C / 14 Â°C,74 %,,6 km/h,-,998.38 hPa,0 mm,,2020,12
12/9/2020,30 Â°C / 17 Â°C,18 Â°C / 16 Â°C,74 %,,6 km/h,-,998.85 hPa,0 mm,,2020,12
12/8/2020,30 Â°C / 16 Â°C,18 Â°C / 16 Â°C,74 %,,6 km/h,-,1000.5 hPa,0 mm,,2020,12
12/7/2020,30 Â°C / 16 Â°C,18 Â°C / 15 Â°C,72 %,,4 km/h,-,1000.9 hPa,0 mm,,2020,12
12/6/2020,29 Â°C / 16 Â°C,18 Â°C / 14 Â°C,74 %,,4 km/h,-,1001.16 hPa,0 mm,,2020,12
12/5/2020,28 Â°C / 18 Â°C,18 Â°C / 16 Â°C,74 %,,7 km/h,-,1001.13 hPa,0 mm,,2020,12
12/4/2020,28 Â°C / 20 Â°C,20 Â°C / 18 Â°C,79 %,,6 km/h,-,999.78 hPa,0 mm,,2020,12
12/3/2020,27 Â°C / 22 Â°C,21 Â°C / 20 Â°C,79 %,,7 km/h,-,999.56 hPa,0 mm,,2020,12
12/2/2020,31 Â°C / 22 Â°C,21 Â°C / 18 Â°C,70 %,,4 km/h,-,999.43 hPa,0 mm,,2020,12
12/1/2020,31 Â°C / 20 Â°C,21 Â°C / 18 Â°C,73 %,,6 km/h,-,1001.01 hPa,0 mm,,2020,12
1/31/2021,33 Â°C / 20 Â°C,19 Â°C / 17 Â°C,65 %,,6 km/h,-,999.58 hPa,0 mm,,2021,1
1/30/2021,31 Â°C / 22 Â°C,21 Â°C / 16 Â°C,67 %,,4 km/h,-,999.03 hPa,3 mm,,2021,1
1/29/2021,32 Â°C / 22 Â°C,21 Â°C / 16 Â°C,63 %,,11 km/h,-,998.8 hPa,0 mm,,2021,1
1/28/2021,35 Â°C / 20 Â°C,20 Â°C / 18 Â°C,64 %,,6 km/h,-,997.89 hPa,0 mm,,2021,1
1/27/2021,34 Â°C / 19 Â°C,19 Â°C / 17 Â°C,62 %,,6 km/h,-,996.63 hPa,0 mm,,2021,1
1/26/2021,35 Â°C / 18 Â°C,19 Â°C / 15 Â°C,60 %,,6 km/h,-,996.25 hPa,0 mm,,2021,1
1/25/2021,35 Â°C / 18 Â°C,18 Â°C / 16 Â°C,60 %,,4 km/h,-,996.84 hPa,0 mm,,2021,1
1/24/2021,34 Â°C / 17 Â°C,17 Â°C / 14 Â°C,59 %,,4 km/h,-,996.79 hPa,0 mm,,2021,1
1/23/2021,32 Â°C / 16 Â°C,17 Â°C / 14 Â°C,62 %,,7 km/h,-,996.11 hPa,0 mm,,2021,1
1/22/2021,33 Â°C / 14 Â°C,16 Â°C / 13 Â°C,63 %,,6 km/h,-,996.58 hPa,0 mm,,2021,1
1/21/2021,32 Â°C / 14 Â°C,15 Â°C / 13 Â°C,64 %,,6 km/h,-,997.41 hPa,0 mm,,2021,1
1/20/2021,31 Â°C / 13 Â°C,14 Â°C / 11 Â°C,65 %,,6 km/h,-,998.71 hPa,0 mm,,2021,1
1/19/2021,29 Â°C / 14 Â°C,14 Â°C / 12 Â°C,64 %,,6 km/h,-,1000.04 hPa,0 mm,,2021,1
1/18/2021,28 Â°C / 19 Â°C,17 Â°C / 13 Â°C,57 %,,9 km/h,-,1001.2 hPa,0 mm,,2021,1
1/17/2021,31 Â°C / 17 Â°C,18 Â°C / 16 Â°C,69 %,,7 km/h,-,999 hPa,0 mm,,2021,1
1/16/2021,33 Â°C / 23 Â°C,18 Â°C / 16 Â°C,51 %,,7 km/h,-,994.68 hPa,0 mm,,2021,1
1/15/2021,31 Â°C / 14 Â°C,17 Â°C / 13 Â°C,67 %,,6 km/h,-,996.44 hPa,0 mm,,2021,1
1/14/2021,30 Â°C / 14 Â°C,16 Â°C / 12 Â°C,65 %,,7 km/h,-,999 hPa,0 mm,,2021,1
1/13/2021,27 Â°C / 16 Â°C,14 Â°C / 10 Â°C,62 %,,4 km/h,-,1001.54 hPa,0 mm,,2021,1
1/12/2021,23 Â°C / 17 Â°C,13 Â°C / 9 Â°C,57 %,,9 km/h,-,1003.58 hPa,0 mm,,2021,1
1/11/2021,29 Â°C / 17 Â°C,16 Â°C / 15 Â°C,64 %,,9 km/h,-,999.84 hPa,0 mm,,2021,1
1/10/2021,30 Â°C / 16 Â°C,17 Â°C / 15 Â°C,68 %,,6 km/h,-,998.39 hPa,0 mm,,2021,1
1/9/2021,29 Â°C / 21 Â°C,21 Â°C / 16 Â°C,64 %,,7 km/h,-,998.34 hPa,0 mm,,2021,1
1/8/2021,30 Â°C / 22 Â°C,20 Â°C / 18 Â°C,70 %,,7 km/h,-,996.8 hPa,0 mm,,2021,1
1/7/2021,34 Â°C / 21 Â°C,21 Â°C / 19 Â°C,67 %,,6 km/h,-,996.09 hPa,0 mm,,2021,1
1/6/2021,34 Â°C / 19 Â°C,21 Â°C / 17 Â°C,68 %,,7 km/h,-,997.19 hPa,0 mm,,2021,1
1/5/2021,33 Â°C / 16 Â°C,18 Â°C / 14 Â°C,66 %,,6 km/h,-,999.35 hPa,0 mm,,2021,1
1/4/2021,31 Â°C / 14 Â°C,17 Â°C / 13 Â°C,69 %,,6 km/h,-,1000.23 hPa,0 mm,,2021,1
1/3/2021,30 Â°C / 13 Â°C,16 Â°C / 12 Â°C,68 %,,6 km/h,-,999.85 hPa,0 mm,,2021,1
1/2/2021,28 Â°C / 13 Â°C,15 Â°C / 12 Â°C,69 %,,6 km/h,-,1001.59 hPa,0 mm,,2021,1
1/1/2021,27 Â°C / 15 Â°C,15 Â°C / 12 Â°C,66 %,,9 km/h,-,1002.35 hPa,0 mm,,2021,1
2/28/2021,38 Â°C / 21 Â°C,19 Â°C / 9 Â°C,47 %,,13 km/h,-,993.6 hPa,0 mm,,2021,2
2/27/2021,37 Â°C / 24 Â°C,18 Â°C / 7 Â°C,40 %,,13 km/h,-,993.33 hPa,0 mm,,2021,2
2/26/2021,36 Â°C / 24 Â°C,18 Â°C / 12 Â°C,42 %,,15 km/h,-,991.83 hPa,0 mm,,2021,2
2/25/2021,37 Â°C / 25 Â°C,19 Â°C / 14 Â°C,46 %,,15 km/h,-,993.14 hPa,0 mm,,2021,2
2/24/2021,36 Â°C / 25 Â°C,21 Â°C / 19 Â°C,57 %,,15 km/h,-,993.95 hPa,0 mm,,2021,2
2/23/2021,37 Â°C / 21 Â°C,21 Â°C / 15 Â°C,56 %,,7 km/h,-,995.41 hPa,0 mm,,2021,2
2/22/2021,36 Â°C / 18 Â°C,17 Â°C / 13 Â°C,54 %,,9 km/h,-,996.88 hPa,0 mm,,2021,2
2/21/2021,35 Â°C / 17 Â°C,17 Â°C / 14 Â°C,57 %,,9 km/h,-,998.71 hPa,0 mm,,2021,2
2/20/2021,33 Â°C / 17 Â°C,17 Â°C / 14 Â°C,59 %,,6 km/h,-,1000.79 hPa,0 mm,,2021,2
2/19/2021,32 Â°C / 20 Â°C,17 Â°C / 14 Â°C,57 %,,9 km/h,-,1002.41 hPa,0 mm,,2021,2
2/18/2021,33 Â°C / 22 Â°C,18 Â°C / 16 Â°C,53 %,,9 km/h,-,1000.85 hPa,0 mm,,2021,2
2/17/2021,35 Â°C / 21 Â°C,20 Â°C / 17 Â°C,59 %,,9 km/h,-,997.36 hPa,0 mm,,2021,2
2/16/2021,36 Â°C / 22 Â°C,18 Â°C / 16 Â°C,49 %,,6 km/h,-,995.36 hPa,0 mm,,2021,2
2/15/2021,35 Â°C / 19 Â°C,17 Â°C / 13 Â°C,50 %,,15 km/h,-,995.93 hPa,0 mm,,2021,2
2/14/2021,35 Â°C / 19 Â°C,19 Â°C / 14 Â°C,53 %,,7 km/h,-,997.41 hPa,0 mm,,2021,2
2/13/2021,35 Â°C / 18 Â°C,18 Â°C / 14 Â°C,56 %,,7 km/h,-,997.49 hPa,0 mm,,2021,2
2/12/2021,34 Â°C / 18 Â°C,17 Â°C / 15 Â°C,60 %,,4 km/h,-,997.65 hPa,0 mm,,2021,2
2/11/2021,33 Â°C / 15 Â°C,16 Â°C / 13 Â°C,61 %,,6 km/h,-,997.75 hPa,0 mm,,2021,2
2/10/2021,32 Â°C / 17 Â°C,18 Â°C / 13 Â°C,61 %,,6 km/h,-,997.94 hPa,0 mm,,2021,2
2/9/2021,31 Â°C / 21 Â°C,21 Â°C / 17 Â°C,69 %,,9 km/h,-,997.23 hPa,0 mm,,2021,2
2/8/2021,28 Â°C / 22 Â°C,21 Â°C / 18 Â°C,71 %,,4 km/h,-,996.43 hPa,0 mm,,2021,2
2/7/2021,34 Â°C / 19 Â°C,19 Â°C / 16 Â°C,59 %,,6 km/h,-,996.63 hPa,0 mm,,2021,2
2/6/2021,33 Â°C / 18 Â°C,17 Â°C / 15 Â°C,60 %,,7 km/h,-,997.46 hPa,0 mm,,2021,2
2/5/2021,33 Â°C / 18 Â°C,18 Â°C / 15 Â°C,61 %,,6 km/h,-,998.94 hPa,0 mm,,2021,2
2/4/2021,34 Â°C / 19 Â°C,18 Â°C / 16 Â°C,60 %,,7 km/h,-,999.54 hPa,0 mm,,2021,2
2/3/2021,35 Â°C / 20 Â°C,18 Â°C / 16 Â°C,58 %,,7 km/h,-,998.59 hPa,0 mm,,2021,2
2/2/2021,35 Â°C / 19 Â°C,19 Â°C / 16 Â°C,60 %,,7 km/h,-,998.58 hPa,0 mm,,2021,2
2/1/2021,34 Â°C / 20 Â°C,19 Â°C / 17 Â°C,64 %,,6 km/h,-,999.23 hPa,0 mm,,2021,2
3/31/2021,39 Â°C / 28 Â°C,22 Â°C / 16 Â°C,44 %,,17 km/h,-,989.25 hPa,0 mm,,2021,3
3/30/2021,35 Â°C / 29 Â°C,21 Â°C / 17 Â°C,47 %,,17 km/h,-,990.29 hPa,0 mm,,2021,3
3/29/2021,39 Â°C / 29 Â°C,22 Â°C / 16 Â°C,44 %,,19 km/h,-,991.18 hPa,0 mm,,2021,3
3/28/2021,38 Â°C / 29 Â°C,22 Â°C / 20 Â°C,51 %,,15 km/h,-,991.98 hPa,0 mm,,2021,3
3/27/2021,39 Â°C / 27 Â°C,22 Â°C / 19 Â°C,55 %,,9 km/h,-,992.58 hPa,0 mm,,2021,3
3/26/2021,39 Â°C / 28 Â°C,23 Â°C / 22 Â°C,61 %,,9 km/h,-,993.59 hPa,2 mm,,2021,3
3/25/2021,39 Â°C / 29 Â°C,23 Â°C / 21 Â°C,52 %,,15 km/h,-,993.7 hPa,0 mm,,2021,3
3/24/2021,37 Â°C / 24 Â°C,21 Â°C / 19 Â°C,56 %,,6 km/h,-,995.44 hPa,0 mm,,2021,3
3/23/2021,37 Â°C / 27 Â°C,21 Â°C / 19 Â°C,52 %,,7 km/h,-,997.85 hPa,0 mm,,2021,3
3/22/2021,34 Â°C / 27 Â°C,22 Â°C / 20 Â°C,56 %,,9 km/h,-,996.74 hPa,0 mm,,2021,3
3/21/2021,41 Â°C / 30 Â°C,23 Â°C / 17 Â°C,41 %,,9 km/h,-,991.68 hPa,0 mm,,2021,3
3/20/2021,41 Â°C / 30 Â°C,21 Â°C / 14 Â°C,40 %,,11 km/h,-,990.98 hPa,0 mm,,2021,3
3/19/2021,40 Â°C / 27 Â°C,23 Â°C / 16 Â°C,43 %,,9 km/h,-,992.43 hPa,0 mm,,2021,3
3/18/2021,40 Â°C / 28 Â°C,22 Â°C / 19 Â°C,48 %,,6 km/h,-,993.15 hPa,0 mm,,2021,3
3/17/2021,38 Â°C / 28 Â°C,22 Â°C / 19 Â°C,51 %,,9 km/h,-,993.36 hPa,0 mm,,2021,3
3/16/2021,39 Â°C / 27 Â°C,21 Â°C / 19 Â°C,51 %,,9 km/h,-,993.56 hPa,0 mm,,2021,3
3/15/2021,39 Â°C / 26 Â°C,22 Â°C / 19 Â°C,52 %,,9 km/h,-,994.04 hPa,0 mm,,2021,3
3/14/2021,36 Â°C / 25 Â°C,22 Â°C / 21 Â°C,59 %,,6 km/h,-,995.3 hPa,0 mm,,2021,3
3/13/2021,36 Â°C / 26 Â°C,23 Â°C / 20 Â°C,56 %,,7 km/h,-,997.05 hPa,0 mm,,2021,3
3/12/2021,38 Â°C / 24 Â°C,22 Â°C / 19 Â°C,56 %,,6 km/h,-,997.68 hPa,0 mm,,2021,3
3/11/2021,37 Â°C / 23 Â°C,21 Â°C / 18 Â°C,55 %,,7 km/h,-,997.51 hPa,0 mm,,2021,3
3/10/2021,38 Â°C / 21 Â°C,21 Â°C / 14 Â°C,50 %,,7 km/h,-,997.25 hPa,0 mm,,2021,3
3/9/2021,39 Â°C / 21 Â°C,21 Â°C / 13 Â°C,52 %,,7 km/h,-,997.23 hPa,0 mm,,2021,3
3/8/2021,38 Â°C / 22 Â°C,22 Â°C / 14 Â°C,53 %,,6 km/h,-,997.36 hPa,0 mm,,2021,3
3/7/2021,38 Â°C / 21 Â°C,19 Â°C / 15 Â°C,49 %,,7 km/h,-,996.25 hPa,0 mm,,2021,3
3/6/2021,39 Â°C / 24 Â°C,19 Â°C / 13 Â°C,42 %,,7 km/h,-,997.11 hPa,0 mm,,2021,3
3/5/2021,38 Â°C / 25 Â°C,21 Â°C / 16 Â°C,46 %,,15 km/h,-,996.4 hPa,0 mm,,2021,3
3/4/2021,35 Â°C / 24 Â°C,23 Â°C / 22 Â°C,68 %,,7 km/h,-,997.51 hPa,0 mm,,2021,3
3/3/2021,38 Â°C / 23 Â°C,21 Â°C / 13 Â°C,47 %,,7 km/h,-,995.96 hPa,0 mm,,2021,3
3/2/2021,38 Â°C / 18 Â°C,22 Â°C / 12 Â°C,45 %,,7 km/h,-,996.69 hPa,0 mm,,2021,3
3/1/2021,39 Â°C / 19 Â°C,17 Â°C / 8 Â°C,45 %,,6 km/h,-,996.64 hPa,0 mm,,2021,3
4/30/2021,29 Â°C / 24 Â°C,26 Â°C / 23 Â°C,89 %,,4 km/h,-,996.68 hPa,0.8 mm,,2021,4
4/29/2021,32 Â°C / 24 Â°C,24 Â°C / 23 Â°C,84 %,,6 km/h,-,997.06 hPa,0 mm,,2021,4
4/28/2021,32 Â°C / 24 Â°C,25 Â°C / 23 Â°C,87 %,,4 km/h,-,997.31 hPa,0 mm,,2021,4
4/27/2021,27 Â°C / 24 Â°C,24 Â°C / 23 Â°C,91 %,,6 km/h,-,996.12 hPa,0.7 mm,,2021,4
4/26/2021,31 Â°C / 23 Â°C,26 Â°C / 22 Â°C,84 %,,11 km/h,-,994.28 hPa,0.8 mm,,2021,4
4/25/2021,38 Â°C / 29 Â°C,24 Â°C / 21 Â°C,55 %,,13 km/h,-,992.66 hPa,0 mm,,2021,4
4/24/2021,38 Â°C / 28 Â°C,24 Â°C / 21 Â°C,56 %,,15 km/h,-,991.55 hPa,0 mm,,2021,4
4/23/2021,37 Â°C / 29 Â°C,23 Â°C / 20 Â°C,56 %,,19 km/h,-,991.77 hPa,0 mm,,2021,4
4/22/2021,37 Â°C / 28 Â°C,23 Â°C / 20 Â°C,58 %,,15 km/h,-,993.05 hPa,0 mm,,2021,4
4/21/2021,37 Â°C / 26 Â°C,25 Â°C / 23 Â°C,67 %,,6 km/h,-,993.89 hPa,0 mm,,2021,4
4/20/2021,35 Â°C / 24 Â°C,23 Â°C / 22 Â°C,70 %,,6 km/h,-,993.74 hPa,0 mm,,2021,4
4/19/2021,34 Â°C / 24 Â°C,24 Â°C / 22 Â°C,76 %,,15 km/h,-,994.21 hPa,0 mm,,2021,4
4/18/2021,31 Â°C / 25 Â°C,26 Â°C / 23 Â°C,82 %,,9 km/h,-,996.1 hPa,2 mm,,2021,4
4/17/2021,33 Â°C / 24 Â°C,24 Â°C / 22 Â°C,78 %,,6 km/h,-,996.68 hPa,0 mm,,2021,4
4/16/2021,36 Â°C / 27 Â°C,23 Â°C / 21 Â°C,64 %,,9 km/h,-,994.24 hPa,0 mm,,2021,4
4/15/2021,36 Â°C / 23 Â°C,24 Â°C / 21 Â°C,72 %,,7 km/h,-,994.79 hPa,0 mm,,2021,4
4/14/2021,36 Â°C / 24 Â°C,24 Â°C / 22 Â°C,78 %,,6 km/h,-,995.81 hPa,0 mm,,2021,4
4/13/2021,36 Â°C / 25 Â°C,23 Â°C / 20 Â°C,62 %,,9 km/h,-,996.29 hPa,0 mm,,2021,4
4/12/2021,34 Â°C / 26 Â°C,24 Â°C / 20 Â°C,70 %,,4 km/h,-,997.46 hPa,0 mm,,2021,4
4/11/2021,34 Â°C / 26 Â°C,24 Â°C / 22 Â°C,73 %,,7 km/h,-,997.55 hPa,0 mm,,2021,4
4/10/2021,36 Â°C / 23 Â°C,24 Â°C / 22 Â°C,72 %,,7 km/h,-,996.49 hPa,0 mm,,2021,4
4/9/2021,37 Â°C / 23 Â°C,22 Â°C / 20 Â°C,61 %,,9 km/h,-,994.68 hPa,0 mm,,2021,4
4/8/2021,37 Â°C / 25 Â°C,23 Â°C / 20 Â°C,63 %,,7 km/h,-,994.86 hPa,0 mm,,2021,4
4/7/2021,34 Â°C / 22 Â°C,23 Â°C / 19 Â°C,71 %,,7 km/h,-,997.73 hPa,0 mm,,2021,4
4/6/2021,31 Â°C / 23 Â°C,24 Â°C / 22 Â°C,84 %,,9 km/h,-,997.36 hPa,0.2 mm,,2021,4
4/5/2021,28 Â°C / 23 Â°C,24 Â°C / 22 Â°C,84 %,,7 km/h,-,996.81 hPa,2 mm,,2021,4
4/4/2021,31 Â°C / 23 Â°C,23 Â°C / 21 Â°C,77 %,,9 km/h,-,995.38 hPa,0 mm,,2021,4
4/3/2021,41 Â°C / 27 Â°C,24 Â°C / 20 Â°C,53 %,,11 km/h,-,991.2 hPa,0 mm,,2021,4
4/2/2021,37 Â°C / 30 Â°C,22 Â°C / 17 Â°C,47 %,,17 km/h,-,990.94 hPa,0 mm,,2021,4
4/1/2021,39 Â°C / 28 Â°C,20 Â°C / 16 Â°C,43 %,,17 km/h,-,989.56 hPa,0 mm,,2021,4
5/31/2021,36 Â°C / 26 Â°C,26 Â°C / 23 Â°C,72 %,,13 km/h,-,991.49 hPa,0 mm,,2021,5
5/30/2021,33 Â°C / 25 Â°C,26 Â°C / 24 Â°C,82 %,,11 km/h,-,992.34 hPa,0.8 mm,,2021,5
5/29/2021,31 Â°C / 26 Â°C,26 Â°C / 25 Â°C,88 %,,11 km/h,-,993.55 hPa,0 mm,,2021,5
5/28/2021,34 Â°C / 26 Â°C,26 Â°C / 25 Â°C,84 %,,4 km/h,-,993.55 hPa,0.8 mm,,2021,5
5/27/2021,38 Â°C / 27 Â°C,24 Â°C / 23 Â°C,65 %,,7 km/h,-,991.74 hPa,0 mm,,2021,5
5/26/2021,33 Â°C / 26 Â°C,25 Â°C / 21 Â°C,72 %,,13 km/h,-,991.81 hPa,0.4 mm,,2021,5
5/25/2021,36 Â°C / 26 Â°C,24 Â°C / 22 Â°C,69 %,,7 km/h,-,991.96 hPa,0 mm,,2021,5
5/24/2021,37 Â°C / 29 Â°C,23 Â°C / 21 Â°C,56 %,,17 km/h,-,991.61 hPa,0 mm,,2021,5
5/23/2021,35 Â°C / 29 Â°C,23 Â°C / 22 Â°C,58 %,,17 km/h,-,990.83 hPa,0 mm,,2021,5
5/22/2021,37 Â°C / 29 Â°C,24 Â°C / 23 Â°C,60 %,,17 km/h,-,990.25 hPa,0 mm,,2021,5
5/21/2021,38 Â°C / 29 Â°C,24 Â°C / 23 Â°C,59 %,,13 km/h,-,991.49 hPa,0 mm,,2021,5
5/20/2021,37 Â°C / 29 Â°C,24 Â°C / 22 Â°C,58 %,,13 km/h,-,991.75 hPa,0 mm,,2021,5
5/19/2021,37 Â°C / 30 Â°C,24 Â°C / 22 Â°C,58 %,,15 km/h,-,991.79 hPa,0 mm,,2021,5
5/18/2021,37 Â°C / 27 Â°C,25 Â°C / 24 Â°C,68 %,,9 km/h,-,992.59 hPa,0 mm,,2021,5
5/17/2021,37 Â°C / 27 Â°C,26 Â°C / 23 Â°C,68 %,,11 km/h,-,992.09 hPa,0 mm,,2021,5
5/16/2021,38 Â°C / 29 Â°C,25 Â°C / 22 Â°C,58 %,,6 km/h,-,991.91 hPa,0 mm,,2021,5
5/15/2021,38 Â°C / 29 Â°C,25 Â°C / 22 Â°C,59 %,,13 km/h,-,991.49 hPa,0 mm,,2021,5
5/14/2021,38 Â°C / 28 Â°C,24 Â°C / 23 Â°C,61 %,,13 km/h,-,990.86 hPa,0 mm,,2021,5
5/13/2021,36 Â°C / 28 Â°C,24 Â°C / 22 Â°C,61 %,,19 km/h,-,991.2 hPa,0 mm,,2021,5
5/12/2021,36 Â°C / 29 Â°C,24 Â°C / 22 Â°C,62 %,,19 km/h,-,991.59 hPa,0 mm,,2021,5
5/11/2021,36 Â°C / 27 Â°C,24 Â°C / 22 Â°C,62 %,,9 km/h,-,992.34 hPa,0 mm,,2021,5
5/10/2021,35 Â°C / 25 Â°C,26 Â°C / 23 Â°C,74 %,,13 km/h,-,993.34 hPa,0 mm,,2021,5
5/9/2021,32 Â°C / 23 Â°C,26 Â°C / 22 Â°C,85 %,,7 km/h,-,994.81 hPa,0 mm,,2021,5
5/8/2021,35 Â°C / 25 Â°C,27 Â°C / 22 Â°C,75 %,,6 km/h,-,995.24 hPa,0.1 mm,,2021,5
5/7/2021,33 Â°C / 25 Â°C,25 Â°C / 23 Â°C,76 %,,6 km/h,-,997.49 hPa,0 mm,,2021,5
5/6/2021,31 Â°C / 26 Â°C,24 Â°C / 23 Â°C,76 %,,15 km/h,-,997.28 hPa,0 mm,,2021,5
5/5/2021,36 Â°C / 27 Â°C,26 Â°C / 23 Â°C,70 %,,6 km/h,-,993.84 hPa,0 mm,,2021,5
5/4/2021,37 Â°C / 26 Â°C,25 Â°C / 23 Â°C,66 %,,6 km/h,-,993.43 hPa,0 mm,,2021,5
5/3/2021,35 Â°C / 24 Â°C,25 Â°C / 23 Â°C,74 %,,7 km/h,-,994.15 hPa,0 mm,,2021,5
5/2/2021,33 Â°C / 25 Â°C,25 Â°C / 22 Â°C,78 %,,7 km/h,-,995.99 hPa,0 mm,,2021,5
5/1/2021,33 Â°C / 24 Â°C,26 Â°C / 23 Â°C,81 %,,6 km/h,-,996.61 hPa,0 mm,,2021,5
6/30/2021,33 Â°C / 27 Â°C,23 Â°C / 21 Â°C,64 %,,19 km/h,-,992.2 hPa,0.2 mm,,2021,6
6/29/2021,33 Â°C / 28 Â°C,23 Â°C / 21 Â°C,63 %,,22 km/h,-,992.35 hPa,0 mm,,2021,6
6/28/2021,33 Â°C / 27 Â°C,24 Â°C / 22 Â°C,69 %,,17 km/h,-,993.9 hPa,0 mm,,2021,6
6/27/2021,36 Â°C / 28 Â°C,23 Â°C / 22 Â°C,65 %,,11 km/h,-,994.21 hPa,0 mm,,2021,6
6/26/2021,35 Â°C / 28 Â°C,24 Â°C / 22 Â°C,65 %,,13 km/h,-,992.19 hPa,0 mm,,2021,6
6/25/2021,35 Â°C / 27 Â°C,23 Â°C / 21 Â°C,60 %,,15 km/h,-,991.13 hPa,0 mm,,2021,6
6/24/2021,32 Â°C / 27 Â°C,22 Â°C / 21 Â°C,65 %,,20 km/h,-,992.91 hPa,0.2 mm,,2021,6
6/23/2021,33 Â°C / 27 Â°C,22 Â°C / 21 Â°C,64 %,,17 km/h,-,993.53 hPa,0 mm,,2021,6
6/22/2021,34 Â°C / 27 Â°C,23 Â°C / 21 Â°C,63 %,,19 km/h,-,992.74 hPa,0 mm,,2021,6
6/21/2021,34 Â°C / 28 Â°C,22 Â°C / 20 Â°C,62 %,,19 km/h,-,992.11 hPa,0 mm,,2021,6
6/20/2021,34 Â°C / 28 Â°C,23 Â°C / 21 Â°C,63 %,,20 km/h,-,993.21 hPa,0 mm,,2021,6
6/19/2021,34 Â°C / 27 Â°C,22 Â°C / 21 Â°C,62 %,,13 km/h,-,994.96 hPa,0 mm,,2021,6
6/18/2021,34 Â°C / 25 Â°C,23 Â°C / 19 Â°C,64 %,,19 km/h,-,995.6 hPa,0 mm,,2021,6
6/17/2021,32 Â°C / 24 Â°C,23 Â°C / 22 Â°C,75 %,,13 km/h,-,994.59 hPa,0 mm,,2021,6
6/16/2021,30 Â°C / 24 Â°C,24 Â°C / 23 Â°C,88 %,,11 km/h,-,992.61 hPa,6 mm,,2021,6
6/15/2021,29 Â°C / 24 Â°C,26 Â°C / 23 Â°C,89 %,,7 km/h,-,991.55 hPa,0.4 mm,,2021,6
6/14/2021,28 Â°C / 24 Â°C,25 Â°C / 23 Â°C,90 %,,4 km/h,-,991.9 hPa,0.4 mm,,2021,6
6/13/2021,29 Â°C / 26 Â°C,24 Â°C / 22 Â°C,77 %,,7 km/h,-,991.21 hPa,0.2 mm,,2021,6
6/12/2021,32 Â°C / 27 Â°C,22 Â°C / 20 Â°C,62 %,,20 km/h,-,991.68 hPa,0 mm,,2021,6
6/11/2021,33 Â°C / 26 Â°C,22 Â°C / 21 Â°C,65 %,,17 km/h,-,990.41 hPa,0 mm,,2021,6
6/10/2021,31 Â°C / 26 Â°C,23 Â°C / 21 Â°C,71 %,,15 km/h,-,990.49 hPa,0.1 mm,,2021,6
6/9/2021,32 Â°C / 25 Â°C,23 Â°C / 22 Â°C,73 %,,15 km/h,-,991.22 hPa,0.9 mm,,2021,6
6/8/2021,32 Â°C / 27 Â°C,23 Â°C / 22 Â°C,67 %,,15 km/h,-,990.88 hPa,0 mm,,2021,6
6/7/2021,33 Â°C / 28 Â°C,23 Â°C / 22 Â°C,65 %,,19 km/h,-,990.98 hPa,0 mm,,2021,6
6/6/2021,32 Â°C / 28 Â°C,23 Â°C / 22 Â°C,65 %,,24 km/h,-,991.53 hPa,0 mm,,2021,6
6/5/2021,34 Â°C / 29 Â°C,23 Â°C / 22 Â°C,62 %,,19 km/h,-,992.34 hPa,0 mm,,2021,6
6/4/2021,36 Â°C / 29 Â°C,24 Â°C / 23 Â°C,60 %,,17 km/h,-,992.33 hPa,0 mm,,2021,6
6/3/2021,37 Â°C / 29 Â°C,24 Â°C / 22 Â°C,59 %,,15 km/h,-,992.48 hPa,0 mm,,2021,6
6/2/2021,37 Â°C / 29 Â°C,25 Â°C / 23 Â°C,61 %,,13 km/h,-,991.84 hPa,0 mm,,2021,6
6/1/2021,37 Â°C / 28 Â°C,24 Â°C / 22 Â°C,61 %,,13 km/h,-,991.71 hPa,0 mm,,2021,6
7/31/2021,32 Â°C / 27 Â°C,24 Â°C / 22 Â°C,71 %,,13 km/h,-,991.84 hPa,0 mm,,2021,7
7/30/2021,32 Â°C / 27 Â°C,24 Â°C / 22 Â°C,70 %,,15 km/h,-,991.7 hPa,0 mm,,2021,7
7/29/2021,31 Â°C / 24 Â°C,24 Â°C / 23 Â°C,80 %,,17 km/h,-,990.53 hPa,0 mm,,2021,7
7/28/2021,28 Â°C / 24 Â°C,25 Â°C / 23 Â°C,91 %,,7 km/h,-,989.96 hPa,0.6 mm,,2021,7
7/27/2021,31 Â°C / 24 Â°C,25 Â°C / 23 Â°C,88 %,,13 km/h,-,989.65 hPa,0 mm,,2021,7
7/26/2021,27 Â°C / 24 Â°C,24 Â°C / 22 Â°C,86 %,,15 km/h,-,990.11 hPa,2.4 mm,,2021,7
7/25/2021,30 Â°C / 26 Â°C,24 Â°C / 22 Â°C,75 %,,15 km/h,-,990.2 hPa,0.7 mm,,2021,7
7/24/2021,30 Â°C / 26 Â°C,24 Â°C / 22 Â°C,80 %,,15 km/h,-,990.48 hPa,4.6 mm,,2021,7
7/23/2021,32 Â°C / 24 Â°C,26 Â°C / 23 Â°C,82 %,,7 km/h,-,991.04 hPa,1.4 mm,,2021,7
7/22/2021,30 Â°C / 25 Â°C,26 Â°C / 22 Â°C,86 %,,13 km/h,-,990.51 hPa,0 mm,,2021,7
7/21/2021,31 Â°C / 26 Â°C,26 Â°C / 22 Â°C,82 %,,4 km/h,-,990.58 hPa,2 mm,,2021,7
7/20/2021,30 Â°C / 26 Â°C,24 Â°C / 22 Â°C,75 %,,7 km/h,-,990.78 hPa,0 mm,,2021,7
7/19/2021,31 Â°C / 26 Â°C,25 Â°C / 22 Â°C,73 %,,19 km/h,-,989.98 hPa,0 mm,,2021,7
7/18/2021,33 Â°C / 27 Â°C,23 Â°C / 22 Â°C,69 %,,11 km/h,-,990.58 hPa,0 mm,,2021,7
7/17/2021,34 Â°C / 26 Â°C,24 Â°C / 22 Â°C,72 %,,6 km/h,-,992.54 hPa,0 mm,,2021,7
7/16/2021,32 Â°C / 25 Â°C,26 Â°C / 24 Â°C,89 %,,0 km/h,-,994.6 hPa,2 mm,,2021,7
7/15/2021,33 Â°C / 25 Â°C,26 Â°C / 23 Â°C,80 %,,4 km/h,-,992.58 hPa,0.4 mm,,2021,7
7/14/2021,35 Â°C / 27 Â°C,25 Â°C / 23 Â°C,70 %,,6 km/h,-,991.95 hPa,0 mm,,2021,7
7/13/2021,35 Â°C / 24 Â°C,26 Â°C / 23 Â°C,77 %,,7 km/h,-,993.19 hPa,0 mm,,2021,7
7/12/2021,32 Â°C / 25 Â°C,26 Â°C / 23 Â°C,88 %,,4 km/h,-,994.4 hPa,14.2 mm,,2021,7
7/11/2021,28 Â°C / 24 Â°C,26 Â°C / 24 Â°C,94 %,,7 km/h,-,992.68 hPa,2 mm,,2021,7
7/10/2021,31 Â°C / 24 Â°C,26 Â°C / 24 Â°C,92 %,,9 km/h,-,991.53 hPa,1.6 mm,,2021,7
7/9/2021,30 Â°C / 25 Â°C,26 Â°C / 24 Â°C,86 %,,7 km/h,-,990.8 hPa,5 mm,,2021,7
7/8/2021,32 Â°C / 26 Â°C,24 Â°C / 21 Â°C,70 %,,15 km/h,-,990.75 hPa,0 mm,,2021,7
7/7/2021,34 Â°C / 26 Â°C,24 Â°C / 22 Â°C,69 %,,13 km/h,-,991.08 hPa,0 mm,,2021,7
7/6/2021,32 Â°C / 29 Â°C,23 Â°C / 22 Â°C,65 %,,19 km/h,-,989.66 hPa,0 mm,,2021,7
7/5/2021,36 Â°C / 28 Â°C,23 Â°C / 22 Â°C,60 %,,17 km/h,-,990.51 hPa,0 mm,,2021,7
7/4/2021,35 Â°C / 28 Â°C,23 Â°C / 21 Â°C,60 %,,20 km/h,-,991.89 hPa,0 mm,,2021,7
7/3/2021,33 Â°C / 27 Â°C,23 Â°C / 21 Â°C,66 %,,19 km/h,-,993.54 hPa,0 mm,,2021,7
7/2/2021,33 Â°C / 26 Â°C,23 Â°C / 22 Â°C,66 %,,17 km/h,-,993.79 hPa,0 mm,,2021,7
7/1/2021,34 Â°C / 27 Â°C,22 Â°C / 21 Â°C,63 %,,19 km/h,-,992.47 hPa,0 mm,,2021,7
8/31/2021,33 Â°C / 26 Â°C,26 Â°C / 24 Â°C,86 %,,4 km/h,-,994.68 hPa,0 mm,,2021,8
8/30/2021,32 Â°C / 24 Â°C,26 Â°C / 23 Â°C,85 %,,6 km/h,-,994.41 hPa,0 mm,,2021,8
8/29/2021,31 Â°C / 24 Â°C,26 Â°C / 23 Â°C,89 %,,6 km/h,-,993.3 hPa,0 mm,,2021,8
8/28/2021,28 Â°C / 24 Â°C,25 Â°C / 22 Â°C,90 %,,6 km/h,-,992.29 hPa,12.4 mm,,2021,8
8/27/2021,30 Â°C / 24 Â°C,25 Â°C / 23 Â°C,88 %,,4 km/h,-,992.3 hPa,20 mm,,2021,8
8/26/2021,32 Â°C / 25 Â°C,26 Â°C / 24 Â°C,83 %,,9 km/h,-,991.54 hPa,0.2 mm,,2021,8
8/25/2021,32 Â°C / 26 Â°C,26 Â°C / 22 Â°C,76 %,,11 km/h,-,990.23 hPa,0 mm,,2021,8
8/24/2021,34 Â°C / 28 Â°C,24 Â°C / 22 Â°C,65 %,,15 km/h,-,990.79 hPa,0 mm,,2021,8
8/23/2021,34 Â°C / 27 Â°C,23 Â°C / 22 Â°C,62 %,,17 km/h,-,992.09 hPa,0 mm,,2021,8
8/22/2021,36 Â°C / 28 Â°C,24 Â°C / 22 Â°C,64 %,,19 km/h,-,993.19 hPa,0 mm,,2021,8
8/21/2021,35 Â°C / 26 Â°C,25 Â°C / 23 Â°C,71 %,,9 km/h,-,994.55 hPa,0 mm,,2021,8
8/20/2021,34 Â°C / 26 Â°C,26 Â°C / 22 Â°C,70 %,,13 km/h,-,994.22 hPa,0 mm,,2021,8
8/19/2021,35 Â°C / 27 Â°C,24 Â°C / 21 Â°C,64 %,,17 km/h,-,993.25 hPa,0 mm,,2021,8
8/18/2021,36 Â°C / 26 Â°C,23 Â°C / 22 Â°C,62 %,,15 km/h,-,994.55 hPa,0 mm,,2021,8
8/17/2021,34 Â°C / 24 Â°C,26 Â°C / 22 Â°C,73 %,,9 km/h,-,996.8 hPa,0 mm,,2021,8
8/16/2021,29 Â°C / 24 Â°C,26 Â°C / 23 Â°C,90 %,,4 km/h,-,996.46 hPa,0 mm,,2021,8
8/15/2021,28 Â°C / 24 Â°C,26 Â°C / 23 Â°C,88 %,,4 km/h,-,992.94 hPa,0 mm,,2021,8
8/14/2021,32 Â°C / 26 Â°C,25 Â°C / 23 Â°C,80 %,,9 km/h,-,990.94 hPa,0 mm,,2021,8
8/13/2021,33 Â°C / 26 Â°C,24 Â°C / 22 Â°C,70 %,,13 km/h,-,992.37 hPa,0.2 mm,,2021,8
8/12/2021,35 Â°C / 25 Â°C,26 Â°C / 23 Â°C,75 %,,13 km/h,-,993.93 hPa,0 mm,,2021,8
8/11/2021,33 Â°C / 28 Â°C,24 Â°C / 21 Â°C,67 %,,11 km/h,-,991.76 hPa,0 mm,,2021,8
8/10/2021,34 Â°C / 28 Â°C,24 Â°C / 23 Â°C,66 %,,17 km/h,-,989.95 hPa,0 mm,,2021,8
8/9/2021,33 Â°C / 28 Â°C,25 Â°C / 22 Â°C,68 %,,22 km/h,-,992.13 hPa,0 mm,,2021,8
8/8/2021,33 Â°C / 27 Â°C,24 Â°C / 22 Â°C,70 %,,15 km/h,-,993.95 hPa,0 mm,,2021,8
8/7/2021,32 Â°C / 26 Â°C,24 Â°C / 22 Â°C,75 %,,17 km/h,-,993.76 hPa,0 mm,,2021,8
8/6/2021,31 Â°C / 25 Â°C,24 Â°C / 23 Â°C,77 %,,20 km/h,-,992.06 hPa,0.2 mm,,2021,8
8/5/2021,29 Â°C / 26 Â°C,26 Â°C / 24 Â°C,86 %,,7 km/h,-,991.3 hPa,2 mm,,2021,8
8/4/2021,31 Â°C / 24 Â°C,25 Â°C / 22 Â°C,81 %,,7 km/h,-,991.8 hPa,0.4 mm,,2021,8
8/3/2021,29 Â°C / 25 Â°C,25 Â°C / 22 Â°C,86 %,,9 km/h,-,991.18 hPa,1.1 mm,,2021,8
8/2/2021,29 Â°C / 26 Â°C,24 Â°C / 23 Â°C,78 %,,9 km/h,-,991.05 hPa,0.6 mm,,2021,8
8/1/2021,30 Â°C / 27 Â°C,23 Â°C / 22 Â°C,71 %,,19 km/h,-,990.8 hPa,0 mm,,2021,8
9/30/2021,34 Â°C / 25 Â°C,27 Â°C / 24 Â°C,80 %,,4 km/h,-,993.85 hPa,0 mm,,2021,9
9/29/2021,33 Â°C / 25 Â°C,26 Â°C / 24 Â°C,84 %,,4 km/h,-,994.3 hPa,0 mm,,2021,9
9/28/2021,32 Â°C / 25 Â°C,25 Â°C / 23 Â°C,83 %,,6 km/h,-,995.61 hPa,0 mm,,2021,9
9/27/2021,31 Â°C / 24 Â°C,26 Â°C / 23 Â°C,87 %,,6 km/h,-,994.76 hPa,0 mm,,2021,9
9/26/2021,27 Â°C / 24 Â°C,24 Â°C / 23 Â°C,94 %,,7 km/h,-,992.08 hPa,3.8 mm,,2021,9
9/25/2021,29 Â°C / 25 Â°C,26 Â°C / 23 Â°C,90 %,,9 km/h,-,991.95 hPa,1 mm,,2021,9
9/24/2021,31 Â°C / 24 Â°C,25 Â°C / 23 Â°C,86 %,,6 km/h,-,994.2 hPa,0 mm,,2021,9
9/23/2021,29 Â°C / 24 Â°C,25 Â°C / 23 Â°C,91 %,,9 km/h,-,993.78 hPa,0.2 mm,,2021,9
9/22/2021,28 Â°C / 24 Â°C,25 Â°C / 23 Â°C,92 %,,6 km/h,-,992.4 hPa,0 mm,,2021,9
9/21/2021,30 Â°C / 23 Â°C,26 Â°C / 23 Â°C,88 %,,11 km/h,-,992.91 hPa,9 mm,,2021,9
9/20/2021,33 Â°C / 25 Â°C,26 Â°C / 23 Â°C,81 %,,7 km/h,-,993.35 hPa,0 mm,,2021,9
9/19/2021,35 Â°C / 26 Â°C,25 Â°C / 22 Â°C,72 %,,11 km/h,-,994.89 hPa,0 mm,,2021,9
9/18/2021,33 Â°C / 24 Â°C,26 Â°C / 23 Â°C,84 %,,9 km/h,-,995.23 hPa,0 mm,,2021,9
9/17/2021,30 Â°C / 25 Â°C,26 Â°C / 24 Â°C,88 %,,4 km/h,-,994.73 hPa,0.8 mm,,2021,9
9/16/2021,30 Â°C / 24 Â°C,25 Â°C / 23 Â°C,90 %,,6 km/h,-,994.15 hPa,20 mm,,2021,9
9/15/2021,32 Â°C / 26 Â°C,26 Â°C / 24 Â°C,83 %,,7 km/h,-,993.74 hPa,0.2 mm,,2021,9
9/14/2021,30 Â°C / 24 Â°C,25 Â°C / 22 Â°C,80 %,,15 km/h,-,993.66 hPa,0 mm,,2021,9
9/13/2021,33 Â°C / 26 Â°C,23 Â°C / 22 Â°C,67 %,,19 km/h,-,992.18 hPa,0 mm,,2021,9
9/12/2021,31 Â°C / 24 Â°C,23 Â°C / 22 Â°C,73 %,,15 km/h,-,991.98 hPa,0 mm,,2021,9
9/11/2021,30 Â°C / 24 Â°C,25 Â°C / 22 Â°C,85 %,,9 km/h,-,993.56 hPa,0 mm,,2021,9
9/10/2021,29 Â°C / 23 Â°C,26 Â°C / 23 Â°C,91 %,,6 km/h,-,993.25 hPa,1 mm,,2021,9
9/9/2021,28 Â°C / 24 Â°C,24 Â°C / 23 Â°C,92 %,,11 km/h,-,991.31 hPa,0 mm,,2021,9
9/8/2021,33 Â°C / 26 Â°C,26 Â°C / 23 Â°C,80 %,,9 km/h,-,991.95 hPa,0 mm,,2021,9
9/7/2021,33 Â°C / 24 Â°C,26 Â°C / 24 Â°C,82 %,,7 km/h,-,994.83 hPa,0 mm,,2021,9
9/6/2021,34 Â°C / 25 Â°C,25 Â°C / 22 Â°C,78 %,,6 km/h,-,995.01 hPa,0 mm,,2021,9
9/5/2021,31 Â°C / 24 Â°C,24 Â°C / 21 Â°C,76 %,,19 km/h,-,993.81 hPa,0 mm,,2021,9
9/4/2021,30 Â°C / 24 Â°C,26 Â°C / 22 Â°C,85 %,,6 km/h,-,992.55 hPa,0 mm,,2021,9
9/3/2021,31 Â°C / 24 Â°C,24 Â°C / 23 Â°C,89 %,,6 km/h,-,992.34 hPa,0 mm,,2021,9
9/2/2021,32 Â°C / 24 Â°C,26 Â°C / 23 Â°C,84 %,,11 km/h,-,993.34 hPa,0 mm,,2021,9
9/1/2021,31 Â°C / 24 Â°C,26 Â°C / 24 Â°C,92 %,,6 km/h,-,994.44 hPa,0 mm,,2021,9
10/31/2021,33 Â°C / 24 Â°C,25 Â°C / 23 Â°C,85 %,,0 km/h,-,998.65 hPa,0 mm,,2021,10
10/30/2021,31 Â°C / 24 Â°C,26 Â°C / 23 Â°C,86 %,,0 km/h,-,999.31 hPa,0.2 mm,,2021,10
10/29/2021,27 Â°C / 24 Â°C,24 Â°C / 23 Â°C,92 %,,6 km/h,-,998.89 hPa,1 mm,,2021,10
10/28/2021,32 Â°C / 24 Â°C,25 Â°C / 23 Â°C,83 %,,4 km/h,-,997.4 hPa,1 mm,,2021,10
10/27/2021,31 Â°C / 22 Â°C,25 Â°C / 22 Â°C,85 %,,4 km/h,-,997.33 hPa,0 mm,,2021,10
10/26/2021,29 Â°C / 23 Â°C,24 Â°C / 23 Â°C,88 %,,6 km/h,-,997.43 hPa,0 mm,,2021,10
10/25/2021,30 Â°C / 24 Â°C,24 Â°C / 23 Â°C,87 %,,4 km/h,-,998.35 hPa,1.2 mm,,2021,10
10/24/2021,29 Â°C / 24 Â°C,24 Â°C / 23 Â°C,88 %,,4 km/h,-,999.61 hPa,0 mm,,2021,10
10/23/2021,27 Â°C / 24 Â°C,24 Â°C / 23 Â°C,91 %,,6 km/h,-,999.63 hPa,0.2 mm,,2021,10
10/22/2021,32 Â°C / 24 Â°C,25 Â°C / 22 Â°C,82 %,,7 km/h,-,997.85 hPa,1 mm,,2021,10
10/21/2021,33 Â°C / 26 Â°C,26 Â°C / 23 Â°C,86 %,,6 km/h,-,997.2 hPa,27 mm,,2021,10
10/20/2021,32 Â°C / 23 Â°C,26 Â°C / 23 Â°C,84 %,,6 km/h,-,999.01 hPa,0 mm,,2021,10
10/19/2021,26 Â°C / 23 Â°C,24 Â°C / 22 Â°C,94 %,,6 km/h,-,999.74 hPa,0.2 mm,,2021,10
10/18/2021,27 Â°C / 23 Â°C,23 Â°C / 22 Â°C,91 %,,7 km/h,-,998.18 hPa,0.2 mm,,2021,10
10/17/2021,27 Â°C / 24 Â°C,24 Â°C / 23 Â°C,94 %,,6 km/h,-,997.34 hPa,7.3 mm,,2021,10
10/16/2021,28 Â°C / 24 Â°C,25 Â°C / 23 Â°C,94 %,,6 km/h,-,993.88 hPa,0 mm,,2021,10
10/15/2021,27 Â°C / 24 Â°C,24 Â°C / 23 Â°C,91 %,,4 km/h,-,990.89 hPa,2 mm,,2021,10
10/14/2021,33 Â°C / 25 Â°C,26 Â°C / 23 Â°C,84 %,,6 km/h,-,989.46 hPa,0 mm,,2021,10
10/13/2021,31 Â°C / 24 Â°C,27 Â°C / 23 Â°C,87 %,,9 km/h,-,990.04 hPa,0.4 mm,,2021,10
10/12/2021,30 Â°C / 25 Â°C,26 Â°C / 24 Â°C,90 %,,6 km/h,-,990.64 hPa,0 mm,,2021,10
10/11/2021,32 Â°C / 24 Â°C,25 Â°C / 23 Â°C,84 %,,9 km/h,-,990.01 hPa,10 mm,,2021,10
10/10/2021,34 Â°C / 27 Â°C,25 Â°C / 23 Â°C,71 %,,15 km/h,-,989.78 hPa,0 mm,,2021,10
10/9/2021,34 Â°C / 25 Â°C,26 Â°C / 24 Â°C,80 %,,7 km/h,-,990.76 hPa,0 mm,,2021,10
10/8/2021,34 Â°C / 24 Â°C,26 Â°C / 23 Â°C,79 %,,6 km/h,-,990.68 hPa,0 mm,,2021,10
10/7/2021,33 Â°C / 25 Â°C,26 Â°C / 23 Â°C,81 %,,6 km/h,-,991.36 hPa,0 mm,,2021,10
10/6/2021,31 Â°C / 25 Â°C,25 Â°C / 23 Â°C,83 %,,7 km/h,-,992.1 hPa,0.2 mm,,2021,10
10/5/2021,34 Â°C / 25 Â°C,26 Â°C / 24 Â°C,78 %,,7 km/h,-,994.19 hPa,0 mm,,2021,10
10/4/2021,33 Â°C / 25 Â°C,26 Â°C / 23 Â°C,81 %,,6 km/h,-,994.3 hPa,0 mm,,2021,10
10/3/2021,34 Â°C / 25 Â°C,24 Â°C / 23 Â°C,77 %,,6 km/h,-,994.19 hPa,0 mm,,2021,10
10/2/2021,33 Â°C / 24 Â°C,26 Â°C / 23 Â°C,83 %,,4 km/h,-,994.93 hPa,0 mm,,2021,10
10/1/2021,34 Â°C / 24 Â°C,26 Â°C / 23 Â°C,81 %,,6 km/h,-,994.26 hPa,0 mm,,2021,10
11/30/2021,30 Â°C / 20 Â°C,21 Â°C / 17 Â°C,76 %,,9 km/h,-,998.9 hPa,0 mm,,2021,11
11/29/2021,31 Â°C / 20 Â°C,21 Â°C / 19 Â°C,78 %,,4 km/h,-,998.81 hPa,0 mm,,2021,11
11/28/2021,31 Â°C / 22 Â°C,21 Â°C / 18 Â°C,76 %,,6 km/h,-,999.78 hPa,0 mm,,2021,11
11/27/2021,29 Â°C / 23 Â°C,22 Â°C / 20 Â°C,81 %,,6 km/h,-,999.58 hPa,0.2 mm,,2021,11
11/26/2021,31 Â°C / 22 Â°C,23 Â°C / 21 Â°C,80 %,,4 km/h,-,998.45 hPa,0 mm,,2021,11
11/25/2021,29 Â°C / 23 Â°C,23 Â°C / 21 Â°C,80 %,,6 km/h,-,998.91 hPa,0 mm,,2021,11
11/24/2021,29 Â°C / 23 Â°C,23 Â°C / 21 Â°C,79 %,,9 km/h,-,998.39 hPa,0 mm,,2021,11
11/23/2021,33 Â°C / 24 Â°C,24 Â°C / 21 Â°C,77 %,,7 km/h,-,996.78 hPa,0 mm,,2021,11
11/22/2021,31 Â°C / 23 Â°C,25 Â°C / 22 Â°C,83 %,,6 km/h,-,996.09 hPa,0 mm,,2021,11
11/21/2021,34 Â°C / 23 Â°C,25 Â°C / 23 Â°C,79 %,,4 km/h,-,995.03 hPa,0 mm,,2021,11
11/20/2021,34 Â°C / 23 Â°C,26 Â°C / 22 Â°C,80 %,,4 km/h,-,993.56 hPa,0 mm,,2021,11
11/19/2021,33 Â°C / 23 Â°C,24 Â°C / 22 Â°C,81 %,,4 km/h,-,994.15 hPa,0 mm,,2021,11
11/18/2021,32 Â°C / 23 Â°C,25 Â°C / 23 Â°C,82 %,,6 km/h,-,996.33 hPa,0 mm,,2021,11
11/17/2021,31 Â°C / 24 Â°C,24 Â°C / 23 Â°C,84 %,,6 km/h,-,997.36 hPa,0 mm,,2021,11
11/16/2021,31 Â°C / 24 Â°C,24 Â°C / 23 Â°C,84 %,,4 km/h,-,996.41 hPa,0 mm,,2021,11
11/15/2021,31 Â°C / 23 Â°C,24 Â°C / 22 Â°C,84 %,,6 km/h,-,996.3 hPa,0 mm,,2021,11
11/14/2021,29 Â°C / 23 Â°C,24 Â°C / 22 Â°C,85 %,,4 km/h,-,998.05 hPa,0 mm,,2021,11
11/13/2021,31 Â°C / 24 Â°C,23 Â°C / 21 Â°C,79 %,,4 km/h,-,998.26 hPa,0 mm,,2021,11
11/12/2021,31 Â°C / 22 Â°C,24 Â°C / 21 Â°C,82 %,,6 km/h,-,998.08 hPa,0 mm,,2021,11
11/11/2021,30 Â°C / 23 Â°C,23 Â°C / 22 Â°C,82 %,,6 km/h,-,997.81 hPa,0 mm,,2021,11
11/10/2021,29 Â°C / 23 Â°C,24 Â°C / 22 Â°C,85 %,,4 km/h,-,998.75 hPa,0 mm,,2021,11
11/9/2021,31 Â°C / 24 Â°C,24 Â°C / 23 Â°C,84 %,,4 km/h,-,998.14 hPa,0 mm,,2021,11
11/8/2021,32 Â°C / 24 Â°C,26 Â°C / 23 Â°C,89 %,,6 km/h,-,995.78 hPa,8 mm,,2021,11
11/7/2021,33 Â°C / 23 Â°C,26 Â°C / 23 Â°C,82 %,,6 km/h,-,993.89 hPa,0 mm,,2021,11
11/6/2021,33 Â°C / 23 Â°C,26 Â°C / 22 Â°C,82 %,,6 km/h,-,993.83 hPa,0 mm,,2021,11
11/5/2021,33 Â°C / 23 Â°C,25 Â°C / 22 Â°C,82 %,,6 km/h,-,995.89 hPa,0 mm,,2021,11
11/4/2021,31 Â°C / 23 Â°C,25 Â°C / 23 Â°C,85 %,,4 km/h,-,997.16 hPa,0 mm,,2021,11
11/3/2021,31 Â°C / 24 Â°C,26 Â°C / 23 Â°C,87 %,,4 km/h,-,997.65 hPa,0 mm,,2021,11
11/2/2021,29 Â°C / 24 Â°C,26 Â°C / 23 Â°C,90 %,,7 km/h,-,998.63 hPa,14 mm,,2021,11
11/1/2021,31 Â°C / 24 Â°C,26 Â°C / 23 Â°C,86 %,,6 km/h,-,998.8 hPa,0 mm,,2021,11
12/31/2021,31 Â°C / 21 Â°C,20 Â°C / 18 Â°C,72 %,,7 km/h,-,1002.29 hPa,0 mm,,2021,12
12/30/2021,31 Â°C / 21 Â°C,21 Â°C / 18 Â°C,75 %,,6 km/h,-,1002.25 hPa,0 mm,,2021,12
12/29/2021,32 Â°C / 19 Â°C,20 Â°C / 17 Â°C,71 %,,7 km/h,-,1001.25 hPa,0 mm,,2021,12
12/28/2021,30 Â°C / 21 Â°C,21 Â°C / 19 Â°C,77 %,,7 km/h,-,1001.28 hPa,0 mm,,2021,12
12/27/2021,30 Â°C / 20 Â°C,21 Â°C / 19 Â°C,77 %,,7 km/h,-,1001.46 hPa,0 mm,,2021,12
12/26/2021,31 Â°C / 21 Â°C,21 Â°C / 19 Â°C,76 %,,6 km/h,-,1000.7 hPa,0 mm,,2021,12
12/25/2021,31 Â°C / 19 Â°C,21 Â°C / 18 Â°C,77 %,,6 km/h,-,998.74 hPa,0 mm,,2021,12
12/24/2021,31 Â°C / 17 Â°C,21 Â°C / 16 Â°C,75 %,,6 km/h,-,997.66 hPa,0 mm,,2021,12
12/23/2021,30 Â°C / 17 Â°C,20 Â°C / 16 Â°C,75 %,,4 km/h,-,998.05 hPa,0 mm,,2021,12
12/22/2021,30 Â°C / 16 Â°C,18 Â°C / 14 Â°C,73 %,,6 km/h,-,998.78 hPa,0 mm,,2021,12
12/21/2021,29 Â°C / 16 Â°C,18 Â°C / 14 Â°C,72 %,,4 km/h,-,999.6 hPa,0 mm,,2021,12
12/20/2021,28 Â°C / 15 Â°C,18 Â°C / 14 Â°C,76 %,,6 km/h,-,1000.46 hPa,0 mm,,2021,12
12/19/2021,28 Â°C / 18 Â°C,19 Â°C / 14 Â°C,74 %,,7 km/h,-,1000.7 hPa,0 mm,,2021,12
12/18/2021,28 Â°C / 19 Â°C,20 Â°C / 18 Â°C,77 %,,7 km/h,-,998.9 hPa,0 mm,,2021,12
12/17/2021,31 Â°C / 17 Â°C,19 Â°C / 17 Â°C,73 %,,9 km/h,-,998.75 hPa,0 mm,,2021,12
12/16/2021,31 Â°C / 16 Â°C,19 Â°C / 16 Â°C,74 %,,7 km/h,-,998.05 hPa,0 mm,,2021,12
12/15/2021,30 Â°C / 16 Â°C,19 Â°C / 16 Â°C,74 %,,7 km/h,-,998.45 hPa,0 mm,,2021,12
12/14/2021,29 Â°C / 18 Â°C,19 Â°C / 16 Â°C,74 %,,9 km/h,-,999.56 hPa,0 mm,,2021,12
12/13/2021,30 Â°C / 17 Â°C,19 Â°C / 17 Â°C,76 %,,4 km/h,-,1000.69 hPa,0 mm,,2021,12
12/12/2021,30 Â°C / 18 Â°C,19 Â°C / 17 Â°C,75 %,,9 km/h,-,1001.15 hPa,0 mm,,2021,12
12/11/2021,31 Â°C / 19 Â°C,21 Â°C / 18 Â°C,77 %,,6 km/h,-,1000.8 hPa,0 mm,,2021,12
12/10/2021,30 Â°C / 18 Â°C,20 Â°C / 17 Â°C,75 %,,4 km/h,-,1000.94 hPa,0 mm,,2021,12
12/9/2021,29 Â°C / 15 Â°C,21 Â°C / 14 Â°C,76 %,,11 km/h,-,1002.39 hPa,0 mm,,2021,12
12/8/2021,29 Â°C / 16 Â°C,17 Â°C / 10 Â°C,69 %,,6 km/h,-,1001.98 hPa,0 mm,,2021,12
12/7/2021,29 Â°C / 15 Â°C,17 Â°C / 14 Â°C,73 %,,6 km/h,-,1001.31 hPa,0 mm,,2021,12
12/6/2021,28 Â°C / 14 Â°C,16 Â°C / 13 Â°C,71 %,,6 km/h,-,1001.65 hPa,0 mm,,2021,12
12/5/2021,27 Â°C / 14 Â°C,16 Â°C / 11 Â°C,72 %,,11 km/h,-,1002.51 hPa,0 mm,,2021,12
12/4/2021,28 Â°C / 18 Â°C,18 Â°C / 10 Â°C,70 %,,9 km/h,-,1002.39 hPa,0 mm,,2021,12
12/3/2021,28 Â°C / 19 Â°C,19 Â°C / 16 Â°C,76 %,,7 km/h,-,1002.43 hPa,0 mm,,2021,12
12/2/2021,29 Â°C / 19 Â°C,20 Â°C / 17 Â°C,76 %,,6 km/h,-,1001.03 hPa,0 mm,,2021,12
12/1/2021,29 Â°C / 22 Â°C,20 Â°C / 17 Â°C,70 %,,9 km/h,-,999.8 hPa,0 mm,,2021,12
1/31/2022,34 Â°C / 17 Â°C,16 Â°C / 10 Â°C,53 %,,13 km/h,-,994.83 hPa,0 mm,,2022,1
1/30/2022,32 Â°C / 18 Â°C,17 Â°C / 14 Â°C,59 %,,17 km/h,-,994.74 hPa,0 mm,,2022,1
1/29/2022,34 Â°C / 20 Â°C,19 Â°C / 16 Â°C,58 %,,13 km/h,-,995.58 hPa,0 mm,,2022,1
1/28/2022,35 Â°C / 18 Â°C,17 Â°C / 13 Â°C,57 %,,15 km/h,-,996.24 hPa,0 mm,,2022,1
1/27/2022,34 Â°C / 18 Â°C,17 Â°C / 14 Â°C,57 %,,11 km/h,-,996.9 hPa,0 mm,,2022,1
1/26/2022,33 Â°C / 17 Â°C,17 Â°C / 15 Â°C,59 %,,6 km/h,-,996.48 hPa,0 mm,,2022,1
1/25/2022,33 Â°C / 18 Â°C,18 Â°C / 14 Â°C,64 %,,7 km/h,-,996.25 hPa,0 mm,,2022,1
1/24/2022,33 Â°C / 19 Â°C,19 Â°C / 12 Â°C,63 %,,9 km/h,-,995.85 hPa,0 mm,,2022,1
1/23/2022,33 Â°C / 18 Â°C,19 Â°C / 12 Â°C,65 %,,7 km/h,-,995.65 hPa,0 mm,,2022,1
1/22/2022,31 Â°C / 20 Â°C,20 Â°C / 18 Â°C,76 %,,4 km/h,-,995.15 hPa,0 mm,,2022,1
1/21/2022,31 Â°C / 22 Â°C,21 Â°C / 17 Â°C,73 %,,9 km/h,-,995.96 hPa,0 mm,,2022,1
1/20/2022,31 Â°C / 21 Â°C,20 Â°C / 18 Â°C,68 %,,7 km/h,-,996.41 hPa,0 mm,,2022,1
1/19/2022,31 Â°C / 21 Â°C,19 Â°C / 17 Â°C,68 %,,9 km/h,-,997.9 hPa,0 mm,,2022,1
1/18/2022,32 Â°C / 23 Â°C,21 Â°C / 17 Â°C,68 %,,7 km/h,-,999.15 hPa,0 mm,,2022,1
1/17/2022,33 Â°C / 21 Â°C,21 Â°C / 19 Â°C,67 %,,7 km/h,-,999.27 hPa,0 mm,,2022,1
1/16/2022,34 Â°C / 20 Â°C,20 Â°C / 17 Â°C,66 %,,6 km/h,-,998.61 hPa,0 mm,,2022,1
1/15/2022,33 Â°C / 21 Â°C,20 Â°C / 17 Â°C,71 %,,9 km/h,-,998.63 hPa,0 mm,,2022,1
1/14/2022,32 Â°C / 21 Â°C,20 Â°C / 18 Â°C,68 %,,7 km/h,-,999.29 hPa,0 mm,,2022,1
1/13/2022,33 Â°C / 19 Â°C,20 Â°C / 18 Â°C,68 %,,6 km/h,-,999.43 hPa,0 mm,,2022,1
1/12/2022,32 Â°C / 18 Â°C,19 Â°C / 16 Â°C,69 %,,6 km/h,-,999.43 hPa,0 mm,,2022,1
1/11/2022,33 Â°C / 18 Â°C,18 Â°C / 16 Â°C,66 %,,4 km/h,-,998.75 hPa,0 mm,,2022,1
1/10/2022,34 Â°C / 18 Â°C,19 Â°C / 16 Â°C,68 %,,6 km/h,-,998.2 hPa,0 mm,,2022,1
1/9/2022,33 Â°C / 18 Â°C,19 Â°C / 17 Â°C,70 %,,6 km/h,-,997.97 hPa,0 mm,,2022,1
1/8/2022,33 Â°C / 18 Â°C,19 Â°C / 16 Â°C,70 %,,7 km/h,-,999.46 hPa,0 mm,,2022,1
1/7/2022,33 Â°C / 18 Â°C,19 Â°C / 17 Â°C,69 %,,6 km/h,-,999.84 hPa,0 mm,,2022,1
1/6/2022,33 Â°C / 18 Â°C,20 Â°C / 17 Â°C,72 %,,7 km/h,-,998.73 hPa,0 mm,,2022,1
1/5/2022,32 Â°C / 18 Â°C,20 Â°C / 17 Â°C,72 %,,6 km/h,-,999.13 hPa,0 mm,,2022,1
1/4/2022,32 Â°C / 17 Â°C,19 Â°C / 16 Â°C,72 %,,7 km/h,-,999.76 hPa,0 mm,,2022,1
1/3/2022,30 Â°C / 17 Â°C,18 Â°C / 16 Â°C,74 %,,4 km/h,-,1000.25 hPa,0 mm,,2022,1
1/2/2022,29 Â°C / 19 Â°C,23 Â°C / 17 Â°C,73 %,,6 km/h,-,1001.83 hPa,0 mm,,2022,1
1/1/2022,30 Â°C / 21 Â°C,20 Â°C / 18 Â°C,75 %,,7 km/h,-,1002.25 hPa,0 mm,,2022,1
2/28/2022,35 Â°C / 20 Â°C,19 Â°C / 16 Â°C,64 %,,9 km/h,-,997.95 hPa,0 mm,,2022,2
2/27/2022,34 Â°C / 18 Â°C,19 Â°C / 17 Â°C,67 %,,6 km/h,-,999.21 hPa,0 mm,,2022,2
2/26/2022,33 Â°C / 18 Â°C,19 Â°C / 18 Â°C,71 %,,6 km/h,-,1000.74 hPa,0 mm,,2022,2
2/25/2022,31 Â°C / 19 Â°C,20 Â°C / 18 Â°C,72 %,,9 km/h,-,1001.44 hPa,0 mm,,2022,2
2/24/2022,31 Â°C / 19 Â°C,20 Â°C / 18 Â°C,73 %,,6 km/h,-,1001.94 hPa,0 mm,,2022,2
2/23/2022,31 Â°C / 19 Â°C,21 Â°C / 18 Â°C,75 %,,7 km/h,-,1000.65 hPa,0 mm,,2022,2
2/22/2022,30 Â°C / 22 Â°C,20 Â°C / 17 Â°C,70 %,,7 km/h,-,999.49 hPa,0 mm,,2022,2
2/21/2022,29 Â°C / 18 Â°C,21 Â°C / 16 Â°C,73 %,,6 km/h,-,996.38 hPa,0 mm,,2022,2
2/20/2022,32 Â°C / 24 Â°C,23 Â°C / 15 Â°C,71 %,,11 km/h,-,992.95 hPa,0.2 mm,,2022,2
2/19/2022,31 Â°C / 24 Â°C,24 Â°C / 22 Â°C,83 %,,4 km/h,-,994.58 hPa,0.3 mm,,2022,2
2/18/2022,32 Â°C / 23 Â°C,24 Â°C / 22 Â°C,80 %,,6 km/h,-,994.33 hPa,0 mm,,2022,2
2/17/2022,29 Â°C / 23 Â°C,23 Â°C / 22 Â°C,84 %,,4 km/h,-,993.49 hPa,0 mm,,2022,2
2/16/2022,26 Â°C / 23 Â°C,22 Â°C / 21 Â°C,87 %,,4 km/h,-,994.84 hPa,0 mm,,2022,2
2/15/2022,26 Â°C / 23 Â°C,22 Â°C / 22 Â°C,86 %,,6 km/h,-,996.29 hPa,0 mm,,2022,2
2/14/2022,34 Â°C / 22 Â°C,24 Â°C / 18 Â°C,68 %,,9 km/h,-,994.08 hPa,0 mm,,2022,2
2/13/2022,36 Â°C / 21 Â°C,23 Â°C / 17 Â°C,63 %,,6 km/h,-,992.89 hPa,0 mm,,2022,2
2/12/2022,34 Â°C / 22 Â°C,21 Â°C / 17 Â°C,62 %,,15 km/h,-,994.26 hPa,0 mm,,2022,2
2/11/2022,35 Â°C / 22 Â°C,21 Â°C / 17 Â°C,65 %,,6 km/h,-,995.19 hPa,0 mm,,2022,2
2/10/2022,35 Â°C / 21 Â°C,22 Â°C / 17 Â°C,62 %,,4 km/h,-,996.14 hPa,0 mm,,2022,2
2/9/2022,36 Â°C / 20 Â°C,19 Â°C / 16 Â°C,59 %,,9 km/h,-,996.79 hPa,0 mm,,2022,2
2/8/2022,35 Â°C / 19 Â°C,19 Â°C / 17 Â°C,60 %,,9 km/h,-,996.8 hPa,0 mm,,2022,2
2/7/2022,33 Â°C / 21 Â°C,21 Â°C / 17 Â°C,70 %,,13 km/h,-,997.39 hPa,0 mm,,2022,2
2/6/2022,29 Â°C / 20 Â°C,22 Â°C / 19 Â°C,82 %,,7 km/h,-,998.9 hPa,0 mm,,2022,2
2/5/2022,23 Â°C / 21 Â°C,22 Â°C / 21 Â°C,92 %,,7 km/h,-,999.51 hPa,1.6 mm,,2022,2
2/4/2022,33 Â°C / 21 Â°C,23 Â°C / 15 Â°C,73 %,,11 km/h,-,996.99 hPa,7 mm,,2022,2
2/3/2022,35 Â°C / 21 Â°C,21 Â°C / 16 Â°C,56 %,,6 km/h,-,996.76 hPa,0 mm,,2022,2
2/2/2022,34 Â°C / 20 Â°C,16 Â°C / 13 Â°C,49 %,,19 km/h,-,996.75 hPa,0 mm,,2022,2
2/1/2022,35 Â°C / 18 Â°C,17 Â°C / 14 Â°C,51 %,,9 km/h,-,995.2 hPa,0 mm,,2022,2
3/31/2022,37 Â°C / 24 Â°C,23 Â°C / 21 Â°C,65 %,,6 km/h,-,994.83 hPa,0 mm,,2022,3
3/30/2022,33 Â°C / 25 Â°C,24 Â°C / 22 Â°C,68 %,,6 km/h,-,995.56 hPa,0 mm,,2022,3
3/29/2022,35 Â°C / 24 Â°C,24 Â°C / 22 Â°C,70 %,,6 km/h,-,994.75 hPa,0 mm,,2022,3
3/28/2022,36 Â°C / 26 Â°C,24 Â°C / 21 Â°C,61 %,,4 km/h,-,994.2 hPa,0 mm,,2022,3
3/27/2022,38 Â°C / 27 Â°C,22 Â°C / 18 Â°C,52 %,,13 km/h,-,994.77 hPa,0 mm,,2022,3
3/26/2022,37 Â°C / 27 Â°C,22 Â°C / 19 Â°C,55 %,,9 km/h,-,995.34 hPa,0 mm,,2022,3
3/25/2022,36 Â°C / 26 Â°C,21 Â°C / 17 Â°C,53 %,,13 km/h,-,994.13 hPa,0 mm,,2022,3
3/24/2022,34 Â°C / 25 Â°C,23 Â°C / 19 Â°C,63 %,,9 km/h,-,994.2 hPa,0 mm,,2022,3
3/23/2022,33 Â°C / 24 Â°C,25 Â°C / 22 Â°C,77 %,,6 km/h,-,994.86 hPa,0 mm,,2022,3
3/22/2022,33 Â°C / 25 Â°C,24 Â°C / 22 Â°C,77 %,,9 km/h,-,994.44 hPa,0 mm,,2022,3
3/21/2022,34 Â°C / 25 Â°C,24 Â°C / 22 Â°C,73 %,,13 km/h,-,993.89 hPa,0 mm,,2022,3
3/20/2022,32 Â°C / 25 Â°C,24 Â°C / 23 Â°C,79 %,,6 km/h,-,992.58 hPa,0.6 mm,,2022,3
3/19/2022,32 Â°C / 23 Â°C,24 Â°C / 21 Â°C,75 %,,4 km/h,-,992.49 hPa,0 mm,,2022,3
3/18/2022,36 Â°C / 24 Â°C,22 Â°C / 21 Â°C,62 %,,13 km/h,-,992.64 hPa,0 mm,,2022,3
3/17/2022,36 Â°C / 24 Â°C,23 Â°C / 20 Â°C,63 %,,6 km/h,-,992.29 hPa,0 mm,,2022,3
3/16/2022,37 Â°C / 29 Â°C,22 Â°C / 19 Â°C,53 %,,11 km/h,-,991.3 hPa,0 mm,,2022,3
3/15/2022,37 Â°C / 26 Â°C,24 Â°C / 21 Â°C,60 %,,4 km/h,-,991.54 hPa,0 mm,,2022,3
3/14/2022,37 Â°C / 27 Â°C,24 Â°C / 22 Â°C,59 %,,7 km/h,-,992.76 hPa,0 mm,,2022,3
3/13/2022,39 Â°C / 26 Â°C,23 Â°C / 21 Â°C,60 %,,4 km/h,-,991.89 hPa,0 mm,,2022,3
3/12/2022,38 Â°C / 26 Â°C,24 Â°C / 22 Â°C,61 %,,7 km/h,-,992.14 hPa,0 mm,,2022,3
3/11/2022,37 Â°C / 24 Â°C,24 Â°C / 21 Â°C,63 %,,4 km/h,-,992.61 hPa,0 mm,,2022,3
3/10/2022,36 Â°C / 24 Â°C,24 Â°C / 20 Â°C,68 %,,7 km/h,-,993.61 hPa,0 mm,,2022,3
3/9/2022,35 Â°C / 23 Â°C,24 Â°C / 21 Â°C,71 %,,4 km/h,-,995.16 hPa,0 mm,,2022,3
3/8/2022,33 Â°C / 23 Â°C,23 Â°C / 22 Â°C,77 %,,4 km/h,-,997.35 hPa,0 mm,,2022,3
3/7/2022,37 Â°C / 24 Â°C,24 Â°C / 21 Â°C,67 %,,28 km/h,-,995.65 hPa,0 mm,,2022,3
3/6/2022,36 Â°C / 24 Â°C,22 Â°C / 19 Â°C,59 %,,6 km/h,-,993.86 hPa,0 mm,,2022,3
3/5/2022,37 Â°C / 28 Â°C,22 Â°C / 19 Â°C,51 %,,4 km/h,-,993.58 hPa,0 mm,,2022,3
3/4/2022,37 Â°C / 24 Â°C,23 Â°C / 21 Â°C,64 %,,6 km/h,-,994.83 hPa,0 mm,,2022,3
3/3/2022,36 Â°C / 22 Â°C,22 Â°C / 21 Â°C,69 %,,6 km/h,-,996.25 hPa,0 mm,,2022,3
3/2/2022,36 Â°C / 21 Â°C,23 Â°C / 19 Â°C,68 %,,6 km/h,-,996.55 hPa,0 mm,,2022,3
3/1/2022,36 Â°C / 20 Â°C,21 Â°C / 18 Â°C,65 %,,7 km/h,-,996.88 hPa,0 mm,,2022,3
4/30/2022,37 Â°C / 26 Â°C,24 Â°C / 23 Â°C,71 %,,0 km/h,-,992.21 hPa,1 mm,,2022,4
4/29/2022,35 Â°C / 23 Â°C,24 Â°C / 21 Â°C,72 %,,6 km/h,-,993.69 hPa,0 mm,,2022,4
4/28/2022,38 Â°C / 27 Â°C,26 Â°C / 23 Â°C,64 %,,9 km/h,-,991.83 hPa,1 mm,,2022,4
4/27/2022,39 Â°C / 29 Â°C,26 Â°C / 17 Â°C,51 %,,15 km/h,-,991.44 hPa,0 mm,,2022,4
4/26/2022,38 Â°C / 29 Â°C,23 Â°C / 18 Â°C,50 %,,15 km/h,-,991.58 hPa,0 mm,,2022,4
4/25/2022,39 Â°C / 29 Â°C,24 Â°C / 20 Â°C,50 %,,9 km/h,-,991.34 hPa,0 mm,,2022,4
4/24/2022,38 Â°C / 29 Â°C,23 Â°C / 20 Â°C,51 %,,11 km/h,-,991.79 hPa,0 mm,,2022,4
4/23/2022,37 Â°C / 26 Â°C,24 Â°C / 21 Â°C,62 %,,6 km/h,-,993.3 hPa,0 mm,,2022,4
4/22/2022,37 Â°C / 27 Â°C,23 Â°C / 21 Â°C,59 %,,9 km/h,-,994.04 hPa,0 mm,,2022,4
4/21/2022,36 Â°C / 25 Â°C,24 Â°C / 22 Â°C,71 %,,7 km/h,-,994.18 hPa,0 mm,,2022,4
4/20/2022,33 Â°C / 25 Â°C,24 Â°C / 20 Â°C,76 %,,4 km/h,-,995.94 hPa,0 mm,,2022,4
4/19/2022,34 Â°C / 23 Â°C,24 Â°C / 22 Â°C,78 %,,4 km/h,-,997.34 hPa,0 mm,,2022,4
4/18/2022,37 Â°C / 22 Â°C,23 Â°C / 21 Â°C,73 %,,6 km/h,-,995.21 hPa,71 mm,,2022,4
4/17/2022,38 Â°C / 28 Â°C,23 Â°C / 18 Â°C,51 %,,9 km/h,-,992.23 hPa,0 mm,,2022,4
4/16/2022,39 Â°C / 28 Â°C,25 Â°C / 19 Â°C,54 %,,13 km/h,-,991.08 hPa,0 mm,,2022,4
4/15/2022,38 Â°C / 28 Â°C,22 Â°C / 20 Â°C,52 %,,13 km/h,-,991.19 hPa,0 mm,,2022,4
4/14/2022,37 Â°C / 28 Â°C,23 Â°C / 21 Â°C,55 %,,13 km/h,-,991.11 hPa,0 mm,,2022,4
4/13/2022,38 Â°C / 28 Â°C,22 Â°C / 19 Â°C,51 %,,9 km/h,-,990.91 hPa,0 mm,,2022,4
4/12/2022,37 Â°C / 28 Â°C,23 Â°C / 17 Â°C,49 %,,7 km/h,-,991.82 hPa,0 mm,,2022,4
4/11/2022,39 Â°C / 25 Â°C,22 Â°C / 18 Â°C,58 %,,0 km/h,-,992.44 hPa,0 mm,,2022,4
4/10/2022,38 Â°C / 25 Â°C,23 Â°C / 21 Â°C,64 %,,6 km/h,-,993.76 hPa,0 mm,,2022,4
4/9/2022,34 Â°C / 23 Â°C,22 Â°C / 19 Â°C,67 %,,4 km/h,-,994.84 hPa,0 mm,,2022,4
4/8/2022,33 Â°C / 26 Â°C,22 Â°C / 18 Â°C,64 %,,6 km/h,-,997.36 hPa,0 mm,,2022,4
4/7/2022,33 Â°C / 26 Â°C,23 Â°C / 21 Â°C,66 %,,6 km/h,-,997.64 hPa,0 mm,,2022,4
4/6/2022,37 Â°C / 24 Â°C,22 Â°C / 19 Â°C,61 %,,7 km/h,-,997.6 hPa,0 mm,,2022,4
4/5/2022,36 Â°C / 21 Â°C,21 Â°C / 18 Â°C,64 %,,4 km/h,-,999.69 hPa,0 mm,,2022,4
4/4/2022,31 Â°C / 22 Â°C,20 Â°C / 17 Â°C,65 %,,6 km/h,-,1000.81 hPa,0 mm,,2022,4
4/3/2022,29 Â°C / 21 Â°C,20 Â°C / 16 Â°C,72 %,,4 km/h,-,1001.2 hPa,2 mm,,2022,4
4/2/2022,31 Â°C / 24 Â°C,22 Â°C / 20 Â°C,69 %,,4 km/h,-,998.51 hPa,2 mm,,2022,4
4/1/2022,34 Â°C / 26 Â°C,24 Â°C / 22 Â°C,73 %,,6 km/h,-,996.21 hPa,0.2 mm,,2022,4
5/31/2022,34 Â°C / 26 Â°C,25 Â°C / 22 Â°C,76 %,,9 km/h,-,989.89 hPa,0 mm,,2022,5
5/30/2022,36 Â°C / 28 Â°C,23 Â°C / 21 Â°C,60 %,,17 km/h,-,989.56 hPa,0 mm,,2022,5
5/29/2022,33 Â°C / 27 Â°C,23 Â°C / 22 Â°C,65 %,,22 km/h,-,989.69 hPa,0 mm,,2022,5
5/28/2022,33 Â°C / 28 Â°C,23 Â°C / 21 Â°C,64 %,,15 km/h,-,988.96 hPa,0 mm,,2022,5
5/27/2022,32 Â°C / 27 Â°C,24 Â°C / 22 Â°C,68 %,,22 km/h,-,989.56 hPa,0 mm,,2022,5
5/26/2022,34 Â°C / 26 Â°C,23 Â°C / 21 Â°C,66 %,,19 km/h,-,991.36 hPa,0 mm,,2022,5
5/25/2022,32 Â°C / 25 Â°C,23 Â°C / 22 Â°C,72 %,,6 km/h,-,993.5 hPa,0 mm,,2022,5
5/24/2022,32 Â°C / 25 Â°C,26 Â°C / 22 Â°C,80 %,,19 km/h,-,991.7 hPa,1 mm,,2022,5
5/23/2022,33 Â°C / 28 Â°C,23 Â°C / 22 Â°C,66 %,,15 km/h,-,988.43 hPa,0 mm,,2022,5
5/22/2022,31 Â°C / 24 Â°C,24 Â°C / 21 Â°C,74 %,,13 km/h,-,986.71 hPa,0 mm,,2022,5
5/21/2022,27 Â°C / 24 Â°C,26 Â°C / 23 Â°C,93 %,,4 km/h,-,987.21 hPa,1 mm,,2022,5
5/20/2022,29 Â°C / 25 Â°C,26 Â°C / 24 Â°C,90 %,,6 km/h,-,990.55 hPa,3.1 mm,,2022,5
5/19/2022,31 Â°C / 25 Â°C,26 Â°C / 24 Â°C,90 %,,6 km/h,-,994.24 hPa,0.8 mm,,2022,5
5/18/2022,29 Â°C / 25 Â°C,26 Â°C / 23 Â°C,90 %,,0 km/h,-,994.96 hPa,1 mm,,2022,5
5/17/2022,32 Â°C / 25 Â°C,25 Â°C / 22 Â°C,83 %,,7 km/h,-,993.76 hPa,0 mm,,2022,5
5/16/2022,37 Â°C / 28 Â°C,24 Â°C / 21 Â°C,60 %,,19 km/h,-,992.6 hPa,0 mm,,2022,5
5/15/2022,36 Â°C / 28 Â°C,24 Â°C / 22 Â°C,61 %,,22 km/h,-,993.06 hPa,0 mm,,2022,5
5/14/2022,36 Â°C / 27 Â°C,25 Â°C / 23 Â°C,68 %,,19 km/h,-,992.31 hPa,0 mm,,2022,5
5/13/2022,34 Â°C / 28 Â°C,23 Â°C / 22 Â°C,63 %,,11 km/h,-,991.68 hPa,0 mm,,2022,5
5/12/2022,34 Â°C / 28 Â°C,24 Â°C / 23 Â°C,69 %,,13 km/h,-,992.14 hPa,0 mm,,2022,5
5/11/2022,33 Â°C / 26 Â°C,26 Â°C / 23 Â°C,80 %,,6 km/h,-,993.11 hPa,0 mm,,2022,5
5/10/2022,33 Â°C / 27 Â°C,25 Â°C / 24 Â°C,84 %,,6 km/h,-,993.78 hPa,0 mm,,2022,5
5/9/2022,34 Â°C / 25 Â°C,26 Â°C / 23 Â°C,79 %,,7 km/h,-,993.91 hPa,0 mm,,2022,5
5/8/2022,32 Â°C / 24 Â°C,25 Â°C / 23 Â°C,85 %,,4 km/h,-,994.16 hPa,6 mm,,2022,5
5/7/2022,33 Â°C / 24 Â°C,26 Â°C / 23 Â°C,83 %,,7 km/h,-,993.99 hPa,15 mm,,2022,5
5/6/2022,33 Â°C / 25 Â°C,24 Â°C / 23 Â°C,75 %,,6 km/h,-,993.11 hPa,0 mm,,2022,5
5/5/2022,33 Â°C / 24 Â°C,23 Â°C / 21 Â°C,71 %,,4 km/h,-,994.09 hPa,0 mm,,2022,5
5/4/2022,32 Â°C / 23 Â°C,22 Â°C / 21 Â°C,70 %,,6 km/h,-,996.71 hPa,0 mm,,2022,5
5/3/2022,30 Â°C / 23 Â°C,23 Â°C / 21 Â°C,78 %,,4 km/h,-,997.11 hPa,0.7 mm,,2022,5
5/2/2022,28 Â°C / 23 Â°C,24 Â°C / 22 Â°C,87 %,,4 km/h,-,994.23 hPa,0 mm,,2022,5
5/1/2022,34 Â°C / 25 Â°C,24 Â°C / 22 Â°C,73 %,,6 km/h,-,991.97 hPa,0 mm,,2022,5
6/30/2022,32 Â°C / 28 Â°C,23 Â°C / 22 Â°C,65 %,,19 km/h,-,988.69 hPa,0 mm,,2022,6
6/29/2022,34 Â°C / 27 Â°C,23 Â°C / 21 Â°C,65 %,,15 km/h,-,990.16 hPa,0 mm,,2022,6
6/28/2022,33 Â°C / 26 Â°C,24 Â°C / 22 Â°C,71 %,,15 km/h,-,992.72 hPa,0 mm,,2022,6
6/27/2022,34 Â°C / 24 Â°C,26 Â°C / 23 Â°C,80 %,,6 km/h,-,993.74 hPa,0 mm,,2022,6
6/26/2022,34 Â°C / 25 Â°C,25 Â°C / 23 Â°C,81 %,,4 km/h,-,992.89 hPa,0 mm,,2022,6
6/25/2022,35 Â°C / 25 Â°C,24 Â°C / 22 Â°C,69 %,,9 km/h,-,991.1 hPa,2 mm,,2022,6
6/24/2022,35 Â°C / 28 Â°C,24 Â°C / 21 Â°C,62 %,,15 km/h,-,992.21 hPa,0 mm,,2022,6
6/23/2022,36 Â°C / 27 Â°C,23 Â°C / 21 Â°C,58 %,,17 km/h,-,993.25 hPa,0 mm,,2022,6
6/22/2022,35 Â°C / 27 Â°C,23 Â°C / 21 Â°C,60 %,,17 km/h,-,992.68 hPa,0 mm,,2022,6
6/21/2022,34 Â°C / 27 Â°C,22 Â°C / 21 Â°C,62 %,,9 km/h,-,990.53 hPa,0 mm,,2022,6
6/20/2022,34 Â°C / 27 Â°C,22 Â°C / 20 Â°C,60 %,,19 km/h,-,990.9 hPa,0 mm,,2022,6
6/19/2022,34 Â°C / 27 Â°C,23 Â°C / 20 Â°C,65 %,,19 km/h,-,993.31 hPa,0 mm,,2022,6
6/18/2022,33 Â°C / 27 Â°C,23 Â°C / 22 Â°C,67 %,,9 km/h,-,994.41 hPa,0 mm,,2022,6
6/17/2022,36 Â°C / 27 Â°C,24 Â°C / 21 Â°C,65 %,,19 km/h,-,994.03 hPa,0.4 mm,,2022,6
6/16/2022,35 Â°C / 25 Â°C,24 Â°C / 22 Â°C,72 %,,9 km/h,-,994.6 hPa,0 mm,,2022,6
6/15/2022,34 Â°C / 28 Â°C,24 Â°C / 22 Â°C,67 %,,7 km/h,-,993.46 hPa,0 mm,,2022,6
6/14/2022,35 Â°C / 27 Â°C,24 Â°C / 22 Â°C,65 %,,13 km/h,-,992.5 hPa,0 mm,,2022,6
6/13/2022,34 Â°C / 26 Â°C,23 Â°C / 22 Â°C,66 %,,17 km/h,-,993.29 hPa,0 mm,,2022,6
6/12/2022,33 Â°C / 24 Â°C,24 Â°C / 22 Â°C,73 %,,6 km/h,-,993.64 hPa,0 mm,,2022,6
6/11/2022,35 Â°C / 25 Â°C,24 Â°C / 22 Â°C,73 %,,7 km/h,-,992.95 hPa,0 mm,,2022,6
6/10/2022,33 Â°C / 26 Â°C,25 Â°C / 22 Â°C,74 %,,11 km/h,-,992.48 hPa,0.6 mm,,2022,6
6/9/2022,33 Â°C / 25 Â°C,25 Â°C / 23 Â°C,79 %,,6 km/h,-,992.19 hPa,0 mm,,2022,6
6/8/2022,31 Â°C / 26 Â°C,26 Â°C / 22 Â°C,79 %,,4 km/h,-,992.4 hPa,3 mm,,2022,6
6/7/2022,33 Â°C / 25 Â°C,23 Â°C / 22 Â°C,70 %,,15 km/h,-,992.06 hPa,0 mm,,2022,6
6/6/2022,33 Â°C / 27 Â°C,23 Â°C / 21 Â°C,66 %,,9 km/h,-,991.83 hPa,0 mm,,2022,6
6/5/2022,32 Â°C / 24 Â°C,26 Â°C / 22 Â°C,80 %,,7 km/h,-,992.62 hPa,0 mm,,2022,6
6/4/2022,34 Â°C / 25 Â°C,26 Â°C / 23 Â°C,80 %,,7 km/h,-,992.9 hPa,0 mm,,2022,6
6/3/2022,35 Â°C / 26 Â°C,24 Â°C / 23 Â°C,73 %,,6 km/h,-,991.9 hPa,0.4 mm,,2022,6
6/2/2022,36 Â°C / 27 Â°C,23 Â°C / 22 Â°C,63 %,,11 km/h,-,991.33 hPa,0 mm,,2022,6
6/1/2022,36 Â°C / 26 Â°C,25 Â°C / 22 Â°C,65 %,,15 km/h,-,991.1 hPa,0 mm,,2022,6
7/31/2022,33 Â°C / 27 Â°C,25 Â°C / 22 Â°C,72 %,,9 km/h,-,990.63 hPa,0 mm,,2022,7
7/30/2022,36 Â°C / 28 Â°C,24 Â°C / 22 Â°C,64 %,,11 km/h,-,991.09 hPa,0 mm,,2022,7
7/29/2022,36 Â°C / 26 Â°C,25 Â°C / 24 Â°C,70 %,,7 km/h,-,991.65 hPa,0 mm,,2022,7
7/28/2022,36 Â°C / 27 Â°C,26 Â°C / 24 Â°C,70 %,,4 km/h,-,992.7 hPa,0 mm,,2022,7
7/27/2022,36 Â°C / 27 Â°C,27 Â°C / 24 Â°C,72 %,,7 km/h,-,992.5 hPa,0 mm,,2022,7
7/26/2022,36 Â°C / 24 Â°C,25 Â°C / 23 Â°C,74 %,,6 km/h,-,993.44 hPa,0 mm,,2022,7
7/25/2022,34 Â°C / 24 Â°C,27 Â°C / 23 Â°C,85 %,,19 km/h,-,993.89 hPa,0.6 mm,,2022,7
7/24/2022,32 Â°C / 25 Â°C,26 Â°C / 24 Â°C,85 %,,6 km/h,-,993.65 hPa,0 mm,,2022,7
7/23/2022,32 Â°C / 24 Â°C,26 Â°C / 21 Â°C,84 %,,7 km/h,-,994.41 hPa,0 mm,,2022,7
7/22/2022,31 Â°C / 24 Â°C,25 Â°C / 23 Â°C,88 %,,9 km/h,-,993.81 hPa,0 mm,,2022,7
7/21/2022,32 Â°C / 25 Â°C,28 Â°C / 23 Â°C,86 %,,4 km/h,-,991.43 hPa,8 mm,,2022,7
7/20/2022,34 Â°C / 26 Â°C,24 Â°C / 22 Â°C,70 %,,15 km/h,-,990.41 hPa,0 mm,,2022,7
7/19/2022,34 Â°C / 28 Â°C,24 Â°C / 22 Â°C,64 %,,19 km/h,-,990.18 hPa,0 mm,,2022,7
7/18/2022,35 Â°C / 28 Â°C,23 Â°C / 21 Â°C,61 %,,17 km/h,-,991.45 hPa,0 mm,,2022,7
7/17/2022,36 Â°C / 27 Â°C,23 Â°C / 22 Â°C,62 %,,15 km/h,-,992.48 hPa,0 mm,,2022,7
7/16/2022,34 Â°C / 27 Â°C,24 Â°C / 22 Â°C,66 %,,7 km/h,-,991.18 hPa,0 mm,,2022,7
7/15/2022,34 Â°C / 26 Â°C,24 Â°C / 22 Â°C,68 %,,11 km/h,-,990.39 hPa,0 mm,,2022,7
7/14/2022,33 Â°C / 20 Â°C,25 Â°C / 18 Â°C,80 %,,11 km/h,-,988.91 hPa,0 mm,,2022,7
7/13/2022,31 Â°C / 25 Â°C,24 Â°C / 21 Â°C,76 %,,26 km/h,-,989.36 hPa,0.8 mm,,2022,7
7/12/2022,31 Â°C / 27 Â°C,23 Â°C / 21 Â°C,68 %,,11 km/h,-,990.12 hPa,0.5 mm,,2022,7
7/11/2022,31 Â°C / 26 Â°C,23 Â°C / 21 Â°C,68 %,,13 km/h,-,991.09 hPa,0 mm,,2022,7
7/10/2022,32 Â°C / 26 Â°C,24 Â°C / 21 Â°C,69 %,,17 km/h,-,990.84 hPa,0 mm,,2022,7
7/9/2022,34 Â°C / 26 Â°C,24 Â°C / 22 Â°C,74 %,,9 km/h,-,989.96 hPa,1 mm,,2022,7
7/8/2022,34 Â°C / 28 Â°C,24 Â°C / 22 Â°C,66 %,,11 km/h,-,990.95 hPa,0 mm,,2022,7
7/7/2022,34 Â°C / 28 Â°C,23 Â°C / 22 Â°C,63 %,,15 km/h,-,991.63 hPa,0 mm,,2022,7
7/6/2022,35 Â°C / 28 Â°C,23 Â°C / 22 Â°C,61 %,,15 km/h,-,991.63 hPa,0 mm,,2022,7
7/5/2022,34 Â°C / 27 Â°C,24 Â°C / 22 Â°C,66 %,,15 km/h,-,989.96 hPa,0 mm,,2022,7
7/4/2022,34 Â°C / 27 Â°C,24 Â°C / 22 Â°C,67 %,,11 km/h,-,989.04 hPa,0.2 mm,,2022,7
7/3/2022,32 Â°C / 27 Â°C,23 Â°C / 22 Â°C,66 %,,9 km/h,-,989.35 hPa,0 mm,,2022,7
7/2/2022,30 Â°C / 26 Â°C,23 Â°C / 21 Â°C,70 %,,24 km/h,-,988.31 hPa,0.2 mm,,2022,7
7/1/2022,32 Â°C / 26 Â°C,22 Â°C / 21 Â°C,67 %,,15 km/h,-,988.44 hPa,0.2 mm,,2022,7
8/31/2022,34 Â°C / 26 Â°C,26 Â°C / 24 Â°C,84 %,,4 km/h,-,993.25 hPa,1 mm,,2022,8
8/30/2022,33 Â°C / 25 Â°C,26 Â°C / 24 Â°C,86 %,,0 km/h,-,995 hPa,0 mm,,2022,8
8/29/2022,33 Â°C / 25 Â°C,27 Â°C / 24 Â°C,85 %,,6 km/h,-,994.68 hPa,0 mm,,2022,8
8/28/2022,33 Â°C / 24 Â°C,26 Â°C / 23 Â°C,83 %,,6 km/h,-,993.93 hPa,0 mm,,2022,8
8/27/2022,32 Â°C / 24 Â°C,24 Â°C / 23 Â°C,80 %,,7 km/h,-,993.59 hPa,0 mm,,2022,8
8/26/2022,29 Â°C / 26 Â°C,25 Â°C / 23 Â°C,78 %,,9 km/h,-,990.46 hPa,0 mm,,2022,8
8/25/2022,32 Â°C / 23 Â°C,25 Â°C / 22 Â°C,76 %,,13 km/h,-,989.91 hPa,0 mm,,2022,8
8/24/2022,36 Â°C / 27 Â°C,26 Â°C / 22 Â°C,66 %,,13 km/h,-,991.74 hPa,0 mm,,2022,8
8/23/2022,34 Â°C / 24 Â°C,26 Â°C / 23 Â°C,77 %,,9 km/h,-,992.74 hPa,0 mm,,2022,8
8/22/2022,31 Â°C / 25 Â°C,26 Â°C / 23 Â°C,84 %,,6 km/h,-,990.76 hPa,0 mm,,2022,8
8/21/2022,32 Â°C / 27 Â°C,23 Â°C / 22 Â°C,69 %,,19 km/h,-,989.04 hPa,0 mm,,2022,8
8/20/2022,32 Â°C / 27 Â°C,23 Â°C / 22 Â°C,68 %,,19 km/h,-,990.83 hPa,0 mm,,2022,8
8/19/2022,32 Â°C / 25 Â°C,24 Â°C / 22 Â°C,75 %,,15 km/h,-,992.14 hPa,0 mm,,2022,8
8/18/2022,30 Â°C / 24 Â°C,24 Â°C / 22 Â°C,84 %,,6 km/h,-,992.11 hPa,0.4 mm,,2022,8
8/17/2022,31 Â°C / 24 Â°C,26 Â°C / 23 Â°C,90 %,,7 km/h,-,990.95 hPa,0 mm,,2022,8
8/16/2022,31 Â°C / 25 Â°C,25 Â°C / 23 Â°C,83 %,,9 km/h,-,990.19 hPa,0.3 mm,,2022,8
8/15/2022,33 Â°C / 28 Â°C,24 Â°C / 22 Â°C,67 %,,17 km/h,-,992.58 hPa,0 mm,,2022,8
8/14/2022,36 Â°C / 26 Â°C,24 Â°C / 22 Â°C,69 %,,13 km/h,-,993.9 hPa,0 mm,,2022,8
8/13/2022,32 Â°C / 24 Â°C,26 Â°C / 23 Â°C,82 %,,6 km/h,-,993.18 hPa,0 mm,,2022,8
8/12/2022,27 Â°C / 23 Â°C,24 Â°C / 21 Â°C,89 %,,15 km/h,-,991.39 hPa,0 mm,,2022,8
8/11/2022,32 Â°C / 26 Â°C,23 Â°C / 21 Â°C,67 %,,19 km/h,-,989.4 hPa,0 mm,,2022,8
8/10/2022,34 Â°C / 24 Â°C,23 Â°C / 22 Â°C,70 %,,15 km/h,-,989.71 hPa,0 mm,,2022,8
8/9/2022,32 Â°C / 23 Â°C,24 Â°C / 22 Â°C,79 %,,17 km/h,-,991.56 hPa,0.2 mm,,2022,8
8/8/2022,27 Â°C / 24 Â°C,25 Â°C / 23 Â°C,92 %,,4 km/h,-,991.95 hPa,22 mm,,2022,8
8/7/2022,30 Â°C / 25 Â°C,26 Â°C / 24 Â°C,88 %,,7 km/h,-,990.34 hPa,0 mm,,2022,8
8/6/2022,33 Â°C / 26 Â°C,25 Â°C / 22 Â°C,72 %,,11 km/h,-,990.51 hPa,0 mm,,2022,8
8/5/2022,32 Â°C / 25 Â°C,24 Â°C / 22 Â°C,72 %,,15 km/h,-,991.7 hPa,0 mm,,2022,8
8/4/2022,31 Â°C / 25 Â°C,26 Â°C / 22 Â°C,83 %,,9 km/h,-,993.03 hPa,1.8 mm,,2022,8
8/3/2022,32 Â°C / 25 Â°C,25 Â°C / 23 Â°C,80 %,,7 km/h,-,992.98 hPa,0 mm,,2022,8
8/2/2022,31 Â°C / 24 Â°C,25 Â°C / 23 Â°C,84 %,,6 km/h,-,991.18 hPa,0 mm,,2022,8
8/1/2022,32 Â°C / 25 Â°C,26 Â°C / 23 Â°C,83 %,,7 km/h,-,990.4 hPa,4.4 mm,,2022,8
9/30/2022,28 Â°C / 25 Â°C,24 Â°C / 22 Â°C,91 %,,4 km/h,-,990.11 hPa,10 mm,,2022,9
9/29/2022,30 Â°C / 24 Â°C,28 Â°C / 23 Â°C,86 %,,11 km/h,-,988.38 hPa,8.4 mm,,2022,9
9/28/2022,34 Â°C / 24 Â°C,25 Â°C / 22 Â°C,82 %,,9 km/h,-,990.19 hPa,2 mm,,2022,9
9/27/2022,31 Â°C / 23 Â°C,24 Â°C / 23 Â°C,86 %,,7 km/h,-,993.05 hPa,0 mm,,2022,9
9/26/2022,28 Â°C / 23 Â°C,25 Â°C / 23 Â°C,93 %,,6 km/h,-,994.18 hPa,0.5 mm,,2022,9
9/25/2022,29 Â°C / 24 Â°C,25 Â°C / 23 Â°C,90 %,,7 km/h,-,993.49 hPa,0 mm,,2022,9
9/24/2022,32 Â°C / 24 Â°C,26 Â°C / 23 Â°C,83 %,,6 km/h,-,993.19 hPa,0 mm,,2022,9
9/23/2022,31 Â°C / 24 Â°C,25 Â°C / 23 Â°C,82 %,,0 km/h,-,993.79 hPa,0 mm,,2022,9
9/22/2022,33 Â°C / 26 Â°C,26 Â°C / 22 Â°C,79 %,,4 km/h,-,992.94 hPa,0.4 mm,,2022,9
9/21/2022,33 Â°C / 26 Â°C,25 Â°C / 21 Â°C,70 %,,17 km/h,-,992.9 hPa,0 mm,,2022,9
9/20/2022,32 Â°C / 26 Â°C,23 Â°C / 21 Â°C,68 %,,19 km/h,-,993.58 hPa,0 mm,,2022,9
9/19/2022,32 Â°C / 25 Â°C,23 Â°C / 21 Â°C,71 %,,17 km/h,-,994.43 hPa,0 mm,,2022,9
9/18/2022,28 Â°C / 25 Â°C,25 Â°C / 22 Â°C,90 %,,7 km/h,-,993.36 hPa,0 mm,,2022,9
9/17/2022,30 Â°C / 24 Â°C,25 Â°C / 22 Â°C,82 %,,13 km/h,-,992.16 hPa,6 mm,,2022,9
9/16/2022,33 Â°C / 27 Â°C,23 Â°C / 22 Â°C,69 %,,15 km/h,-,991.81 hPa,0 mm,,2022,9
9/15/2022,33 Â°C / 26 Â°C,23 Â°C / 22 Â°C,68 %,,15 km/h,-,993.74 hPa,3 mm,,2022,9
9/14/2022,33 Â°C / 25 Â°C,24 Â°C / 22 Â°C,77 %,,17 km/h,-,994.45 hPa,0 mm,,2022,9
9/13/2022,33 Â°C / 25 Â°C,26 Â°C / 24 Â°C,81 %,,9 km/h,-,994.86 hPa,1 mm,,2022,9
9/12/2022,31 Â°C / 25 Â°C,24 Â°C / 23 Â°C,82 %,,6 km/h,-,994.51 hPa,0 mm,,2022,9
9/11/2022,28 Â°C / 24 Â°C,24 Â°C / 23 Â°C,88 %,,7 km/h,-,995.2 hPa,0.4 mm,,2022,9
9/10/2022,29 Â°C / 25 Â°C,26 Â°C / 24 Â°C,90 %,,6 km/h,-,995.66 hPa,0 mm,,2022,9
9/9/2022,29 Â°C / 24 Â°C,26 Â°C / 23 Â°C,92 %,,6 km/h,-,995.66 hPa,0 mm,,2022,9
9/8/2022,32 Â°C / 24 Â°C,26 Â°C / 24 Â°C,91 %,,6 km/h,-,995.08 hPa,1 mm,,2022,9
9/7/2022,30 Â°C / 25 Â°C,26 Â°C / 24 Â°C,90 %,,6 km/h,-,994.84 hPa,2 mm,,2022,9
9/6/2022,31 Â°C / 25 Â°C,26 Â°C / 24 Â°C,88 %,,7 km/h,-,993.65 hPa,0.1 mm,,2022,9
9/5/2022,34 Â°C / 26 Â°C,25 Â°C / 22 Â°C,76 %,,11 km/h,-,993.15 hPa,0 mm,,2022,9
9/4/2022,34 Â°C / 26 Â°C,25 Â°C / 24 Â°C,77 %,,13 km/h,-,992.53 hPa,0 mm,,2022,9
9/3/2022,34 Â°C / 26 Â°C,26 Â°C / 23 Â°C,76 %,,7 km/h,-,992.18 hPa,0 mm,,2022,9
9/2/2022,34 Â°C / 26 Â°C,27 Â°C / 24 Â°C,79 %,,4 km/h,-,993.74 hPa,0 mm,,2022,9
9/1/2022,32 Â°C / 25 Â°C,27 Â°C / 24 Â°C,85 %,,7 km/h,-,993.91 hPa,0 mm,,2022,9
10/31/2022,32 Â°C / 22 Â°C,23 Â°C / 21 Â°C,80 %,,6 km/h,-,996.96 hPa,0 mm,,2022,10
10/30/2022,31 Â°C / 21 Â°C,23 Â°C / 20 Â°C,78 %,,7 km/h,-,996.85 hPa,0 mm,,2022,10
10/29/2022,30 Â°C / 23 Â°C,23 Â°C / 22 Â°C,82 %,,6 km/h,-,997.1 hPa,0 mm,,2022,10
10/28/2022,29 Â°C / 24 Â°C,25 Â°C / 23 Â°C,88 %,,4 km/h,-,996.28 hPa,1 mm,,2022,10
10/27/2022,29 Â°C / 25 Â°C,24 Â°C / 23 Â°C,90 %,,7 km/h,-,996.83 hPa,0 mm,,2022,10
10/26/2022,33 Â°C / 24 Â°C,25 Â°C / 22 Â°C,78 %,,7 km/h,-,996.99 hPa,0 mm,,2022,10
10/25/2022,33 Â°C / 24 Â°C,24 Â°C / 23 Â°C,77 %,,6 km/h,-,997.45 hPa,0 mm,,2022,10
10/24/2022,32 Â°C / 22 Â°C,24 Â°C / 21 Â°C,78 %,,4 km/h,-,997.2 hPa,0 mm,,2022,10
10/23/2022,31 Â°C / 24 Â°C,24 Â°C / 20 Â°C,77 %,,7 km/h,-,998.84 hPa,0 mm,,2022,10
10/22/2022,31 Â°C / 25 Â°C,24 Â°C / 22 Â°C,78 %,,7 km/h,-,999.09 hPa,0 mm,,2022,10
10/21/2022,31 Â°C / 22 Â°C,23 Â°C / 21 Â°C,77 %,,7 km/h,-,998.53 hPa,0 mm,,2022,10
10/20/2022,31 Â°C / 21 Â°C,22 Â°C / 19 Â°C,77 %,,7 km/h,-,997.28 hPa,0 mm,,2022,10
10/19/2022,31 Â°C / 21 Â°C,22 Â°C / 19 Â°C,78 %,,7 km/h,-,996.61 hPa,0 mm,,2022,10
10/18/2022,31 Â°C / 22 Â°C,23 Â°C / 21 Â°C,81 %,,7 km/h,-,996.81 hPa,0 mm,,2022,10
10/17/2022,32 Â°C / 23 Â°C,22 Â°C / 21 Â°C,77 %,,6 km/h,-,997.59 hPa,0 mm,,2022,10
10/16/2022,27 Â°C / 22 Â°C,23 Â°C / 21 Â°C,86 %,,4 km/h,-,997.9 hPa,0 mm,,2022,10
10/15/2022,29 Â°C / 24 Â°C,24 Â°C / 18 Â°C,83 %,,9 km/h,-,994.95 hPa,0 mm,,2022,10
10/14/2022,30 Â°C / 24 Â°C,25 Â°C / 23 Â°C,88 %,,9 km/h,-,995.16 hPa,0 mm,,2022,10
10/13/2022,33 Â°C / 23 Â°C,25 Â°C / 22 Â°C,80 %,,6 km/h,-,996.54 hPa,0 mm,,2022,10
10/12/2022,31 Â°C / 23 Â°C,24 Â°C / 22 Â°C,82 %,,6 km/h,-,998.04 hPa,0 mm,,2022,10
10/11/2022,31 Â°C / 23 Â°C,23 Â°C / 22 Â°C,82 %,,7 km/h,-,999.15 hPa,0 mm,,2022,10
10/10/2022,31 Â°C / 22 Â°C,26 Â°C / 21 Â°C,88 %,,13 km/h,-,998.96 hPa,5.2 mm,,2022,10
10/9/2022,33 Â°C / 24 Â°C,25 Â°C / 23 Â°C,79 %,,4 km/h,-,997.75 hPa,0 mm,,2022,10
10/8/2022,32 Â°C / 23 Â°C,24 Â°C / 23 Â°C,82 %,,6 km/h,-,997.59 hPa,0 mm,,2022,10
10/7/2022,31 Â°C / 25 Â°C,25 Â°C / 24 Â°C,87 %,,4 km/h,-,996.78 hPa,2 mm,,2022,10
10/6/2022,33 Â°C / 24 Â°C,26 Â°C / 23 Â°C,81 %,,7 km/h,-,996.83 hPa,0 mm,,2022,10
10/5/2022,33 Â°C / 25 Â°C,27 Â°C / 23 Â°C,81 %,,9 km/h,-,997 hPa,0 mm,,2022,10
10/4/2022,31 Â°C / 24 Â°C,24 Â°C / 23 Â°C,84 %,,7 km/h,-,996.51 hPa,0 mm,,2022,10
10/3/2022,27 Â°C / 24 Â°C,24 Â°C / 23 Â°C,93 %,,4 km/h,-,994.99 hPa,7 mm,,2022,10
10/2/2022,28 Â°C / 25 Â°C,25 Â°C / 24 Â°C,91 %,,0 km/h,-,993.38 hPa,0.2 mm,,2022,10
10/1/2022,30 Â°C / 25 Â°C,26 Â°C / 24 Â°C,91 %,,7 km/h,-,991.66 hPa,0.2 mm,,2022,10
11/30/2022,33 Â°C / 24 Â°C,26 Â°C / 23 Â°C,86 %,,4 km/h,-,996.64 hPa,0 mm,,2022,11
11/29/2022,33 Â°C / 24 Â°C,26 Â°C / 22 Â°C,83 %,,6 km/h,-,996.2 hPa,0 mm,,2022,11
11/28/2022,32 Â°C / 24 Â°C,25 Â°C / 23 Â°C,84 %,,6 km/h,-,995.6 hPa,0 mm,,2022,11
11/27/2022,31 Â°C / 25 Â°C,24 Â°C / 23 Â°C,87 %,,6 km/h,-,995.12 hPa,0 mm,,2022,11
11/26/2022,30 Â°C / 23 Â°C,26 Â°C / 22 Â°C,89 %,,6 km/h,-,996.43 hPa,1 mm,,2022,11
11/25/2022,28 Â°C / 23 Â°C,24 Â°C / 22 Â°C,93 %,,6 km/h,-,997.2 hPa,0 mm,,2022,11
11/24/2022,29 Â°C / 24 Â°C,24 Â°C / 22 Â°C,87 %,,6 km/h,-,995.53 hPa,0 mm,,2022,11
11/23/2022,32 Â°C / 23 Â°C,24 Â°C / 21 Â°C,79 %,,9 km/h,-,994.65 hPa,0 mm,,2022,11
11/22/2022,32 Â°C / 23 Â°C,24 Â°C / 22 Â°C,80 %,,6 km/h,-,993.91 hPa,0 mm,,2022,11
11/21/2022,34 Â°C / 24 Â°C,24 Â°C / 23 Â°C,78 %,,6 km/h,-,993.89 hPa,0 mm,,2022,11
11/20/2022,34 Â°C / 24 Â°C,24 Â°C / 22 Â°C,77 %,,6 km/h,-,994.84 hPa,0 mm,,2022,11
11/19/2022,32 Â°C / 24 Â°C,24 Â°C / 23 Â°C,83 %,,6 km/h,-,996.3 hPa,0 mm,,2022,11
11/18/2022,30 Â°C / 24 Â°C,25 Â°C / 23 Â°C,86 %,,6 km/h,-,996.55 hPa,0 mm,,2022,11
11/17/2022,33 Â°C / 24 Â°C,24 Â°C / 23 Â°C,80 %,,6 km/h,-,994.96 hPa,0 mm,,2022,11
11/16/2022,32 Â°C / 23 Â°C,24 Â°C / 22 Â°C,83 %,,4 km/h,-,995.59 hPa,0 mm,,2022,11
11/15/2022,32 Â°C / 24 Â°C,25 Â°C / 22 Â°C,82 %,,9 km/h,-,996.85 hPa,0 mm,,2022,11
11/14/2022,29 Â°C / 23 Â°C,24 Â°C / 22 Â°C,82 %,,4 km/h,-,997.28 hPa,0 mm,,2022,11
11/13/2022,33 Â°C / 21 Â°C,23 Â°C / 19 Â°C,76 %,,6 km/h,-,996.79 hPa,0 mm,,2022,11
11/12/2022,33 Â°C / 20 Â°C,23 Â°C / 19 Â°C,76 %,,7 km/h,-,997.58 hPa,0 mm,,2022,11
11/11/2022,32 Â°C / 19 Â°C,22 Â°C / 17 Â°C,75 %,,4 km/h,-,998.61 hPa,0 mm,,2022,11
11/10/2022,32 Â°C / 19 Â°C,22 Â°C / 17 Â°C,75 %,,9 km/h,-,999.14 hPa,0 mm,,2022,11
11/9/2022,32 Â°C / 19 Â°C,21 Â°C / 18 Â°C,75 %,,6 km/h,-,999.29 hPa,0 mm,,2022,11
11/8/2022,32 Â°C / 20 Â°C,22 Â°C / 19 Â°C,77 %,,4 km/h,-,999.11 hPa,0 mm,,2022,11
11/7/2022,32 Â°C / 20 Â°C,22 Â°C / 19 Â°C,77 %,,6 km/h,-,999.31 hPa,0 mm,,2022,11
11/6/2022,32 Â°C / 20 Â°C,22 Â°C / 19 Â°C,76 %,,6 km/h,-,1000.31 hPa,0 mm,,2022,11
11/5/2022,32 Â°C / 21 Â°C,21 Â°C / 18 Â°C,74 %,,7 km/h,-,1000.59 hPa,0 mm,,2022,11
11/4/2022,31 Â°C / 21 Â°C,22 Â°C / 19 Â°C,77 %,,6 km/h,-,998.69 hPa,0 mm,,2022,11
11/3/2022,32 Â°C / 20 Â°C,22 Â°C / 19 Â°C,79 %,,6 km/h,-,996.68 hPa,0 mm,,2022,11
11/2/2022,32 Â°C / 21 Â°C,22 Â°C / 21 Â°C,78 %,,6 km/h,-,996.19 hPa,0 mm,,2022,11
11/1/2022,31 Â°C / 22 Â°C,24 Â°C / 21 Â°C,81 %,,4 km/h,-,997.18 hPa,0 mm,,2022,11
12/31/2022,28 Â°C / 17 Â°C,19 Â°C / 16 Â°C,78 %,,6 km/h,-,1002.8 hPa,0 mm,,2022,12
12/30/2022,29 Â°C / 17 Â°C,18 Â°C / 16 Â°C,76 %,,7 km/h,-,1003 hPa,0 mm,,2022,12
12/29/2022,29 Â°C / 17 Â°C,19 Â°C / 16 Â°C,75 %,,7 km/h,-,1001.95 hPa,0 mm,,2022,12
12/28/2022,29 Â°C / 17 Â°C,19 Â°C / 16 Â°C,75 %,,6 km/h,-,1001.11 hPa,0 mm,,2022,12
12/27/2022,29 Â°C / 16 Â°C,18 Â°C / 16 Â°C,75 %,,6 km/h,-,1001.29 hPa,0 mm,,2022,12
12/26/2022,28 Â°C / 16 Â°C,19 Â°C / 16 Â°C,79 %,,4 km/h,-,1002.04 hPa,0 mm,,2022,12
12/25/2022,27 Â°C / 17 Â°C,18 Â°C / 15 Â°C,75 %,,9 km/h,-,1001.19 hPa,0 mm,,2022,12
12/24/2022,29 Â°C / 19 Â°C,20 Â°C / 17 Â°C,75 %,,6 km/h,-,999.05 hPa,0 mm,,2022,12
12/23/2022,30 Â°C / 19 Â°C,21 Â°C / 18 Â°C,78 %,,4 km/h,-,996.86 hPa,0 mm,,2022,12
12/22/2022,30 Â°C / 17 Â°C,21 Â°C / 16 Â°C,77 %,,6 km/h,-,996.75 hPa,0 mm,,2022,12
12/21/2022,29 Â°C / 16 Â°C,19 Â°C / 16 Â°C,77 %,,6 km/h,-,997.66 hPa,0 mm,,2022,12
12/20/2022,28 Â°C / 15 Â°C,19 Â°C / 14 Â°C,78 %,,6 km/h,-,998.1 hPa,0 mm,,2022,12
12/19/2022,26 Â°C / 19 Â°C,17 Â°C / 13 Â°C,67 %,,11 km/h,-,1000.28 hPa,0 mm,,2022,12
12/18/2022,26 Â°C / 22 Â°C,19 Â°C / 14 Â°C,66 %,,11 km/h,-,1001.15 hPa,0 mm,,2022,12
12/17/2022,29 Â°C / 18 Â°C,21 Â°C / 17 Â°C,75 %,,4 km/h,-,998.74 hPa,0 mm,,2022,12
12/16/2022,28 Â°C / 16 Â°C,20 Â°C / 16 Â°C,79 %,,7 km/h,-,997.29 hPa,0 mm,,2022,12
12/15/2022,28 Â°C / 17 Â°C,19 Â°C / 15 Â°C,76 %,,6 km/h,-,998.33 hPa,0 mm,,2022,12
12/14/2022,28 Â°C / 18 Â°C,19 Â°C / 17 Â°C,81 %,,6 km/h,-,999.85 hPa,0 mm,,2022,12
12/13/2022,27 Â°C / 20 Â°C,21 Â°C / 19 Â°C,82 %,,6 km/h,-,999.05 hPa,0 mm,,2022,12
12/12/2022,31 Â°C / 22 Â°C,22 Â°C / 21 Â°C,80 %,,6 km/h,-,997.24 hPa,0 mm,,2022,12
12/11/2022,32 Â°C / 22 Â°C,23 Â°C / 22 Â°C,80 %,,6 km/h,-,996.35 hPa,0 mm,,2022,12
12/10/2022,32 Â°C / 22 Â°C,24 Â°C / 21 Â°C,80 %,,4 km/h,-,996.11 hPa,0 mm,,2022,12
12/9/2022,32 Â°C / 22 Â°C,24 Â°C / 21 Â°C,81 %,,6 km/h,-,996.79 hPa,0 mm,,2022,12
12/8/2022,31 Â°C / 23 Â°C,24 Â°C / 22 Â°C,82 %,,4 km/h,-,997.33 hPa,0 mm,,2022,12
12/7/2022,31 Â°C / 22 Â°C,23 Â°C / 21 Â°C,84 %,,4 km/h,-,997.24 hPa,0 mm,,2022,12
12/6/2022,30 Â°C / 23 Â°C,23 Â°C / 22 Â°C,82 %,,6 km/h,-,997.21 hPa,0 mm,,2022,12
12/5/2022,31 Â°C / 23 Â°C,24 Â°C / 22 Â°C,84 %,,4 km/h,-,997.75 hPa,0 mm,,2022,12
12/4/2022,32 Â°C / 22 Â°C,24 Â°C / 21 Â°C,81 %,,4 km/h,-,997.18 hPa,0 mm,,2022,12
12/3/2022,31 Â°C / 23 Â°C,23 Â°C / 22 Â°C,82 %,,6 km/h,-,996.86 hPa,0 mm,,2022,12
12/2/2022,31 Â°C / 22 Â°C,24 Â°C / 22 Â°C,83 %,,4 km/h,-,996.83 hPa,0 mm,,2022,12
12/1/2022,29 Â°C / 22 Â°C,24 Â°C / 21 Â°C,90 %,,9 km/h,-,997.14 hPa,0 mm,,2022,12
1/31/2023,31 Â°C / 13 Â°C,16 Â°C / 12 Â°C,68 %,,4 km/h,-,998.11 hPa,0 mm,,2023,1
1/30/2023,28 Â°C / 14 Â°C,16 Â°C / 10 Â°C,66 %,,7 km/h,-,1001.98 hPa,0 mm,,2023,1
1/29/2023,28 Â°C / 16 Â°C,16 Â°C / 12 Â°C,67 %,,9 km/h,-,1000.99 hPa,0 mm,,2023,1
1/28/2023,29 Â°C / 18 Â°C,17 Â°C / 16 Â°C,69 %,,7 km/h,-,999.12 hPa,0 mm,,2023,1
1/27/2023,31 Â°C / 15 Â°C,18 Â°C / 14 Â°C,71 %,,6 km/h,-,998.09 hPa,0 mm,,2023,1
1/26/2023,31 Â°C / 15 Â°C,18 Â°C / 14 Â°C,71 %,,6 km/h,-,998.14 hPa,0 mm,,2023,1
1/25/2023,29 Â°C / 17 Â°C,17 Â°C / 14 Â°C,69 %,,6 km/h,-,999.19 hPa,0 mm,,2023,1
1/24/2023,32 Â°C / 15 Â°C,18 Â°C / 13 Â°C,67 %,,11 km/h,-,998.23 hPa,0 mm,,2023,1
1/23/2023,33 Â°C / 15 Â°C,17 Â°C / 13 Â°C,67 %,,6 km/h,-,996.71 hPa,0 mm,,2023,1
1/22/2023,33 Â°C / 15 Â°C,18 Â°C / 14 Â°C,71 %,,4 km/h,-,997.83 hPa,0 mm,,2023,1
1/21/2023,31 Â°C / 17 Â°C,18 Â°C / 13 Â°C,69 %,,4 km/h,-,999.09 hPa,0 mm,,2023,1
1/20/2023,31 Â°C / 16 Â°C,18 Â°C / 16 Â°C,75 %,,6 km/h,-,999.99 hPa,0 mm,,2023,1
1/19/2023,30 Â°C / 17 Â°C,18 Â°C / 15 Â°C,70 %,,6 km/h,-,1000.4 hPa,0 mm,,2023,1
1/18/2023,31 Â°C / 21 Â°C,20 Â°C / 17 Â°C,71 %,,6 km/h,-,1000.46 hPa,0 mm,,2023,1
1/17/2023,31 Â°C / 17 Â°C,21 Â°C / 15 Â°C,72 %,,6 km/h,-,998.4 hPa,0 mm,,2023,1
1/16/2023,32 Â°C / 15 Â°C,18 Â°C / 14 Â°C,67 %,,4 km/h,-,996.74 hPa,0 mm,,2023,1
1/15/2023,33 Â°C / 16 Â°C,17 Â°C / 11 Â°C,60 %,,6 km/h,-,995.31 hPa,0 mm,,2023,1
1/14/2023,32 Â°C / 16 Â°C,17 Â°C / 13 Â°C,60 %,,11 km/h,-,995.69 hPa,0 mm,,2023,1
1/13/2023,33 Â°C / 17 Â°C,19 Â°C / 16 Â°C,67 %,,17 km/h,-,996.99 hPa,0 mm,,2023,1
1/12/2023,31 Â°C / 21 Â°C,22 Â°C / 19 Â°C,78 %,,6 km/h,-,996.36 hPa,0 mm,,2023,1
1/11/2023,31 Â°C / 20 Â°C,22 Â°C / 19 Â°C,76 %,,6 km/h,-,996.9 hPa,0 mm,,2023,1
1/10/2023,32 Â°C / 22 Â°C,21 Â°C / 17 Â°C,69 %,,7 km/h,-,998.24 hPa,0 mm,,2023,1
1/9/2023,28 Â°C / 21 Â°C,20 Â°C / 14 Â°C,68 %,,9 km/h,-,1000.55 hPa,0 mm,,2023,1
1/8/2023,28 Â°C / 18 Â°C,18 Â°C / 14 Â°C,65 %,,6 km/h,-,1000.53 hPa,0 mm,,2023,1
1/7/2023,29 Â°C / 20 Â°C,17 Â°C / 12 Â°C,57 %,,15 km/h,-,1001.26 hPa,0 mm,,2023,1
1/6/2023,29 Â°C / 17 Â°C,19 Â°C / 16 Â°C,74 %,,11 km/h,-,1002.33 hPa,0 mm,,2023,1
1/5/2023,30 Â°C / 19 Â°C,20 Â°C / 18 Â°C,78 %,,6 km/h,-,1001.5 hPa,0 mm,,2023,1
1/4/2023,29 Â°C / 18 Â°C,21 Â°C / 17 Â°C,80 %,,6 km/h,-,1001.74 hPa,0 mm,,2023,1
1/3/2023,28 Â°C / 18 Â°C,19 Â°C / 16 Â°C,76 %,,9 km/h,-,1002.59 hPa,0 mm,,2023,1
1/2/2023,28 Â°C / 15 Â°C,19 Â°C / 14 Â°C,76 %,,6 km/h,-,1003.13 hPa,0 mm,,2023,1
1/1/2023,28 Â°C / 17 Â°C,18 Â°C / 15 Â°C,77 %,,6 km/h,-,1002.49 hPa,0 mm,,2023,1
2/28/2023,33 Â°C / 15 Â°C,16 Â°C / 10 Â°C,58 %,,6 km/h,-,1002.55 hPa,0 mm,,2023,2
2/27/2023,31 Â°C / 16 Â°C,15 Â°C / 12 Â°C,58 %,,7 km/h,-,1004.2 hPa,0 mm,,2023,2
2/26/2023,31 Â°C / 22 Â°C,17 Â°C / 13 Â°C,54 %,,11 km/h,-,1004.43 hPa,0 mm,,2023,2
2/25/2023,32 Â°C / 22 Â°C,18 Â°C / 15 Â°C,57 %,,24 km/h,-,1001.05 hPa,0 mm,,2023,2
2/24/2023,36 Â°C / 21 Â°C,19 Â°C / 16 Â°C,58 %,,4 km/h,-,997.41 hPa,0 mm,,2023,2
2/23/2023,36 Â°C / 19 Â°C,20 Â°C / 17 Â°C,63 %,,4 km/h,-,997.7 hPa,0 mm,,2023,2
2/22/2023,33 Â°C / 19 Â°C,19 Â°C / 17 Â°C,63 %,,6 km/h,-,998.94 hPa,0 mm,,2023,2
2/21/2023,33 Â°C / 21 Â°C,19 Â°C / 17 Â°C,65 %,,9 km/h,-,998.74 hPa,0 mm,,2023,2
2/20/2023,33 Â°C / 19 Â°C,20 Â°C / 16 Â°C,61 %,,13 km/h,-,998.04 hPa,0 mm,,2023,2
2/19/2023,34 Â°C / 17 Â°C,18 Â°C / 12 Â°C,63 %,,9 km/h,-,998.04 hPa,0 mm,,2023,2
2/18/2023,31 Â°C / 20 Â°C,18 Â°C / 15 Â°C,65 %,,4 km/h,-,999.48 hPa,0 mm,,2023,2
2/17/2023,28 Â°C / 22 Â°C,19 Â°C / 15 Â°C,67 %,,7 km/h,-,1001.09 hPa,0 mm,,2023,2
2/16/2023,31 Â°C / 24 Â°C,21 Â°C / 19 Â°C,69 %,,9 km/h,-,999.94 hPa,0 mm,,2023,2
2/15/2023,34 Â°C / 20 Â°C,22 Â°C / 15 Â°C,63 %,,11 km/h,-,997.08 hPa,0 mm,,2023,2
2/14/2023,37 Â°C / 20 Â°C,17 Â°C / 13 Â°C,49 %,,6 km/h,-,995.55 hPa,0 mm,,2023,2
2/13/2023,36 Â°C / 19 Â°C,17 Â°C / 14 Â°C,50 %,,11 km/h,-,995.69 hPa,0 mm,,2023,2
2/12/2023,36 Â°C / 19 Â°C,18 Â°C / 12 Â°C,45 %,,11 km/h,-,995.59 hPa,0 mm,,2023,2
2/11/2023,36 Â°C / 21 Â°C,17 Â°C / 14 Â°C,49 %,,13 km/h,-,995.37 hPa,0 mm,,2023,2
2/10/2023,36 Â°C / 20 Â°C,19 Â°C / 16 Â°C,55 %,,4 km/h,-,995.63 hPa,0 mm,,2023,2
2/9/2023,36 Â°C / 20 Â°C,18 Â°C / 15 Â°C,54 %,,4 km/h,-,995.16 hPa,0 mm,,2023,2
2/8/2023,36 Â°C / 19 Â°C,24 Â°C / 13 Â°C,60 %,,19 km/h,-,995.18 hPa,0 mm,,2023,2
2/7/2023,36 Â°C / 22 Â°C,21 Â°C / 15 Â°C,53 %,,11 km/h,-,995.09 hPa,0 mm,,2023,2
2/6/2023,36 Â°C / 22 Â°C,23 Â°C / 14 Â°C,66 %,,11 km/h,-,994.94 hPa,0 mm,,2023,2
2/5/2023,34 Â°C / 22 Â°C,23 Â°C / 21 Â°C,75 %,,7 km/h,-,995.18 hPa,0 mm,,2023,2
2/4/2023,33 Â°C / 23 Â°C,22 Â°C / 20 Â°C,73 %,,4 km/h,-,995.56 hPa,0 mm,,2023,2
2/3/2023,34 Â°C / 20 Â°C,21 Â°C / 18 Â°C,68 %,,6 km/h,-,996.34 hPa,0 mm,,2023,2
2/2/2023,34 Â°C / 17 Â°C,23 Â°C / 16 Â°C,70 %,,6 km/h,-,996.3 hPa,0 mm,,2023,2
2/1/2023,32 Â°C / 15 Â°C,17 Â°C / 14 Â°C,67 %,,4 km/h,-,996.29 hPa,0 mm,,2023,2
3/31/2023,38 Â°C / 28 Â°C,22 Â°C / 16 Â°C,44 %,,9 km/h,-,993.11 hPa,0 mm,,2023,3
3/30/2023,39 Â°C / 24 Â°C,21 Â°C / 17 Â°C,49 %,,11 km/h,-,993.29 hPa,0 mm,,2023,3
3/29/2023,38 Â°C / 24 Â°C,22 Â°C / 17 Â°C,54 %,,15 km/h,-,994.98 hPa,0 mm,,2023,3
3/28/2023,38 Â°C / 25 Â°C,24 Â°C / 17 Â°C,53 %,,6 km/h,-,994.16 hPa,0 mm,,2023,3
3/27/2023,39 Â°C / 24 Â°C,20 Â°C / 12 Â°C,44 %,,15 km/h,-,992.9 hPa,0 mm,,2023,3
3/26/2023,38 Â°C / 24 Â°C,21 Â°C / 13 Â°C,42 %,,19 km/h,-,992.71 hPa,0 mm,,2023,3
3/25/2023,38 Â°C / 26 Â°C,19 Â°C / 16 Â°C,43 %,,13 km/h,-,993.3 hPa,0 mm,,2023,3
3/24/2023,38 Â°C / 26 Â°C,22 Â°C / 16 Â°C,48 %,,15 km/h,-,993.46 hPa,0 mm,,2023,3
3/23/2023,38 Â°C / 27 Â°C,21 Â°C / 17 Â°C,47 %,,15 km/h,-,992.43 hPa,0 mm,,2023,3
3/22/2023,37 Â°C / 27 Â°C,21 Â°C / 17 Â°C,46 %,,19 km/h,-,992.44 hPa,0 mm,,2023,3
3/21/2023,37 Â°C / 27 Â°C,22 Â°C / 19 Â°C,52 %,,13 km/h,-,993.64 hPa,0 mm,,2023,3
3/20/2023,37 Â°C / 23 Â°C,22 Â°C / 21 Â°C,64 %,,9 km/h,-,994.01 hPa,0 mm,,2023,3
3/19/2023,36 Â°C / 23 Â°C,23 Â°C / 20 Â°C,67 %,,7 km/h,-,994.61 hPa,0 mm,,2023,3
3/18/2023,38 Â°C / 26 Â°C,22 Â°C / 21 Â°C,60 %,,6 km/h,-,995.12 hPa,0 mm,,2023,3
3/17/2023,36 Â°C / 23 Â°C,22 Â°C / 19 Â°C,62 %,,6 km/h,-,996.59 hPa,0 mm,,2023,3
3/16/2023,36 Â°C / 23 Â°C,22 Â°C / 20 Â°C,64 %,,6 km/h,-,996.71 hPa,0 mm,,2023,3
3/15/2023,35 Â°C / 21 Â°C,22 Â°C / 19 Â°C,66 %,,6 km/h,-,996.05 hPa,0 mm,,2023,3
3/14/2023,32 Â°C / 21 Â°C,21 Â°C / 19 Â°C,73 %,,4 km/h,-,997.59 hPa,0 mm,,2023,3
3/13/2023,28 Â°C / 22 Â°C,23 Â°C / 20 Â°C,83 %,,9 km/h,-,1000.2 hPa,2.1 mm,,2023,3
3/12/2023,36 Â°C / 24 Â°C,24 Â°C / 21 Â°C,67 %,,7 km/h,-,996.74 hPa,0 mm,,2023,3
3/11/2023,36 Â°C / 23 Â°C,24 Â°C / 20 Â°C,65 %,,4 km/h,-,996.68 hPa,0 mm,,2023,3
3/10/2023,36 Â°C / 22 Â°C,21 Â°C / 18 Â°C,61 %,,6 km/h,-,997.11 hPa,0 mm,,2023,3
3/9/2023,36 Â°C / 20 Â°C,21 Â°C / 17 Â°C,61 %,,7 km/h,-,997.59 hPa,0 mm,,2023,3
3/8/2023,37 Â°C / 20 Â°C,19 Â°C / 17 Â°C,59 %,,7 km/h,-,998.81 hPa,0 mm,,2023,3
3/7/2023,36 Â°C / 19 Â°C,19 Â°C / 17 Â°C,62 %,,7 km/h,-,999.5 hPa,0 mm,,2023,3
3/6/2023,33 Â°C / 19 Â°C,19 Â°C / 16 Â°C,63 %,,7 km/h,-,1000.43 hPa,0 mm,,2023,3
3/5/2023,33 Â°C / 18 Â°C,18 Â°C / 16 Â°C,63 %,,6 km/h,-,1001.93 hPa,0 mm,,2023,3
3/4/2023,33 Â°C / 18 Â°C,18 Â°C / 15 Â°C,61 %,,4 km/h,-,1002.54 hPa,0 mm,,2023,3
3/3/2023,34 Â°C / 18 Â°C,18 Â°C / 15 Â°C,61 %,,6 km/h,-,1001.68 hPa,0 mm,,2023,3
3/2/2023,35 Â°C / 17 Â°C,18 Â°C / 12 Â°C,56 %,,6 km/h,-,1000.56 hPa,0 mm,,2023,3
3/1/2023,36 Â°C / 17 Â°C,16 Â°C / 13 Â°C,58 %,,6 km/h,-,1001.01 hPa,0 mm,,2023,3
4/30/2023,34 Â°C / 23 Â°C,26 Â°C / 22 Â°C,71 %,,24 km/h,-,993.68 hPa,8 mm,,2023,4
4/29/2023,39 Â°C / 30 Â°C,25 Â°C / 22 Â°C,56 %,,15 km/h,-,992.26 hPa,0.2 mm,,2023,4
4/28/2023,39 Â°C / 26 Â°C,24 Â°C / 22 Â°C,61 %,,9 km/h,-,993.6 hPa,0 mm,,2023,4
4/27/2023,36 Â°C / 24 Â°C,24 Â°C / 23 Â°C,72 %,,6 km/h,-,994.76 hPa,0 mm,,2023,4
4/26/2023,29 Â°C / 26 Â°C,24 Â°C / 22 Â°C,76 %,,7 km/h,-,994.5 hPa,0 mm,,2023,4
4/25/2023,41 Â°C / 28 Â°C,25 Â°C / 22 Â°C,63 %,,19 km/h,-,993.1 hPa,4 mm,,2023,4
4/24/2023,39 Â°C / 26 Â°C,24 Â°C / 17 Â°C,57 %,,6 km/h,-,995.24 hPa,0 mm,,2023,4
4/23/2023,39 Â°C / 29 Â°C,23 Â°C / 19 Â°C,51 %,,6 km/h,-,992.35 hPa,0 mm,,2023,4
4/22/2023,40 Â°C / 29 Â°C,26 Â°C / 20 Â°C,51 %,,15 km/h,-,989.84 hPa,0 mm,,2023,4
4/21/2023,39 Â°C / 29 Â°C,25 Â°C / 22 Â°C,56 %,,15 km/h,-,989.49 hPa,0 mm,,2023,4
4/20/2023,38 Â°C / 29 Â°C,24 Â°C / 22 Â°C,57 %,,22 km/h,-,988.95 hPa,0 mm,,2023,4
4/19/2023,38 Â°C / 29 Â°C,24 Â°C / 21 Â°C,55 %,,22 km/h,-,990.61 hPa,0 mm,,2023,4
4/18/2023,41 Â°C / 29 Â°C,23 Â°C / 19 Â°C,49 %,,15 km/h,-,992.75 hPa,0 mm,,2023,4
4/17/2023,40 Â°C / 29 Â°C,23 Â°C / 21 Â°C,53 %,,17 km/h,-,992.95 hPa,0 mm,,2023,4
4/16/2023,41 Â°C / 28 Â°C,23 Â°C / 20 Â°C,49 %,,15 km/h,-,991.73 hPa,0 mm,,2023,4
4/15/2023,44 Â°C / 28 Â°C,23 Â°C / 20 Â°C,49 %,,11 km/h,-,991.61 hPa,0 mm,,2023,4
4/14/2023,41 Â°C / 28 Â°C,23 Â°C / 20 Â°C,51 %,,17 km/h,-,992.29 hPa,0 mm,,2023,4
4/13/2023,40 Â°C / 29 Â°C,24 Â°C / 23 Â°C,55 %,,15 km/h,-,992.19 hPa,0 mm,,2023,4
4/12/2023,42 Â°C / 29 Â°C,24 Â°C / 21 Â°C,51 %,,13 km/h,-,992.24 hPa,0 mm,,2023,4
4/11/2023,40 Â°C / 29 Â°C,22 Â°C / 15 Â°C,42 %,,13 km/h,-,993.4 hPa,0 mm,,2023,4
4/10/2023,40 Â°C / 30 Â°C,21 Â°C / 17 Â°C,41 %,,13 km/h,-,994.29 hPa,0 mm,,2023,4
4/9/2023,39 Â°C / 27 Â°C,24 Â°C / 21 Â°C,56 %,,7 km/h,-,996.24 hPa,0 mm,,2023,4
4/8/2023,39 Â°C / 28 Â°C,23 Â°C / 19 Â°C,55 %,,7 km/h,-,996.01 hPa,0 mm,,2023,4
4/7/2023,39 Â°C / 28 Â°C,23 Â°C / 20 Â°C,52 %,,6 km/h,-,993.88 hPa,0 mm,,2023,4
4/6/2023,41 Â°C / 27 Â°C,22 Â°C / 19 Â°C,47 %,,15 km/h,-,992.96 hPa,0 mm,,2023,4
4/5/2023,39 Â°C / 28 Â°C,22 Â°C / 14 Â°C,46 %,,15 km/h,-,992.38 hPa,0 mm,,2023,4
4/4/2023,37 Â°C / 28 Â°C,22 Â°C / 18 Â°C,49 %,,19 km/h,-,992.14 hPa,0 mm,,2023,4
4/3/2023,38 Â°C / 27 Â°C,21 Â°C / 16 Â°C,48 %,,19 km/h,-,992.89 hPa,0 mm,,2023,4
4/2/2023,38 Â°C / 28 Â°C,21 Â°C / 18 Â°C,51 %,,15 km/h,-,992.83 hPa,0 mm,,2023,4
4/1/2023,40 Â°C / 28 Â°C,22 Â°C / 17 Â°C,45 %,,7 km/h,-,992.58 hPa,0 mm,,2023,4
5/31/2023,37 Â°C / 28 Â°C,24 Â°C / 23 Â°C,62 %,,17 km/h,-,990.81 hPa,0 mm,,2023,5
5/30/2023,37 Â°C / 27 Â°C,25 Â°C / 24 Â°C,69 %,,6 km/h,-,991.86 hPa,0 mm,,2023,5
5/29/2023,33 Â°C / 25 Â°C,25 Â°C / 24 Â°C,80 %,,4 km/h,-,992.74 hPa,0 mm,,2023,5
5/28/2023,38 Â°C / 26 Â°C,24 Â°C / 22 Â°C,62 %,,15 km/h,-,991.16 hPa,6 mm,,2023,5
5/27/2023,37 Â°C / 29 Â°C,23 Â°C / 21 Â°C,55 %,,19 km/h,-,991.79 hPa,0 mm,,2023,5
5/26/2023,37 Â°C / 29 Â°C,23 Â°C / 22 Â°C,56 %,,15 km/h,-,993.05 hPa,0 mm,,2023,5
5/25/2023,36 Â°C / 29 Â°C,23 Â°C / 21 Â°C,58 %,,19 km/h,-,993.24 hPa,0 mm,,2023,5
5/24/2023,37 Â°C / 29 Â°C,23 Â°C / 22 Â°C,58 %,,19 km/h,-,992.6 hPa,0 mm,,2023,5
5/23/2023,36 Â°C / 28 Â°C,24 Â°C / 21 Â°C,60 %,,15 km/h,-,993.51 hPa,0 mm,,2023,5
5/22/2023,38 Â°C / 27 Â°C,23 Â°C / 21 Â°C,61 %,,15 km/h,-,993.45 hPa,0 mm,,2023,5
5/21/2023,37 Â°C / 29 Â°C,24 Â°C / 22 Â°C,60 %,,15 km/h,-,992.85 hPa,0 mm,,2023,5
5/20/2023,37 Â°C / 28 Â°C,23 Â°C / 22 Â°C,58 %,,19 km/h,-,992.06 hPa,0 mm,,2023,5
5/19/2023,36 Â°C / 29 Â°C,22 Â°C / 20 Â°C,55 %,,20 km/h,-,992.84 hPa,0 mm,,2023,5
5/18/2023,35 Â°C / 29 Â°C,22 Â°C / 21 Â°C,57 %,,22 km/h,-,995 hPa,0 mm,,2023,5
5/17/2023,35 Â°C / 28 Â°C,22 Â°C / 21 Â°C,60 %,,17 km/h,-,995.64 hPa,0 mm,,2023,5
5/16/2023,32 Â°C / 27 Â°C,23 Â°C / 22 Â°C,71 %,,11 km/h,-,996.03 hPa,0 mm,,2023,5
5/15/2023,30 Â°C / 24 Â°C,26 Â°C / 23 Â°C,84 %,,6 km/h,-,994.96 hPa,7 mm,,2023,5
5/14/2023,32 Â°C / 25 Â°C,24 Â°C / 23 Â°C,84 %,,6 km/h,-,993.8 hPa,0 mm,,2023,5
5/13/2023,35 Â°C / 25 Â°C,26 Â°C / 24 Â°C,80 %,,6 km/h,-,994.38 hPa,0 mm,,2023,5
5/12/2023,31 Â°C / 25 Â°C,26 Â°C / 23 Â°C,83 %,,7 km/h,-,995.23 hPa,5 mm,,2023,5
5/11/2023,35 Â°C / 26 Â°C,24 Â°C / 24 Â°C,73 %,,6 km/h,-,994.75 hPa,0 mm,,2023,5
5/10/2023,32 Â°C / 26 Â°C,24 Â°C / 23 Â°C,77 %,,15 km/h,-,994.24 hPa,0.4 mm,,2023,5
5/9/2023,37 Â°C / 27 Â°C,24 Â°C / 22 Â°C,65 %,,6 km/h,-,992.8 hPa,0 mm,,2023,5
5/8/2023,39 Â°C / 29 Â°C,26 Â°C / 20 Â°C,56 %,,17 km/h,-,989.71 hPa,0 mm,,2023,5
5/7/2023,39 Â°C / 30 Â°C,24 Â°C / 20 Â°C,52 %,,19 km/h,-,988.64 hPa,0 mm,,2023,5
5/6/2023,39 Â°C / 30 Â°C,24 Â°C / 21 Â°C,51 %,,19 km/h,-,988.85 hPa,0 mm,,2023,5
5/5/2023,38 Â°C / 30 Â°C,24 Â°C / 21 Â°C,53 %,,11 km/h,-,990.21 hPa,0 mm,,2023,5
5/4/2023,39 Â°C / 28 Â°C,25 Â°C / 23 Â°C,59 %,,9 km/h,-,992.58 hPa,0 mm,,2023,5
5/3/2023,37 Â°C / 25 Â°C,26 Â°C / 23 Â°C,71 %,,6 km/h,-,995.3 hPa,1 mm,,2023,5
5/2/2023,38 Â°C / 27 Â°C,24 Â°C / 23 Â°C,67 %,,6 km/h,-,994.29 hPa,0 mm,,2023,5
5/1/2023,35 Â°C / 24 Â°C,25 Â°C / 22 Â°C,73 %,,6 km/h,-,994.64 hPa,0 mm,,2023,5
6/30/2023,36 Â°C / 29 Â°C,24 Â°C / 22 Â°C,62 %,,17 km/h,-,990.99 hPa,0 mm,,2023,6
6/29/2023,37 Â°C / 28 Â°C,24 Â°C / 23 Â°C,62 %,,15 km/h,-,991.91 hPa,0 mm,,2023,6
6/28/2023,37 Â°C / 28 Â°C,25 Â°C / 23 Â°C,66 %,,17 km/h,-,992.94 hPa,0 mm,,2023,6
6/27/2023,34 Â°C / 27 Â°C,23 Â°C / 21 Â°C,66 %,,13 km/h,-,992.71 hPa,0.2 mm,,2023,6
6/26/2023,31 Â°C / 26 Â°C,24 Â°C / 22 Â°C,73 %,,15 km/h,-,992.9 hPa,0 mm,,2023,6
6/25/2023,33 Â°C / 27 Â°C,23 Â°C / 22 Â°C,65 %,,11 km/h,-,992.21 hPa,0 mm,,2023,6
6/24/2023,31 Â°C / 28 Â°C,23 Â°C / 20 Â°C,64 %,,19 km/h,-,992.5 hPa,0 mm,,2023,6
6/23/2023,35 Â°C / 28 Â°C,23 Â°C / 21 Â°C,62 %,,15 km/h,-,993.16 hPa,0 mm,,2023,6
6/22/2023,33 Â°C / 27 Â°C,24 Â°C / 21 Â°C,68 %,,19 km/h,-,994.26 hPa,0 mm,,2023,6
6/21/2023,33 Â°C / 26 Â°C,23 Â°C / 21 Â°C,67 %,,11 km/h,-,994.18 hPa,0 mm,,2023,6
6/20/2023,34 Â°C / 28 Â°C,23 Â°C / 20 Â°C,63 %,,15 km/h,-,993.16 hPa,0 mm,,2023,6
6/19/2023,33 Â°C / 28 Â°C,23 Â°C / 21 Â°C,63 %,,15 km/h,-,992.68 hPa,0 mm,,2023,6
6/18/2023,35 Â°C / 28 Â°C,23 Â°C / 21 Â°C,62 %,,17 km/h,-,992.5 hPa,0 mm,,2023,6
6/17/2023,37 Â°C / 28 Â°C,24 Â°C / 22 Â°C,62 %,,9 km/h,-,992.2 hPa,0 mm,,2023,6
6/16/2023,34 Â°C / 27 Â°C,24 Â°C / 23 Â°C,67 %,,11 km/h,-,991.79 hPa,0 mm,,2023,6
6/15/2023,32 Â°C / 24 Â°C,25 Â°C / 23 Â°C,76 %,,9 km/h,-,992.69 hPa,2 mm,,2023,6
6/14/2023,32 Â°C / 26 Â°C,24 Â°C / 22 Â°C,75 %,,9 km/h,-,992.41 hPa,0.4 mm,,2023,6
6/13/2023,32 Â°C / 27 Â°C,24 Â°C / 23 Â°C,72 %,,7 km/h,-,990.59 hPa,0 mm,,2023,6
6/12/2023,35 Â°C / 26 Â°C,24 Â°C / 22 Â°C,67 %,,13 km/h,-,989.81 hPa,0 mm,,2023,6
6/11/2023,34 Â°C / 27 Â°C,24 Â°C / 22 Â°C,70 %,,13 km/h,-,989.51 hPa,0 mm,,2023,6
6/10/2023,35 Â°C / 26 Â°C,25 Â°C / 22 Â°C,73 %,,19 km/h,-,990.11 hPa,0 mm,,2023,6
6/9/2023,32 Â°C / 25 Â°C,25 Â°C / 24 Â°C,85 %,,6 km/h,-,991.41 hPa,3 mm,,2023,6
6/8/2023,32 Â°C / 26 Â°C,25 Â°C / 23 Â°C,83 %,,4 km/h,-,991.76 hPa,9.4 mm,,2023,6
6/7/2023,33 Â°C / 26 Â°C,26 Â°C / 23 Â°C,78 %,,9 km/h,-,990.98 hPa,0 mm,,2023,6
6/6/2023,36 Â°C / 27 Â°C,24 Â°C / 22 Â°C,66 %,,15 km/h,-,990.26 hPa,0 mm,,2023,6
6/5/2023,37 Â°C / 28 Â°C,24 Â°C / 22 Â°C,60 %,,9 km/h,-,990.65 hPa,0 mm,,2023,6
6/4/2023,36 Â°C / 29 Â°C,25 Â°C / 22 Â°C,59 %,,13 km/h,-,991.71 hPa,0.4 mm,,2023,6
6/3/2023,37 Â°C / 29 Â°C,22 Â°C / 22 Â°C,56 %,,15 km/h,-,992.1 hPa,0 mm,,2023,6
6/2/2023,36 Â°C / 28 Â°C,22 Â°C / 19 Â°C,55 %,,19 km/h,-,991.16 hPa,0 mm,,2023,6
6/1/2023,36 Â°C / 29 Â°C,23 Â°C / 19 Â°C,56 %,,19 km/h,-,990.53 hPa,0 mm,,2023,6
7/31/2023,29 Â°C / 26 Â°C,26 Â°C / 24 Â°C,89 %,,6 km/h,-,990.81 hPa,1.7 mm,,2023,7
7/30/2023,32 Â°C / 27 Â°C,25 Â°C / 22 Â°C,72 %,,15 km/h,-,989.34 hPa,0 mm,,2023,7
7/29/2023,31 Â°C / 28 Â°C,23 Â°C / 22 Â°C,68 %,,22 km/h,-,989.29 hPa,0 mm,,2023,7
7/28/2023,32 Â°C / 28 Â°C,24 Â°C / 22 Â°C,67 %,,20 km/h,-,989.66 hPa,0 mm,,2023,7
7/27/2023,32 Â°C / 27 Â°C,23 Â°C / 22 Â°C,67 %,,19 km/h,-,992.24 hPa,0 mm,,2023,7
7/26/2023,33 Â°C / 28 Â°C,24 Â°C / 22 Â°C,65 %,,17 km/h,-,993.31 hPa,0 mm,,2023,7
7/25/2023,34 Â°C / 27 Â°C,23 Â°C / 22 Â°C,66 %,,19 km/h,-,992.58 hPa,0 mm,,2023,7
7/24/2023,33 Â°C / 25 Â°C,26 Â°C / 23 Â°C,78 %,,6 km/h,-,992.44 hPa,0.2 mm,,2023,7
7/23/2023,34 Â°C / 24 Â°C,26 Â°C / 23 Â°C,77 %,,9 km/h,-,993.66 hPa,0 mm,,2023,7
7/22/2023,36 Â°C / 26 Â°C,26 Â°C / 23 Â°C,71 %,,6 km/h,-,993.23 hPa,0 mm,,2023,7
7/21/2023,37 Â°C / 28 Â°C,24 Â°C / 22 Â°C,63 %,,15 km/h,-,992.1 hPa,0 mm,,2023,7
7/20/2023,33 Â°C / 24 Â°C,24 Â°C / 22 Â°C,71 %,,15 km/h,-,990.91 hPa,0.1 mm,,2023,7
7/19/2023,31 Â°C / 27 Â°C,23 Â°C / 22 Â°C,67 %,,19 km/h,-,989.11 hPa,0 mm,,2023,7
7/18/2023,33 Â°C / 27 Â°C,23 Â°C / 22 Â°C,66 %,,24 km/h,-,988.54 hPa,0 mm,,2023,7
7/17/2023,36 Â°C / 28 Â°C,23 Â°C / 22 Â°C,64 %,,20 km/h,-,988.25 hPa,0 mm,,2023,7
7/16/2023,34 Â°C / 27 Â°C,23 Â°C / 21 Â°C,62 %,,20 km/h,-,990.43 hPa,0 mm,,2023,7
7/15/2023,33 Â°C / 28 Â°C,23 Â°C / 21 Â°C,64 %,,19 km/h,-,992.43 hPa,0 mm,,2023,7
7/14/2023,34 Â°C / 28 Â°C,23 Â°C / 22 Â°C,64 %,,19 km/h,-,993.72 hPa,0 mm,,2023,7
7/13/2023,36 Â°C / 28 Â°C,23 Â°C / 22 Â°C,61 %,,19 km/h,-,994.08 hPa,0 mm,,2023,7
7/12/2023,34 Â°C / 27 Â°C,24 Â°C / 22 Â°C,65 %,,13 km/h,-,994.16 hPa,0 mm,,2023,7
7/11/2023,34 Â°C / 26 Â°C,24 Â°C / 22 Â°C,73 %,,9 km/h,-,993.94 hPa,0 mm,,2023,7
7/10/2023,35 Â°C / 27 Â°C,25 Â°C / 24 Â°C,75 %,,7 km/h,-,993.28 hPa,0 mm,,2023,7
7/9/2023,36 Â°C / 27 Â°C,25 Â°C / 23 Â°C,66 %,,13 km/h,-,992.75 hPa,0 mm,,2023,7
7/8/2023,37 Â°C / 29 Â°C,25 Â°C / 23 Â°C,62 %,,15 km/h,-,993.34 hPa,0 mm,,2023,7
7/7/2023,38 Â°C / 28 Â°C,24 Â°C / 22 Â°C,60 %,,15 km/h,-,993.6 hPa,0 mm,,2023,7
7/6/2023,36 Â°C / 26 Â°C,23 Â°C / 22 Â°C,63 %,,11 km/h,-,994.45 hPa,0 mm,,2023,7
7/5/2023,31 Â°C / 24 Â°C,25 Â°C / 23 Â°C,85 %,,7 km/h,-,993.91 hPa,1 mm,,2023,7
7/4/2023,31 Â°C / 26 Â°C,26 Â°C / 23 Â°C,86 %,,6 km/h,-,993.78 hPa,5 mm,,2023,7
7/3/2023,31 Â°C / 26 Â°C,25 Â°C / 22 Â°C,80 %,,6 km/h,-,993.31 hPa,0.1 mm,,2023,7
7/2/2023,37 Â°C / 27 Â°C,24 Â°C / 22 Â°C,65 %,,15 km/h,-,991.94 hPa,0.2 mm,,2023,7
7/1/2023,37 Â°C / 29 Â°C,24 Â°C / 23 Â°C,59 %,,11 km/h,-,990.93 hPa,0 mm,,2023,7
8/31/2023,34 Â°C / 26 Â°C,26 Â°C / 22 Â°C,77 %,,7 km/h,-,992.43 hPa,0.4 mm,,2023,8
8/30/2023,35 Â°C / 26 Â°C,25 Â°C / 24 Â°C,79 %,,9 km/h,-,991.61 hPa,0 mm,,2023,8
8/29/2023,35 Â°C / 27 Â°C,26 Â°C / 22 Â°C,71 %,,11 km/h,-,990.09 hPa,0 mm,,2023,8
8/28/2023,34 Â°C / 27 Â°C,23 Â°C / 22 Â°C,66 %,,15 km/h,-,990.9 hPa,0 mm,,2023,8
8/27/2023,33 Â°C / 27 Â°C,23 Â°C / 22 Â°C,68 %,,17 km/h,-,992.15 hPa,0 mm,,2023,8
8/26/2023,31 Â°C / 27 Â°C,23 Â°C / 21 Â°C,70 %,,17 km/h,-,993.36 hPa,0.2 mm,,2023,8
8/25/2023,32 Â°C / 27 Â°C,23 Â°C / 22 Â°C,68 %,,15 km/h,-,992.99 hPa,0 mm,,2023,8
8/24/2023,33 Â°C / 27 Â°C,23 Â°C / 22 Â°C,68 %,,15 km/h,-,992.31 hPa,0 mm,,2023,8
8/23/2023,34 Â°C / 27 Â°C,23 Â°C / 22 Â°C,67 %,,15 km/h,-,992.72 hPa,0 mm,,2023,8
8/22/2023,33 Â°C / 26 Â°C,24 Â°C / 18 Â°C,69 %,,17 km/h,-,992.83 hPa,0 mm,,2023,8
8/21/2023,34 Â°C / 26 Â°C,26 Â°C / 24 Â°C,83 %,,7 km/h,-,991.88 hPa,14 mm,,2023,8
8/20/2023,36 Â°C / 28 Â°C,24 Â°C / 23 Â°C,63 %,,17 km/h,-,990.98 hPa,0 mm,,2023,8
8/19/2023,36 Â°C / 28 Â°C,23 Â°C / 19 Â°C,59 %,,17 km/h,-,992.35 hPa,0 mm,,2023,8
8/18/2023,35 Â°C / 27 Â°C,23 Â°C / 22 Â°C,63 %,,19 km/h,-,992.65 hPa,0 mm,,2023,8
8/17/2023,34 Â°C / 26 Â°C,23 Â°C / 22 Â°C,67 %,,17 km/h,-,993.19 hPa,0 mm,,2023,8
8/16/2023,34 Â°C / 27 Â°C,24 Â°C / 22 Â°C,71 %,,15 km/h,-,992.55 hPa,0 mm,,2023,8
8/15/2023,32 Â°C / 28 Â°C,23 Â°C / 21 Â°C,65 %,,19 km/h,-,991.86 hPa,0 mm,,2023,8
8/14/2023,34 Â°C / 27 Â°C,24 Â°C / 22 Â°C,70 %,,17 km/h,-,991.63 hPa,0 mm,,2023,8
8/13/2023,33 Â°C / 28 Â°C,25 Â°C / 22 Â°C,69 %,,15 km/h,-,991.68 hPa,0 mm,,2023,8
8/12/2023,34 Â°C / 28 Â°C,24 Â°C / 23 Â°C,70 %,,13 km/h,-,991.63 hPa,0 mm,,2023,8
8/11/2023,33 Â°C / 26 Â°C,23 Â°C / 22 Â°C,69 %,,17 km/h,-,993 hPa,0 mm,,2023,8
8/10/2023,30 Â°C / 26 Â°C,24 Â°C / 23 Â°C,74 %,,17 km/h,-,994.34 hPa,0.2 mm,,2023,8
8/9/2023,31 Â°C / 24 Â°C,24 Â°C / 22 Â°C,82 %,,13 km/h,-,994.35 hPa,0.4 mm,,2023,8
8/8/2023,28 Â°C / 24 Â°C,26 Â°C / 23 Â°C,92 %,,6 km/h,-,992.79 hPa,0.4 mm,,2023,8
8/7/2023,29 Â°C / 24 Â°C,26 Â°C / 22 Â°C,87 %,,9 km/h,-,991.99 hPa,0.2 mm,,2023,8
8/6/2023,31 Â°C / 26 Â°C,24 Â°C / 21 Â°C,74 %,,11 km/h,-,992.95 hPa,0 mm,,2023,8
8/5/2023,31 Â°C / 26 Â°C,26 Â°C / 22 Â°C,80 %,,9 km/h,-,995.01 hPa,0.7 mm,,2023,8
8/4/2023,31 Â°C / 26 Â°C,24 Â°C / 23 Â°C,76 %,,13 km/h,-,993.87 hPa,0.2 mm,,2023,8
8/3/2023,30 Â°C / 26 Â°C,24 Â°C / 22 Â°C,75 %,,15 km/h,-,991.68 hPa,0.2 mm,,2023,8
8/2/2023,31 Â°C / 26 Â°C,25 Â°C / 23 Â°C,78 %,,11 km/h,-,991.66 hPa,0 mm,,2023,8
8/1/2023,32 Â°C / 26 Â°C,26 Â°C / 23 Â°C,82 %,,11 km/h,-,991.35 hPa,3 mm,,2023,8
9/30/2023,29 Â°C / 25 Â°C,26 Â°C / 24 Â°C,91 %,,4 km/h,-,996.33 hPa,2.2 mm,,2023,9
9/29/2023,28 Â°C / 24 Â°C,26 Â°C / 23 Â°C,92 %,,4 km/h,-,994.88 hPa,0 mm,,2023,9
9/28/2023,29 Â°C / 24 Â°C,26 Â°C / 24 Â°C,92 %,,7 km/h,-,991.75 hPa,0 mm,,2023,9
9/27/2023,27 Â°C / 25 Â°C,26 Â°C / 24 Â°C,95 %,,9 km/h,-,990.71 hPa,0.4 mm,,2023,9
9/26/2023,33 Â°C / 25 Â°C,26 Â°C / 24 Â°C,83 %,,6 km/h,-,991.58 hPa,16 mm,,2023,9
9/25/2023,35 Â°C / 26 Â°C,26 Â°C / 24 Â°C,77 %,,6 km/h,-,992.16 hPa,0 mm,,2023,9
9/24/2023,36 Â°C / 25 Â°C,26 Â°C / 24 Â°C,76 %,,7 km/h,-,993.05 hPa,0 mm,,2023,9
9/23/2023,34 Â°C / 26 Â°C,26 Â°C / 25 Â°C,80 %,,6 km/h,-,994.36 hPa,0 mm,,2023,9
9/22/2023,34 Â°C / 26 Â°C,27 Â°C / 25 Â°C,81 %,,4 km/h,-,994.39 hPa,0 mm,,2023,9
9/21/2023,36 Â°C / 26 Â°C,25 Â°C / 24 Â°C,73 %,,9 km/h,-,995 hPa,0 mm,,2023,9
9/20/2023,34 Â°C / 26 Â°C,24 Â°C / 23 Â°C,74 %,,11 km/h,-,995.71 hPa,0 mm,,2023,9
9/19/2023,29 Â°C / 24 Â°C,25 Â°C / 24 Â°C,90 %,,4 km/h,-,996.81 hPa,0 mm,,2023,9
9/18/2023,30 Â°C / 24 Â°C,27 Â°C / 23 Â°C,94 %,,7 km/h,-,994.63 hPa,2 mm,,2023,9
9/17/2023,29 Â°C / 24 Â°C,25 Â°C / 24 Â°C,93 %,,7 km/h,-,992.53 hPa,24 mm,,2023,9
9/16/2023,28 Â°C / 25 Â°C,26 Â°C / 24 Â°C,92 %,,4 km/h,-,992.06 hPa,4.1 mm,,2023,9
9/15/2023,33 Â°C / 27 Â°C,27 Â°C / 22 Â°C,76 %,,13 km/h,-,991.96 hPa,2.2 mm,,2023,9
9/14/2023,33 Â°C / 26 Â°C,24 Â°C / 23 Â°C,73 %,,17 km/h,-,993.35 hPa,0 mm,,2023,9
9/13/2023,30 Â°C / 25 Â°C,26 Â°C / 23 Â°C,86 %,,6 km/h,-,993.79 hPa,0.4 mm,,2023,9
9/12/2023,29 Â°C / 26 Â°C,25 Â°C / 23 Â°C,84 %,,9 km/h,-,992.96 hPa,1.2 mm,,2023,9
9/11/2023,32 Â°C / 25 Â°C,26 Â°C / 24 Â°C,85 %,,7 km/h,-,991.7 hPa,0.2 mm,,2023,9
9/10/2023,33 Â°C / 27 Â°C,26 Â°C / 23 Â°C,76 %,,11 km/h,-,990.56 hPa,4.8 mm,,2023,9
9/9/2023,33 Â°C / 27 Â°C,24 Â°C / 22 Â°C,68 %,,11 km/h,-,991.29 hPa,0 mm,,2023,9
9/8/2023,33 Â°C / 27 Â°C,24 Â°C / 23 Â°C,70 %,,17 km/h,-,993.26 hPa,0.2 mm,,2023,9
9/7/2023,33 Â°C / 26 Â°C,24 Â°C / 22 Â°C,71 %,,15 km/h,-,994.15 hPa,0 mm,,2023,9
9/6/2023,32 Â°C / 25 Â°C,24 Â°C / 23 Â°C,81 %,,11 km/h,-,993.53 hPa,0.2 mm,,2023,9
9/5/2023,30 Â°C / 25 Â°C,26 Â°C / 24 Â°C,92 %,,6 km/h,-,990.76 hPa,0 mm,,2023,9
9/4/2023,36 Â°C / 25 Â°C,27 Â°C / 24 Â°C,77 %,,7 km/h,-,988.44 hPa,4 mm,,2023,9
9/3/2023,34 Â°C / 27 Â°C,26 Â°C / 24 Â°C,75 %,,11 km/h,-,989.13 hPa,0 mm,,2023,9
9/2/2023,35 Â°C / 26 Â°C,26 Â°C / 23 Â°C,72 %,,7 km/h,-,990.24 hPa,0 mm,,2023,9
9/1/2023,36 Â°C / 27 Â°C,25 Â°C / 22 Â°C,67 %,,15 km/h,-,991.65 hPa,0 mm,,2023,9
10/31/2023,30 Â°C / 22 Â°C,25 Â°C / 22 Â°C,87 %,,9 km/h,-,1000.64 hPa,0 mm,,2023,10
10/30/2023,32 Â°C / 23 Â°C,25 Â°C / 22 Â°C,88 %,,9 km/h,-,998.47 hPa,0 mm,,2023,10
10/29/2023,27 Â°C / 23 Â°C,25 Â°C / 23 Â°C,94 %,,6 km/h,-,997.9 hPa,2 mm,,2023,10
10/28/2023,31 Â°C / 24 Â°C,26 Â°C / 23 Â°C,87 %,,4 km/h,-,997.21 hPa,0 mm,,2023,10
10/27/2023,32 Â°C / 24 Â°C,27 Â°C / 24 Â°C,87 %,,6 km/h,-,997.2 hPa,0.3 mm,,2023,10
10/26/2023,27 Â°C / 26 Â°C,26 Â°C / 24 Â°C,93 %,,0 km/h,-,997.6 hPa,0.2 mm,,2023,10
10/25/2023,33 Â°C / 25 Â°C,27 Â°C / 24 Â°C,82 %,,4 km/h,-,997.91 hPa,0 mm,,2023,10
10/24/2023,33 Â°C / 25 Â°C,26 Â°C / 23 Â°C,81 %,,4 km/h,-,998.34 hPa,0 mm,,2023,10
10/23/2023,32 Â°C / 25 Â°C,26 Â°C / 23 Â°C,83 %,,4 km/h,-,998.99 hPa,0 mm,,2023,10
10/22/2023,31 Â°C / 24 Â°C,25 Â°C / 23 Â°C,89 %,,6 km/h,-,1000.09 hPa,0 mm,,2023,10
10/21/2023,30 Â°C / 23 Â°C,25 Â°C / 22 Â°C,88 %,,9 km/h,-,999.47 hPa,0 mm,,2023,10
10/20/2023,34 Â°C / 25 Â°C,26 Â°C / 24 Â°C,80 %,,6 km/h,-,996.99 hPa,0 mm,,2023,10
10/19/2023,34 Â°C / 25 Â°C,27 Â°C / 24 Â°C,81 %,,4 km/h,-,996.95 hPa,0 mm,,2023,10
10/18/2023,34 Â°C / 24 Â°C,26 Â°C / 23 Â°C,81 %,,6 km/h,-,997.26 hPa,0 mm,,2023,10
10/17/2023,31 Â°C / 24 Â°C,26 Â°C / 23 Â°C,87 %,,4 km/h,-,997.25 hPa,16 mm,,2023,10
10/16/2023,32 Â°C / 25 Â°C,25 Â°C / 24 Â°C,84 %,,6 km/h,-,996.66 hPa,6 mm,,2023,10
10/15/2023,33 Â°C / 26 Â°C,26 Â°C / 24 Â°C,85 %,,4 km/h,-,995.21 hPa,0.4 mm,,2023,10
10/14/2023,32 Â°C / 24 Â°C,26 Â°C / 23 Â°C,84 %,,7 km/h,-,996.58 hPa,0 mm,,2023,10
10/13/2023,34 Â°C / 24 Â°C,26 Â°C / 23 Â°C,81 %,,4 km/h,-,998.43 hPa,0 mm,,2023,10
10/12/2023,32 Â°C / 25 Â°C,26 Â°C / 24 Â°C,87 %,,6 km/h,-,999.15 hPa,0 mm,,2023,10
10/11/2023,31 Â°C / 24 Â°C,25 Â°C / 23 Â°C,90 %,,6 km/h,-,998.28 hPa,12 mm,,2023,10
10/10/2023,26 Â°C / 24 Â°C,24 Â°C / 24 Â°C,96 %,,4 km/h,-,997.48 hPa,1 mm,,2023,10
10/9/2023,30 Â°C / 25 Â°C,24 Â°C / 23 Â°C,82 %,,11 km/h,-,996.78 hPa,0 mm,,2023,10
10/8/2023,29 Â°C / 25 Â°C,24 Â°C / 22 Â°C,79 %,,11 km/h,-,995.79 hPa,0 mm,,2023,10
10/7/2023,29 Â°C / 25 Â°C,26 Â°C / 23 Â°C,87 %,,6 km/h,-,994.41 hPa,0 mm,,2023,10
10/6/2023,27 Â°C / 25 Â°C,26 Â°C / 24 Â°C,96 %,,4 km/h,-,993.9 hPa,0.2 mm,,2023,10
10/5/2023,33 Â°C / 25 Â°C,27 Â°C / 24 Â°C,88 %,,0 km/h,-,993.64 hPa,0 mm,,2023,10
10/4/2023,35 Â°C / 26 Â°C,27 Â°C / 23 Â°C,73 %,,11 km/h,-,994.78 hPa,0 mm,,2023,10
10/3/2023,34 Â°C / 25 Â°C,24 Â°C / 23 Â°C,72 %,,11 km/h,-,995.44 hPa,0 mm,,2023,10
10/2/2023,33 Â°C / 25 Â°C,24 Â°C / 23 Â°C,76 %,,13 km/h,-,995.34 hPa,0 mm,,2023,10
10/1/2023,32 Â°C / 24 Â°C,25 Â°C / 23 Â°C,82 %,,11 km/h,-,995.31 hPa,0 mm,,2023,10
11/30/2023,31 Â°C / 22 Â°C,23 Â°C / 21 Â°C,80 %,,7 km/h,-,999.85 hPa,0 mm,,2023,11
11/29/2023,30 Â°C / 21 Â°C,22 Â°C / 20 Â°C,77 %,,6 km/h,-,999.37 hPa,0 mm,,2023,11
11/28/2023,29 Â°C / 22 Â°C,23 Â°C / 21 Â°C,82 %,,4 km/h,-,998.99 hPa,0 mm,,2023,11
11/27/2023,29 Â°C / 23 Â°C,23 Â°C / 21 Â°C,78 %,,4 km/h,-,1000.01 hPa,0 mm,,2023,11
11/26/2023,31 Â°C / 20 Â°C,22 Â°C / 19 Â°C,76 %,,7 km/h,-,1000.51 hPa,0 mm,,2023,11
11/25/2023,31 Â°C / 21 Â°C,23 Â°C / 19 Â°C,78 %,,7 km/h,-,999.51 hPa,0 mm,,2023,11
11/24/2023,30 Â°C / 19 Â°C,23 Â°C / 18 Â°C,79 %,,7 km/h,-,999.1 hPa,0 mm,,2023,11
11/23/2023,31 Â°C / 20 Â°C,21 Â°C / 19 Â°C,79 %,,9 km/h,-,997.84 hPa,0 mm,,2023,11
11/22/2023,30 Â°C / 19 Â°C,22 Â°C / 19 Â°C,79 %,,6 km/h,-,997.62 hPa,0 mm,,2023,11
11/21/2023,30 Â°C / 19 Â°C,22 Â°C / 18 Â°C,79 %,,4 km/h,-,999.2 hPa,0 mm,,2023,11
11/20/2023,29 Â°C / 19 Â°C,20 Â°C / 17 Â°C,75 %,,7 km/h,-,1001.1 hPa,0 mm,,2023,11
11/19/2023,29 Â°C / 20 Â°C,21 Â°C / 16 Â°C,74 %,,6 km/h,-,1001.64 hPa,0 mm,,2023,11
11/18/2023,29 Â°C / 22 Â°C,21 Â°C / 17 Â°C,71 %,,6 km/h,-,1002.74 hPa,0 mm,,2023,11
11/17/2023,29 Â°C / 24 Â°C,24 Â°C / 19 Â°C,75 %,,11 km/h,-,1003.28 hPa,0 mm,,2023,11
11/16/2023,32 Â°C / 23 Â°C,24 Â°C / 23 Â°C,81 %,,7 km/h,-,1001.68 hPa,0 mm,,2023,11
11/15/2023,32 Â°C / 24 Â°C,24 Â°C / 23 Â°C,80 %,,7 km/h,-,1000.99 hPa,0 mm,,2023,11
11/14/2023,31 Â°C / 25 Â°C,25 Â°C / 23 Â°C,83 %,,4 km/h,-,1000.53 hPa,0 mm,,2023,11
11/13/2023,32 Â°C / 25 Â°C,26 Â°C / 24 Â°C,85 %,,6 km/h,-,999.38 hPa,0 mm,,2023,11
11/12/2023,31 Â°C / 23 Â°C,26 Â°C / 22 Â°C,88 %,,4 km/h,-,999.51 hPa,7.2 mm,,2023,11
11/11/2023,32 Â°C / 25 Â°C,27 Â°C / 24 Â°C,86 %,,4 km/h,-,998.69 hPa,0.4 mm,,2023,11
11/10/2023,33 Â°C / 25 Â°C,27 Â°C / 24 Â°C,83 %,,4 km/h,-,998.18 hPa,0 mm,,2023,11
11/9/2023,33 Â°C / 24 Â°C,26 Â°C / 23 Â°C,84 %,,6 km/h,-,997.13 hPa,0 mm,,2023,11
11/8/2023,33 Â°C / 24 Â°C,26 Â°C / 24 Â°C,82 %,,6 km/h,-,996.76 hPa,0 mm,,2023,11
11/7/2023,33 Â°C / 25 Â°C,26 Â°C / 24 Â°C,82 %,,4 km/h,-,997.43 hPa,0 mm,,2023,11
11/6/2023,34 Â°C / 25 Â°C,27 Â°C / 24 Â°C,81 %,,4 km/h,-,997.16 hPa,0 mm,,2023,11
11/5/2023,34 Â°C / 24 Â°C,27 Â°C / 23 Â°C,81 %,,6 km/h,-,997.01 hPa,0 mm,,2023,11
11/4/2023,34 Â°C / 24 Â°C,26 Â°C / 23 Â°C,83 %,,0 km/h,-,995.72 hPa,0 mm,,2023,11
11/3/2023,33 Â°C / 24 Â°C,25 Â°C / 23 Â°C,81 %,,4 km/h,-,995.93 hPa,0 mm,,2023,11
11/2/2023,32 Â°C / 24 Â°C,26 Â°C / 23 Â°C,85 %,,6 km/h,-,998.48 hPa,0 mm,,2023,11
11/1/2023,31 Â°C / 23 Â°C,25 Â°C / 23 Â°C,84 %,,4 km/h,-,999.83 hPa,0 mm,,2023,11
12/31/2023,32 Â°C / 18 Â°C,23 Â°C / 17 Â°C,75 %,,6 km/h,-,999.04 hPa,0 mm,,2023,12
12/30/2023,32 Â°C / 18 Â°C,20 Â°C / 16 Â°C,70 %,,6 km/h,-,999.36 hPa,0 mm,,2023,12
12/29/2023,32 Â°C / 18 Â°C,19 Â°C / 16 Â°C,72 %,,6 km/h,-,1000.66 hPa,0 mm,,2023,12
12/28/2023,31 Â°C / 18 Â°C,19 Â°C / 16 Â°C,73 %,,6 km/h,-,1002.11 hPa,0 mm,,2023,12
12/27/2023,30 Â°C / 18 Â°C,19 Â°C / 16 Â°C,71 %,,7 km/h,-,1003.74 hPa,0 mm,,2023,12
12/26/2023,28 Â°C / 17 Â°C,18 Â°C / 13 Â°C,69 %,,9 km/h,-,1003.9 hPa,0 mm,,2023,12
12/25/2023,27 Â°C / 17 Â°C,17 Â°C / 13 Â°C,68 %,,7 km/h,-,1004.69 hPa,0 mm,,2023,12
12/24/2023,27 Â°C / 15 Â°C,16 Â°C / 14 Â°C,71 %,,9 km/h,-,1006.2 hPa,0 mm,,2023,12
12/23/2023,26 Â°C / 16 Â°C,16 Â°C / 12 Â°C,71 %,,11 km/h,-,1005.71 hPa,0 mm,,2023,12
12/22/2023,26 Â°C / 19 Â°C,21 Â°C / 16 Â°C,74 %,,6 km/h,-,1003.61 hPa,0 mm,,2023,12
12/21/2023,29 Â°C / 22 Â°C,21 Â°C / 19 Â°C,77 %,,7 km/h,-,1000.68 hPa,0 mm,,2023,12
12/20/2023,31 Â°C / 20 Â°C,22 Â°C / 19 Â°C,77 %,,6 km/h,-,999.54 hPa,0 mm,,2023,12
12/19/2023,32 Â°C / 21 Â°C,22 Â°C / 20 Â°C,81 %,,4 km/h,-,1000.4 hPa,0 mm,,2023,12
12/18/2023,31 Â°C / 22 Â°C,23 Â°C / 21 Â°C,78 %,,6 km/h,-,1000.24 hPa,0 mm,,2023,12
12/17/2023,31 Â°C / 22 Â°C,23 Â°C / 20 Â°C,77 %,,6 km/h,-,999.29 hPa,0 mm,,2023,12
12/16/2023,33 Â°C / 21 Â°C,23 Â°C / 19 Â°C,80 %,,0 km/h,-,998.47 hPa,0 mm,,2023,12
12/15/2023,33 Â°C / 21 Â°C,23 Â°C / 21 Â°C,78 %,,6 km/h,-,998.84 hPa,0 mm,,2023,12
12/14/2023,32 Â°C / 22 Â°C,23 Â°C / 21 Â°C,78 %,,9 km/h,-,999.47 hPa,0 mm,,2023,12
12/13/2023,32 Â°C / 22 Â°C,24 Â°C / 22 Â°C,81 %,,6 km/h,-,998.49 hPa,0 mm,,2023,12
12/12/2023,33 Â°C / 23 Â°C,24 Â°C / 22 Â°C,80 %,,6 km/h,-,996.74 hPa,0 mm,,2023,12
12/11/2023,33 Â°C / 24 Â°C,24 Â°C / 23 Â°C,80 %,,4 km/h,-,996.39 hPa,0 mm,,2023,12
12/10/2023,33 Â°C / 23 Â°C,25 Â°C / 22 Â°C,77 %,,6 km/h,-,995.3 hPa,0 mm,,2023,12
12/9/2023,33 Â°C / 22 Â°C,24 Â°C / 21 Â°C,76 %,,4 km/h,-,996.93 hPa,0 mm,,2023,12
12/8/2023,32 Â°C / 22 Â°C,22 Â°C / 20 Â°C,77 %,,6 km/h,-,998.26 hPa,0 mm,,2023,12
12/7/2023,31 Â°C / 24 Â°C,23 Â°C / 22 Â°C,82 %,,4 km/h,-,998.45 hPa,0 mm,,2023,12
12/6/2023,33 Â°C / 23 Â°C,24 Â°C / 22 Â°C,79 %,,6 km/h,-,998.24 hPa,0 mm,,2023,12
12/5/2023,32 Â°C / 22 Â°C,25 Â°C / 21 Â°C,82 %,,6 km/h,-,997.64 hPa,0 mm,,2023,12
12/4/2023,31 Â°C / 22 Â°C,24 Â°C / 21 Â°C,82 %,,4 km/h,-,998.65 hPa,0 mm,,2023,12
12/3/2023,31 Â°C / 23 Â°C,23 Â°C / 22 Â°C,82 %,,4 km/h,-,999.34 hPa,0 mm,,2023,12
12/2/2023,30 Â°C / 24 Â°C,24 Â°C / 22 Â°C,82 %,,4 km/h,-,999.37 hPa,0 mm,,2023,12
12/1/2023,31 Â°C / 21 Â°C,24 Â°C / 21 Â°C,80 %,,4 km/h,-,999.19 hPa,0 mm,,2023,12
1/31/2024,32 Â°C / 21 Â°C,22 Â°C / 20 Â°C,82 %,,7 km/h,-,1000.7 hPa,0 mm,,2024,1
1/30/2024,24 Â°C / 22 Â°C,22 Â°C / 21 Â°C,94 %,,4 km/h,-,1001.63 hPa,0.4 mm,,2024,1
1/29/2024,26 Â°C / 21 Â°C,23 Â°C / 19 Â°C,89 %,,6 km/h,-,1002.28 hPa,0.2 mm,,2024,1
1/28/2024,28 Â°C / 21 Â°C,22 Â°C / 21 Â°C,87 %,,6 km/h,-,1002.36 hPa,0.2 mm,,2024,1
1/27/2024,29 Â°C / 20 Â°C,21 Â°C / 18 Â°C,78 %,,4 km/h,-,1003 hPa,0.2 mm,,2024,1
1/26/2024,26 Â°C / 18 Â°C,20 Â°C / 17 Â°C,79 %,,4 km/h,-,1004.89 hPa,0 mm,,2024,1
1/25/2024,25 Â°C / 19 Â°C,18 Â°C / 17 Â°C,76 %,,6 km/h,-,1004.4 hPa,0 mm,,2024,1
1/24/2024,29 Â°C / 21 Â°C,21 Â°C / 17 Â°C,69 %,,6 km/h,-,1001.8 hPa,0 mm,,2024,1
1/23/2024,32 Â°C / 16 Â°C,21 Â°C / 14 Â°C,66 %,,6 km/h,-,999.99 hPa,0 mm,,2024,1
1/22/2024,34 Â°C / 16 Â°C,17 Â°C / 13 Â°C,58 %,,6 km/h,-,999 hPa,0 mm,,2024,1
1/21/2024,33 Â°C / 18 Â°C,17 Â°C / 14 Â°C,55 %,,15 km/h,-,997.94 hPa,0 mm,,2024,1
1/20/2024,34 Â°C / 19 Â°C,18 Â°C / 13 Â°C,61 %,,13 km/h,-,997.34 hPa,0 mm,,2024,1
1/19/2024,34 Â°C / 20 Â°C,21 Â°C / 18 Â°C,68 %,,6 km/h,-,997.26 hPa,0 mm,,2024,1
1/18/2024,33 Â°C / 20 Â°C,22 Â°C / 19 Â°C,73 %,,7 km/h,-,997.94 hPa,0 mm,,2024,1
1/17/2024,32 Â°C / 19 Â°C,21 Â°C / 18 Â°C,72 %,,7 km/h,-,998.36 hPa,0 mm,,2024,1
1/16/2024,33 Â°C / 20 Â°C,21 Â°C / 19 Â°C,72 %,,9 km/h,-,998.78 hPa,0 mm,,2024,1
1/15/2024,31 Â°C / 22 Â°C,22 Â°C / 19 Â°C,76 %,,4 km/h,-,999.16 hPa,0 mm,,2024,1
1/14/2024,30 Â°C / 22 Â°C,23 Â°C / 20 Â°C,77 %,,9 km/h,-,999.29 hPa,0 mm,,2024,1
1/13/2024,34 Â°C / 22 Â°C,23 Â°C / 18 Â°C,66 %,,7 km/h,-,996.96 hPa,0 mm,,2024,1
1/12/2024,34 Â°C / 21 Â°C,20 Â°C / 18 Â°C,62 %,,4 km/h,-,996.29 hPa,0 mm,,2024,1
1/11/2024,35 Â°C / 22 Â°C,21 Â°C / 17 Â°C,64 %,,4 km/h,-,996.78 hPa,0 mm,,2024,1
1/10/2024,34 Â°C / 20 Â°C,23 Â°C / 17 Â°C,65 %,,4 km/h,-,996.2 hPa,0 mm,,2024,1
1/9/2024,34 Â°C / 21 Â°C,22 Â°C / 17 Â°C,68 %,,4 km/h,-,997.06 hPa,0 mm,,2024,1
1/8/2024,33 Â°C / 20 Â°C,22 Â°C / 19 Â°C,73 %,,6 km/h,-,998.78 hPa,0 mm,,2024,1
1/7/2024,32 Â°C / 20 Â°C,22 Â°C / 18 Â°C,73 %,,7 km/h,-,999.5 hPa,0 mm,,2024,1
1/6/2024,32 Â°C / 20 Â°C,20 Â°C / 18 Â°C,73 %,,6 km/h,-,999.3 hPa,0 mm,,2024,1
1/5/2024,31 Â°C / 19 Â°C,20 Â°C / 18 Â°C,74 %,,7 km/h,-,999.2 hPa,0 mm,,2024,1
1/4/2024,32 Â°C / 19 Â°C,21 Â°C / 18 Â°C,73 %,,6 km/h,-,999.11 hPa,0 mm,,2024,1
1/3/2024,32 Â°C / 19 Â°C,20 Â°C / 18 Â°C,73 %,,6 km/h,-,998.47 hPa,0 mm,,2024,1
1/2/2024,33 Â°C / 19 Â°C,21 Â°C / 18 Â°C,73 %,,4 km/h,-,998.4 hPa,0 mm,,2024,1
1/1/2024,32 Â°C / 19 Â°C,21 Â°C / 18 Â°C,73 %,,6 km/h,-,998.75 hPa,0 mm,,2024,1
2/29/2024,39 Â°C / 24 Â°C,23 Â°C / 19 Â°C,58 %,,6 km/h,-,995.38 hPa,0 mm,,2024,2
2/28/2024,36 Â°C / 26 Â°C,23 Â°C / 20 Â°C,63 %,,6 km/h,-,995.29 hPa,0 mm,,2024,2
2/27/2024,36 Â°C / 25 Â°C,24 Â°C / 22 Â°C,69 %,,6 km/h,-,996.75 hPa,0 mm,,2024,2
2/26/2024,37 Â°C / 27 Â°C,25 Â°C / 21 Â°C,64 %,,6 km/h,-,997.16 hPa,0 mm,,2024,2
2/25/2024,38 Â°C / 24 Â°C,24 Â°C / 20 Â°C,61 %,,4 km/h,-,996.98 hPa,0 mm,,2024,2
2/24/2024,38 Â°C / 23 Â°C,24 Â°C / 18 Â°C,56 %,,9 km/h,-,997.4 hPa,0 mm,,2024,2
2/23/2024,38 Â°C / 22 Â°C,21 Â°C / 17 Â°C,53 %,,7 km/h,-,997.46 hPa,0 mm,,2024,2
2/22/2024,36 Â°C / 21 Â°C,21 Â°C / 17 Â°C,57 %,,6 km/h,-,996.86 hPa,0 mm,,2024,2
2/21/2024,36 Â°C / 23 Â°C,21 Â°C / 17 Â°C,55 %,,7 km/h,-,995.75 hPa,0 mm,,2024,2
2/20/2024,37 Â°C / 23 Â°C,21 Â°C / 14 Â°C,51 %,,15 km/h,-,995.84 hPa,0 mm,,2024,2
2/19/2024,37 Â°C / 22 Â°C,20 Â°C / 16 Â°C,54 %,,7 km/h,-,996.78 hPa,0 mm,,2024,2
2/18/2024,37 Â°C / 22 Â°C,22 Â°C / 18 Â°C,61 %,,13 km/h,-,996.91 hPa,0 mm,,2024,2
2/17/2024,37 Â°C / 21 Â°C,22 Â°C / 18 Â°C,62 %,,11 km/h,-,996.6 hPa,0 mm,,2024,2
2/16/2024,36 Â°C / 19 Â°C,21 Â°C / 17 Â°C,63 %,,6 km/h,-,998.64 hPa,0 mm,,2024,2
2/15/2024,37 Â°C / 19 Â°C,20 Â°C / 17 Â°C,63 %,,6 km/h,-,999.35 hPa,0 mm,,2024,2
2/14/2024,36 Â°C / 18 Â°C,18 Â°C / 17 Â°C,62 %,,7 km/h,-,999.53 hPa,0 mm,,2024,2
2/13/2024,34 Â°C / 19 Â°C,20 Â°C / 18 Â°C,67 %,,7 km/h,-,1001.58 hPa,0 mm,,2024,2
2/12/2024,33 Â°C / 20 Â°C,21 Â°C / 18 Â°C,70 %,,6 km/h,-,1003.69 hPa,0 mm,,2024,2
2/11/2024,31 Â°C / 22 Â°C,21 Â°C / 18 Â°C,64 %,,9 km/h,-,1004.5 hPa,0 mm,,2024,2
2/10/2024,32 Â°C / 22 Â°C,23 Â°C / 20 Â°C,73 %,,13 km/h,-,1000.79 hPa,0 mm,,2024,2
2/9/2024,36 Â°C / 20 Â°C,23 Â°C / 18 Â°C,68 %,,6 km/h,-,997.84 hPa,0 mm,,2024,2
2/8/2024,36 Â°C / 21 Â°C,19 Â°C / 17 Â°C,57 %,,11 km/h,-,996.31 hPa,0 mm,,2024,2
2/7/2024,36 Â°C / 18 Â°C,18 Â°C / 16 Â°C,57 %,,6 km/h,-,998.15 hPa,0 mm,,2024,2
2/6/2024,36 Â°C / 18 Â°C,17 Â°C / 9 Â°C,53 %,,13 km/h,-,999.43 hPa,0 mm,,2024,2
2/5/2024,34 Â°C / 17 Â°C,17 Â°C / 12 Â°C,54 %,,15 km/h,-,999.08 hPa,0 mm,,2024,2
2/4/2024,34 Â°C / 21 Â°C,17 Â°C / 13 Â°C,53 %,,9 km/h,-,999.54 hPa,0 mm,,2024,2
2/3/2024,34 Â°C / 21 Â°C,19 Â°C / 17 Â°C,59 %,,11 km/h,-,998.85 hPa,0 mm,,2024,2
2/2/2024,35 Â°C / 22 Â°C,21 Â°C / 18 Â°C,61 %,,13 km/h,-,998.47 hPa,0 mm,,2024,2
2/1/2024,34 Â°C / 20 Â°C,21 Â°C / 17 Â°C,66 %,,6 km/h,-,999.99 hPa,0 mm,,2024,2
3/31/2024,39 Â°C / 28 Â°C,19 Â°C / 13 Â°C,33 %,,11 km/h,-,995.9 hPa,0 mm,,2024,3
3/30/2024,40 Â°C / 26 Â°C,22 Â°C / 14 Â°C,43 %,,17 km/h,-,996.43 hPa,0 mm,,2024,3
3/29/2024,38 Â°C / 25 Â°C,22 Â°C / 19 Â°C,53 %,,7 km/h,-,995.19 hPa,0 mm,,2024,3
3/28/2024,40 Â°C / 25 Â°C,23 Â°C / 16 Â°C,55 %,,9 km/h,-,995.76 hPa,0 mm,,2024,3
3/27/2024,36 Â°C / 26 Â°C,24 Â°C / 21 Â°C,64 %,,6 km/h,-,998.66 hPa,0 mm,,2024,3
3/26/2024,39 Â°C / 22 Â°C,22 Â°C / 16 Â°C,52 %,,6 km/h,-,996.83 hPa,0 mm,,2024,3
3/25/2024,39 Â°C / 22 Â°C,18 Â°C / 12 Â°C,41 %,,6 km/h,-,995.76 hPa,0 mm,,2024,3
3/24/2024,38 Â°C / 23 Â°C,17 Â°C / 14 Â°C,41 %,,11 km/h,-,995.51 hPa,0 mm,,2024,3
3/23/2024,38 Â°C / 26 Â°C,21 Â°C / 16 Â°C,49 %,,11 km/h,-,993.56 hPa,0 mm,,2024,3
3/22/2024,36 Â°C / 25 Â°C,22 Â°C / 19 Â°C,59 %,,11 km/h,-,994.11 hPa,0 mm,,2024,3
3/21/2024,33 Â°C / 24 Â°C,24 Â°C / 21 Â°C,73 %,,6 km/h,-,998.39 hPa,0.3 mm,,2024,3
3/20/2024,29 Â°C / 23 Â°C,23 Â°C / 21 Â°C,81 %,,6 km/h,-,1001.16 hPa,0 mm,,2024,3
3/19/2024,38 Â°C / 24 Â°C,22 Â°C / 19 Â°C,59 %,,15 km/h,-,996.05 hPa,0.4 mm,,2024,3
3/18/2024,41 Â°C / 27 Â°C,22 Â°C / 19 Â°C,53 %,,4 km/h,-,994.95 hPa,0 mm,,2024,3
3/17/2024,37 Â°C / 26 Â°C,22 Â°C / 19 Â°C,55 %,,6 km/h,-,996.51 hPa,0 mm,,2024,3
3/16/2024,39 Â°C / 24 Â°C,22 Â°C / 17 Â°C,51 %,,7 km/h,-,996.55 hPa,0 mm,,2024,3
3/15/2024,39 Â°C / 26 Â°C,18 Â°C / 12 Â°C,40 %,,7 km/h,-,995.71 hPa,0 mm,,2024,3
3/14/2024,38 Â°C / 26 Â°C,18 Â°C / 8 Â°C,37 %,,13 km/h,-,996.08 hPa,0 mm,,2024,3
3/13/2024,37 Â°C / 22 Â°C,19 Â°C / 11 Â°C,43 %,,15 km/h,-,996.72 hPa,0 mm,,2024,3
3/12/2024,38 Â°C / 25 Â°C,19 Â°C / 16 Â°C,46 %,,9 km/h,-,996.89 hPa,0 mm,,2024,3
3/11/2024,38 Â°C / 24 Â°C,23 Â°C / 17 Â°C,49 %,,7 km/h,-,997.78 hPa,0 mm,,2024,3
3/10/2024,38 Â°C / 24 Â°C,20 Â°C / 16 Â°C,50 %,,13 km/h,-,996.98 hPa,0 mm,,2024,3
3/9/2024,38 Â°C / 28 Â°C,22 Â°C / 17 Â°C,50 %,,19 km/h,-,994.65 hPa,0 mm,,2024,3
3/8/2024,38 Â°C / 25 Â°C,24 Â°C / 20 Â°C,58 %,,7 km/h,-,993.55 hPa,0 mm,,2024,3
3/7/2024,39 Â°C / 25 Â°C,23 Â°C / 19 Â°C,60 %,,6 km/h,-,992.89 hPa,0 mm,,2024,3
3/6/2024,39 Â°C / 26 Â°C,22 Â°C / 21 Â°C,53 %,,6 km/h,-,992.89 hPa,0 mm,,2024,3
3/5/2024,39 Â°C / 24 Â°C,21 Â°C / 14 Â°C,42 %,,7 km/h,-,994.03 hPa,0 mm,,2024,3
3/4/2024,38 Â°C / 26 Â°C,20 Â°C / 15 Â°C,46 %,,19 km/h,-,995.26 hPa,0 mm,,2024,3
3/3/2024,38 Â°C / 24 Â°C,23 Â°C / 21 Â°C,61 %,,4 km/h,-,996.01 hPa,0 mm,,2024,3
3/2/2024,36 Â°C / 24 Â°C,24 Â°C / 21 Â°C,66 %,,6 km/h,-,996.25 hPa,0 mm,,2024,3
3/1/2024,38 Â°C / 24 Â°C,22 Â°C / 18 Â°C,57 %,,11 km/h,-,995.96 hPa,0 mm,,2024,3
4/30/2024,40 Â°C / 31 Â°C,24 Â°C / 22 Â°C,51 %,,17 km/h,-,989.66 hPa,0 mm,,2024,4
4/29/2024,41 Â°C / 30 Â°C,24 Â°C / 22 Â°C,52 %,,11 km/h,-,991.64 hPa,0 mm,,2024,4
4/28/2024,42 Â°C / 30 Â°C,25 Â°C / 20 Â°C,49 %,,13 km/h,-,990.84 hPa,0 mm,,2024,4
4/27/2024,42 Â°C / 31 Â°C,24 Â°C / 18 Â°C,47 %,,19 km/h,-,990.53 hPa,0 mm,,2024,4
4/26/2024,40 Â°C / 31 Â°C,24 Â°C / 21 Â°C,49 %,,19 km/h,-,990.64 hPa,0 mm,,2024,4
4/25/2024,41 Â°C / 29 Â°C,23 Â°C / 21 Â°C,50 %,,17 km/h,-,991.36 hPa,0 mm,,2024,4
4/24/2024,40 Â°C / 30 Â°C,24 Â°C / 21 Â°C,53 %,,9 km/h,-,990.9 hPa,0 mm,,2024,4
4/23/2024,41 Â°C / 30 Â°C,25 Â°C / 22 Â°C,54 %,,17 km/h,-,990.34 hPa,0 mm,,2024,4
4/22/2024,40 Â°C / 30 Â°C,25 Â°C / 21 Â°C,52 %,,19 km/h,-,990.81 hPa,0 mm,,2024,4
4/21/2024,39 Â°C / 29 Â°C,24 Â°C / 19 Â°C,52 %,,17 km/h,-,991.25 hPa,0 mm,,2024,4
4/20/2024,38 Â°C / 29 Â°C,22 Â°C / 18 Â°C,46 %,,19 km/h,-,990.5 hPa,0 mm,,2024,4
4/19/2024,38 Â°C / 29 Â°C,23 Â°C / 18 Â°C,49 %,,19 km/h,-,990.59 hPa,0 mm,,2024,4
4/18/2024,39 Â°C / 29 Â°C,23 Â°C / 18 Â°C,46 %,,13 km/h,-,991.63 hPa,0 mm,,2024,4
4/17/2024,39 Â°C / 29 Â°C,24 Â°C / 22 Â°C,54 %,,15 km/h,-,992.55 hPa,0 mm,,2024,4
4/16/2024,40 Â°C / 27 Â°C,25 Â°C / 22 Â°C,65 %,,7 km/h,-,993.56 hPa,0 mm,,2024,4
4/15/2024,41 Â°C / 25 Â°C,25 Â°C / 21 Â°C,64 %,,6 km/h,-,994.93 hPa,0 mm,,2024,4
4/14/2024,41 Â°C / 26 Â°C,24 Â°C / 22 Â°C,65 %,,7 km/h,-,994.35 hPa,21 mm,,2024,4
4/13/2024,42 Â°C / 27 Â°C,23 Â°C / 20 Â°C,51 %,,7 km/h,-,994.18 hPa,0 mm,,2024,4
4/12/2024,40 Â°C / 28 Â°C,25 Â°C / 21 Â°C,51 %,,6 km/h,-,994.56 hPa,0 mm,,2024,4
4/11/2024,39 Â°C / 26 Â°C,24 Â°C / 18 Â°C,53 %,,6 km/h,-,995.99 hPa,0 mm,,2024,4
4/10/2024,36 Â°C / 28 Â°C,23 Â°C / 19 Â°C,57 %,,11 km/h,-,996.44 hPa,0 mm,,2024,4
4/9/2024,42 Â°C / 31 Â°C,24 Â°C / 18 Â°C,46 %,,6 km/h,-,993.34 hPa,0 mm,,2024,4
4/8/2024,41 Â°C / 31 Â°C,21 Â°C / 15 Â°C,37 %,,7 km/h,-,992.88 hPa,0 mm,,2024,4
4/7/2024,41 Â°C / 29 Â°C,24 Â°C / 19 Â°C,51 %,,11 km/h,-,991.91 hPa,0 mm,,2024,4
4/6/2024,41 Â°C / 29 Â°C,26 Â°C / 19 Â°C,55 %,,9 km/h,-,992.13 hPa,0 mm,,2024,4
4/5/2024,42 Â°C / 29 Â°C,23 Â°C / 19 Â°C,46 %,,13 km/h,-,991.45 hPa,0 mm,,2024,4
4/4/2024,41 Â°C / 29 Â°C,22 Â°C / 19 Â°C,46 %,,15 km/h,-,992.59 hPa,0 mm,,2024,4
4/3/2024,41 Â°C / 29 Â°C,22 Â°C / 17 Â°C,44 %,,19 km/h,-,992.62 hPa,0 mm,,2024,4
4/2/2024,41 Â°C / 29 Â°C,21 Â°C / 16 Â°C,43 %,,15 km/h,-,991.85 hPa,0 mm,,2024,4
4/1/2024,40 Â°C / 29 Â°C,21 Â°C / 16 Â°C,38 %,,13 km/h,-,993.22 hPa,0 mm,,2024,4
5/31/2024,37 Â°C / 27 Â°C,28 Â°C / 24 Â°C,68 %,,19 km/h,-,990.98 hPa,0 mm,,2024,5
5/30/2024,37 Â°C / 28 Â°C,27 Â°C / 24 Â°C,73 %,,15 km/h,-,990.91 hPa,2 mm,,2024,5
5/29/2024,34 Â°C / 28 Â°C,28 Â°C / 24 Â°C,81 %,,11 km/h,-,991.42 hPa,1 mm,,2024,5
5/28/2024,35 Â°C / 28 Â°C,27 Â°C / 23 Â°C,78 %,,9 km/h,-,991.7 hPa,0 mm,,2024,5
5/27/2024,37 Â°C / 27 Â°C,28 Â°C / 23 Â°C,73 %,,15 km/h,-,992.27 hPa,0 mm,,2024,5
5/26/2024,36 Â°C / 27 Â°C,28 Â°C / 24 Â°C,82 %,,9 km/h,-,993.15 hPa,0 mm,,2024,5
5/25/2024,33 Â°C / 27 Â°C,28 Â°C / 25 Â°C,86 %,,6 km/h,-,992.63 hPa,0.2 mm,,2024,5
5/24/2024,32 Â°C / 26 Â°C,28 Â°C / 24 Â°C,91 %,,6 km/h,-,991.4 hPa,15 mm,,2024,5
5/23/2024,34 Â°C / 27 Â°C,27 Â°C / 24 Â°C,81 %,,9 km/h,-,991.42 hPa,6 mm,,2024,5
5/22/2024,37 Â°C / 28 Â°C,27 Â°C / 24 Â°C,71 %,,7 km/h,-,992.78 hPa,0 mm,,2024,5
5/21/2024,34 Â°C / 28 Â°C,28 Â°C / 23 Â°C,69 %,,15 km/h,-,991.9 hPa,0 mm,,2024,5
5/20/2024,40 Â°C / 30 Â°C,27 Â°C / 23 Â°C,58 %,,17 km/h,-,989.9 hPa,0 mm,,2024,5
5/19/2024,39 Â°C / 32 Â°C,27 Â°C / 23 Â°C,59 %,,20 km/h,-,990.03 hPa,0 mm,,2024,5
5/18/2024,41 Â°C / 28 Â°C,28 Â°C / 24 Â°C,68 %,,13 km/h,-,991.82 hPa,0 mm,,2024,5
5/17/2024,39 Â°C / 29 Â°C,27 Â°C / 22 Â°C,69 %,,13 km/h,-,993.54 hPa,0 mm,,2024,5
5/16/2024,41 Â°C / 29 Â°C,28 Â°C / 24 Â°C,67 %,,9 km/h,-,993.98 hPa,0 mm,,2024,5
5/15/2024,39 Â°C / 28 Â°C,28 Â°C / 24 Â°C,67 %,,9 km/h,-,994.99 hPa,7 mm,,2024,5
5/14/2024,39 Â°C / 26 Â°C,27 Â°C / 23 Â°C,68 %,,11 km/h,-,995.52 hPa,1 mm,,2024,5
5/13/2024,41 Â°C / 26 Â°C,26 Â°C / 22 Â°C,59 %,,15 km/h,-,994.29 hPa,0 mm,,2024,5
5/12/2024,42 Â°C / 29 Â°C,26 Â°C / 22 Â°C,64 %,,11 km/h,-,995.93 hPa,0 mm,,2024,5
5/11/2024,38 Â°C / 27 Â°C,26 Â°C / 23 Â°C,76 %,,9 km/h,-,997.31 hPa,0 mm,,2024,5
5/10/2024,39 Â°C / 27 Â°C,27 Â°C / 24 Â°C,71 %,,11 km/h,-,995.59 hPa,2 mm,,2024,5
5/9/2024,39 Â°C / 29 Â°C,25 Â°C / 22 Â°C,59 %,,11 km/h,-,994.19 hPa,0 mm,,2024,5
5/8/2024,40 Â°C / 27 Â°C,26 Â°C / 23 Â°C,63 %,,9 km/h,-,995.15 hPa,0 mm,,2024,5
5/7/2024,42 Â°C / 28 Â°C,27 Â°C / 21 Â°C,56 %,,13 km/h,-,994.71 hPa,0 mm,,2024,5
5/6/2024,43 Â°C / 31 Â°C,25 Â°C / 19 Â°C,52 %,,15 km/h,-,992.4 hPa,0 mm,,2024,5
5/5/2024,42 Â°C / 32 Â°C,26 Â°C / 18 Â°C,49 %,,22 km/h,-,991.03 hPa,0 mm,,2024,5
5/4/2024,42 Â°C / 32 Â°C,26 Â°C / 20 Â°C,51 %,,19 km/h,-,991.38 hPa,0 mm,,2024,5
5/3/2024,41 Â°C / 31 Â°C,25 Â°C / 19 Â°C,52 %,,17 km/h,-,991.76 hPa,0 mm,,2024,5
5/2/2024,42 Â°C / 32 Â°C,24 Â°C / 22 Â°C,51 %,,17 km/h,-,989.68 hPa,0 mm,,2024,5
5/1/2024,42 Â°C / 32 Â°C,25 Â°C / 23 Â°C,55 %,,17 km/h,-,989.02 hPa,0 mm,,2024,5
6/30/2024,34 Â°C / 27 Â°C,26 Â°C / 23 Â°C,70 %,,17 km/h,-,994.19 hPa,0 mm,,2024,6
6/29/2024,38 Â°C / 30 Â°C,27 Â°C / 23 Â°C,68 %,,17 km/h,-,993.25 hPa,0 mm,,2024,6
6/28/2024,38 Â°C / 29 Â°C,27 Â°C / 23 Â°C,67 %,,17 km/h,-,993.09 hPa,0 mm,,2024,6
6/27/2024,36 Â°C / 26 Â°C,28 Â°C / 23 Â°C,75 %,,13 km/h,-,992.73 hPa,0 mm,,2024,6
6/26/2024,31 Â°C / 27 Â°C,28 Â°C / 24 Â°C,91 %,,6 km/h,-,990.09 hPa,5.6 mm,,2024,6
6/25/2024,34 Â°C / 26 Â°C,29 Â°C / 23 Â°C,78 %,,9 km/h,-,988.32 hPa,43 mm,,2024,6
6/24/2024,36 Â°C / 28 Â°C,27 Â°C / 22 Â°C,76 %,,13 km/h,-,989.62 hPa,0 mm,,2024,6
6/23/2024,37 Â°C / 28 Â°C,26 Â°C / 23 Â°C,67 %,,20 km/h,-,989.36 hPa,0.2 mm,,2024,6
6/22/2024,39 Â°C / 29 Â°C,27 Â°C / 23 Â°C,64 %,,15 km/h,-,988.53 hPa,0 mm,,2024,6
6/21/2024,39 Â°C / 28 Â°C,26 Â°C / 23 Â°C,66 %,,13 km/h,-,989.95 hPa,0 mm,,2024,6
6/20/2024,36 Â°C / 28 Â°C,27 Â°C / 23 Â°C,70 %,,15 km/h,-,990.91 hPa,0 mm,,2024,6
6/19/2024,37 Â°C / 28 Â°C,26 Â°C / 22 Â°C,69 %,,19 km/h,-,991.29 hPa,0 mm,,2024,6
6/18/2024,34 Â°C / 29 Â°C,26 Â°C / 22 Â°C,70 %,,20 km/h,-,992.2 hPa,0 mm,,2024,6
6/17/2024,37 Â°C / 30 Â°C,26 Â°C / 23 Â°C,68 %,,17 km/h,-,992.48 hPa,0 mm,,2024,6
6/16/2024,36 Â°C / 29 Â°C,27 Â°C / 23 Â°C,71 %,,17 km/h,-,992.28 hPa,0 mm,,2024,6
6/15/2024,34 Â°C / 28 Â°C,28 Â°C / 23 Â°C,78 %,,11 km/h,-,991.76 hPa,1 mm,,2024,6
6/14/2024,34 Â°C / 28 Â°C,27 Â°C / 22 Â°C,77 %,,19 km/h,-,991.77 hPa,0 mm,,2024,6
6/13/2024,33 Â°C / 28 Â°C,27 Â°C / 22 Â°C,74 %,,17 km/h,-,994.01 hPa,0 mm,,2024,6
6/12/2024,34 Â°C / 26 Â°C,26 Â°C / 23 Â°C,74 %,,15 km/h,-,993.9 hPa,0.2 mm,,2024,6
6/11/2024,35 Â°C / 27 Â°C,28 Â°C / 23 Â°C,84 %,,7 km/h,-,990.86 hPa,14.6 mm,,2024,6
6/10/2024,37 Â°C / 28 Â°C,27 Â°C / 23 Â°C,76 %,,9 km/h,-,989.71 hPa,0 mm,,2024,6
6/9/2024,37 Â°C / 29 Â°C,27 Â°C / 23 Â°C,70 %,,22 km/h,-,989.78 hPa,0 mm,,2024,6
6/8/2024,36 Â°C / 27 Â°C,26 Â°C / 23 Â°C,73 %,,19 km/h,-,990.04 hPa,0.2 mm,,2024,6
6/7/2024,35 Â°C / 27 Â°C,28 Â°C / 23 Â°C,77 %,,13 km/h,-,991.77 hPa,0.2 mm,,2024,6
6/6/2024,34 Â°C / 27 Â°C,28 Â°C / 23 Â°C,81 %,,13 km/h,-,993.13 hPa,2 mm,,2024,6
6/5/2024,36 Â°C / 28 Â°C,28 Â°C / 22 Â°C,73 %,,20 km/h,-,992.9 hPa,0.3 mm,,2024,6
6/4/2024,36 Â°C / 28 Â°C,26 Â°C / 23 Â°C,72 %,,20 km/h,-,993.25 hPa,0 mm,,2024,6
6/3/2024,33 Â°C / 27 Â°C,27 Â°C / 24 Â°C,79 %,,11 km/h,-,993.13 hPa,1 mm,,2024,6
6/2/2024,33 Â°C / 27 Â°C,28 Â°C / 24 Â°C,81 %,,15 km/h,-,994.19 hPa,1 mm,,2024,6
6/1/2024,37 Â°C / 27 Â°C,28 Â°C / 23 Â°C,71 %,,11 km/h,-,992.45 hPa,2 mm,,2024,6
7/31/2024,30 Â°C / 27 Â°C,27 Â°C / 24 Â°C,88 %,,6 km/h,-,991.9 hPa,13 mm,,2024,7
7/30/2024,31 Â°C / 26 Â°C,28 Â°C / 23 Â°C,88 %,,4 km/h,-,990.77 hPa,6 mm,,2024,7
7/29/2024,33 Â°C / 27 Â°C,26 Â°C / 23 Â°C,76 %,,19 km/h,-,989.75 hPa,0 mm,,2024,7
7/28/2024,32 Â°C / 27 Â°C,27 Â°C / 23 Â°C,78 %,,15 km/h,-,990.28 hPa,0 mm,,2024,7
7/27/2024,34 Â°C / 27 Â°C,27 Â°C / 24 Â°C,79 %,,11 km/h,-,989.66 hPa,1.2 mm,,2024,7
7/26/2024,32 Â°C / 26 Â°C,27 Â°C / 23 Â°C,82 %,,13 km/h,-,987.68 hPa,3 mm,,2024,7
7/25/2024,31 Â°C / 27 Â°C,27 Â°C / 22 Â°C,81 %,,19 km/h,-,986.24 hPa,4.6 mm,,2024,7
7/24/2024,34 Â°C / 28 Â°C,26 Â°C / 22 Â°C,77 %,,17 km/h,-,988.63 hPa,0.2 mm,,2024,7
7/23/2024,34 Â°C / 29 Â°C,25 Â°C / 22 Â°C,72 %,,22 km/h,-,991.5 hPa,0 mm,,2024,7
7/22/2024,34 Â°C / 28 Â°C,26 Â°C / 23 Â°C,74 %,,17 km/h,-,993.13 hPa,0 mm,,2024,7
7/21/2024,34 Â°C / 26 Â°C,26 Â°C / 23 Â°C,77 %,,17 km/h,-,991.69 hPa,2 mm,,2024,7
7/20/2024,35 Â°C / 28 Â°C,27 Â°C / 23 Â°C,73 %,,19 km/h,-,991.67 hPa,0 mm,,2024,7
7/19/2024,34 Â°C / 28 Â°C,26 Â°C / 23 Â°C,73 %,,19 km/h,-,990.41 hPa,0 mm,,2024,7
7/18/2024,34 Â°C / 27 Â°C,26 Â°C / 23 Â°C,73 %,,19 km/h,-,989.53 hPa,0 mm,,2024,7
7/17/2024,36 Â°C / 26 Â°C,27 Â°C / 23 Â°C,78 %,,13 km/h,-,988.61 hPa,0 mm,,2024,7
7/16/2024,33 Â°C / 26 Â°C,26 Â°C / 23 Â°C,77 %,,22 km/h,-,988.83 hPa,11.4 mm,,2024,7
7/15/2024,35 Â°C / 29 Â°C,24 Â°C / 22 Â°C,64 %,,20 km/h,-,991.23 hPa,0 mm,,2024,7
7/14/2024,37 Â°C / 27 Â°C,26 Â°C / 22 Â°C,67 %,,20 km/h,-,989.81 hPa,0.4 mm,,2024,7
7/13/2024,35 Â°C / 29 Â°C,26 Â°C / 22 Â°C,67 %,,19 km/h,-,989.11 hPa,0 mm,,2024,7
7/12/2024,35 Â°C / 28 Â°C,25 Â°C / 22 Â°C,68 %,,19 km/h,-,990.85 hPa,0 mm,,2024,7
7/11/2024,36 Â°C / 29 Â°C,26 Â°C / 22 Â°C,67 %,,22 km/h,-,992.59 hPa,0 mm,,2024,7
7/10/2024,37 Â°C / 30 Â°C,26 Â°C / 22 Â°C,65 %,,17 km/h,-,993.51 hPa,0 mm,,2024,7
7/9/2024,38 Â°C / 27 Â°C,29 Â°C / 23 Â°C,66 %,,17 km/h,-,992.33 hPa,0 mm,,2024,7
7/8/2024,38 Â°C / 27 Â°C,28 Â°C / 23 Â°C,78 %,,11 km/h,-,991.1 hPa,0.4 mm,,2024,7
7/7/2024,38 Â°C / 28 Â°C,27 Â°C / 23 Â°C,70 %,,9 km/h,-,991.33 hPa,0 mm,,2024,7
7/6/2024,38 Â°C / 29 Â°C,27 Â°C / 22 Â°C,69 %,,13 km/h,-,991.13 hPa,0 mm,,2024,7
7/5/2024,37 Â°C / 27 Â°C,27 Â°C / 22 Â°C,72 %,,11 km/h,-,992.41 hPa,0 mm,,2024,7
7/4/2024,36 Â°C / 28 Â°C,27 Â°C / 23 Â°C,74 %,,9 km/h,-,994.24 hPa,0 mm,,2024,7
7/3/2024,37 Â°C / 28 Â°C,26 Â°C / 23 Â°C,69 %,,17 km/h,-,992.8 hPa,0 mm,,2024,7
7/2/2024,34 Â°C / 28 Â°C,26 Â°C / 22 Â°C,68 %,,20 km/h,-,992.25 hPa,0 mm,,2024,7
7/1/2024,34 Â°C / 27 Â°C,26 Â°C / 22 Â°C,73 %,,20 km/h,-,993.74 hPa,1 mm,,2024,7
8/31/2024,37 Â°C / 29 Â°C,26 Â°C / 22 Â°C,69 %,,15 km/h,-,993.33 hPa,0 mm,,2024,8
8/30/2024,36 Â°C / 25 Â°C,27 Â°C / 22 Â°C,77 %,,20 km/h,-,992.17 hPa,0 mm,,2024,8
8/29/2024,33 Â°C / 26 Â°C,28 Â°C / 24 Â°C,88 %,,7 km/h,-,991.18 hPa,17.4 mm,,2024,8
8/28/2024,37 Â°C / 27 Â°C,26 Â°C / 23 Â°C,77 %,,9 km/h,-,990.71 hPa,6 mm,,2024,8
8/27/2024,35 Â°C / 28 Â°C,27 Â°C / 23 Â°C,74 %,,19 km/h,-,992.75 hPa,2 mm,,2024,8
8/26/2024,37 Â°C / 28 Â°C,26 Â°C / 22 Â°C,75 %,,15 km/h,-,992.6 hPa,0.5 mm,,2024,8
8/25/2024,37 Â°C / 27 Â°C,26 Â°C / 23 Â°C,71 %,,22 km/h,-,994.09 hPa,0.1 mm,,2024,8
8/24/2024,37 Â°C / 27 Â°C,26 Â°C / 23 Â°C,70 %,,17 km/h,-,994.81 hPa,0 mm,,2024,8
8/23/2024,34 Â°C / 26 Â°C,26 Â°C / 23 Â°C,71 %,,15 km/h,-,995.71 hPa,0.8 mm,,2024,8
8/22/2024,37 Â°C / 28 Â°C,25 Â°C / 22 Â°C,69 %,,20 km/h,-,994.6 hPa,0 mm,,2024,8
8/21/2024,33 Â°C / 27 Â°C,26 Â°C / 23 Â°C,75 %,,22 km/h,-,994.05 hPa,1 mm,,2024,8
8/20/2024,34 Â°C / 27 Â°C,26 Â°C / 23 Â°C,73 %,,11 km/h,-,994.08 hPa,0 mm,,2024,8
8/19/2024,37 Â°C / 29 Â°C,26 Â°C / 23 Â°C,69 %,,24 km/h,-,992.91 hPa,0.2 mm,,2024,8
8/18/2024,37 Â°C / 29 Â°C,28 Â°C / 23 Â°C,72 %,,13 km/h,-,993.35 hPa,0.6 mm,,2024,8
8/17/2024,37 Â°C / 29 Â°C,26 Â°C / 23 Â°C,67 %,,20 km/h,-,992.88 hPa,0 mm,,2024,8
8/16/2024,36 Â°C / 28 Â°C,26 Â°C / 23 Â°C,69 %,,20 km/h,-,991.41 hPa,0 mm,,2024,8
8/15/2024,37 Â°C / 28 Â°C,27 Â°C / 23 Â°C,69 %,,17 km/h,-,991.79 hPa,0 mm,,2024,8
8/14/2024,37 Â°C / 27 Â°C,26 Â°C / 23 Â°C,73 %,,13 km/h,-,992.59 hPa,0 mm,,2024,8
8/13/2024,34 Â°C / 27 Â°C,26 Â°C / 21 Â°C,73 %,,24 km/h,-,992.06 hPa,0 mm,,2024,8
8/12/2024,33 Â°C / 29 Â°C,26 Â°C / 23 Â°C,69 %,,20 km/h,-,990.44 hPa,0 mm,,2024,8
8/11/2024,37 Â°C / 30 Â°C,26 Â°C / 23 Â°C,67 %,,26 km/h,-,990.49 hPa,0 mm,,2024,8
8/10/2024,37 Â°C / 30 Â°C,26 Â°C / 22 Â°C,66 %,,19 km/h,-,992.35 hPa,0 mm,,2024,8
8/9/2024,36 Â°C / 29 Â°C,26 Â°C / 23 Â°C,68 %,,20 km/h,-,993.75 hPa,0 mm,,2024,8
8/8/2024,36 Â°C / 28 Â°C,26 Â°C / 22 Â°C,66 %,,19 km/h,-,994.68 hPa,0 mm,,2024,8
8/7/2024,37 Â°C / 28 Â°C,27 Â°C / 22 Â°C,71 %,,13 km/h,-,993.64 hPa,0 mm,,2024,8
8/6/2024,34 Â°C / 29 Â°C,27 Â°C / 22 Â°C,72 %,,13 km/h,-,992.81 hPa,0 mm,,2024,8
8/5/2024,36 Â°C / 26 Â°C,26 Â°C / 23 Â°C,70 %,,19 km/h,-,992.64 hPa,0 mm,,2024,8
8/4/2024,36 Â°C / 26 Â°C,27 Â°C / 22 Â°C,73 %,,22 km/h,-,993.31 hPa,0 mm,,2024,8
8/3/2024,35 Â°C / 27 Â°C,28 Â°C / 22 Â°C,80 %,,11 km/h,-,993.42 hPa,0 mm,,2024,8
8/2/2024,31 Â°C / 26 Â°C,27 Â°C / 24 Â°C,92 %,,4 km/h,-,993.1 hPa,8.4 mm,,2024,8
8/1/2024,30 Â°C / 27 Â°C,27 Â°C / 24 Â°C,92 %,,4 km/h,-,992.97 hPa,6 mm,,2024,8
9/30/2024,34 Â°C / 26 Â°C,26 Â°C / 22 Â°C,67 %,,19 km/h,-,992.41 hPa,0 mm,,2024,9
9/29/2024,38 Â°C / 28 Â°C,27 Â°C / 24 Â°C,69 %,,17 km/h,-,993.41 hPa,0 mm,,2024,9
9/28/2024,38 Â°C / 27 Â°C,28 Â°C / 25 Â°C,74 %,,7 km/h,-,994.53 hPa,0 mm,,2024,9
9/27/2024,37 Â°C / 26 Â°C,27 Â°C / 24 Â°C,77 %,,7 km/h,-,995.61 hPa,0 mm,,2024,9
9/26/2024,34 Â°C / 26 Â°C,27 Â°C / 24 Â°C,84 %,,6 km/h,-,996.23 hPa,1 mm,,2024,9
9/25/2024,32 Â°C / 25 Â°C,26 Â°C / 23 Â°C,83 %,,7 km/h,-,996.24 hPa,1 mm,,2024,9
9/24/2024,32 Â°C / 26 Â°C,26 Â°C / 24 Â°C,91 %,,6 km/h,-,995.02 hPa,3.5 mm,,2024,9
9/23/2024,32 Â°C / 25 Â°C,26 Â°C / 24 Â°C,90 %,,7 km/h,-,993.11 hPa,6 mm,,2024,9
9/22/2024,31 Â°C / 26 Â°C,27 Â°C / 24 Â°C,89 %,,7 km/h,-,990.06 hPa,5.2 mm,,2024,9
9/21/2024,31 Â°C / 26 Â°C,26 Â°C / 24 Â°C,93 %,,6 km/h,-,989.33 hPa,26 mm,,2024,9
9/20/2024,36 Â°C / 26 Â°C,26 Â°C / 23 Â°C,79 %,,11 km/h,-,988.64 hPa,1.9 mm,,2024,9
9/19/2024,37 Â°C / 26 Â°C,27 Â°C / 24 Â°C,80 %,,7 km/h,-,988.39 hPa,3 mm,,2024,9
9/18/2024,36 Â°C / 27 Â°C,27 Â°C / 24 Â°C,81 %,,11 km/h,-,989.1 hPa,0 mm,,2024,9
9/17/2024,34 Â°C / 28 Â°C,27 Â°C / 23 Â°C,77 %,,17 km/h,-,990 hPa,0 mm,,2024,9
9/16/2024,37 Â°C / 29 Â°C,28 Â°C / 22 Â°C,70 %,,19 km/h,-,990.15 hPa,0.4 mm,,2024,9
9/15/2024,36 Â°C / 29 Â°C,26 Â°C / 22 Â°C,68 %,,22 km/h,-,990.29 hPa,0 mm,,2024,9
9/14/2024,36 Â°C / 28 Â°C,26 Â°C / 23 Â°C,69 %,,17 km/h,-,990.49 hPa,0 mm,,2024,9
9/13/2024,36 Â°C / 27 Â°C,27 Â°C / 23 Â°C,75 %,,19 km/h,-,991.98 hPa,0 mm,,2024,9
9/12/2024,34 Â°C / 25 Â°C,27 Â°C / 23 Â°C,84 %,,7 km/h,-,993.42 hPa,12 mm,,2024,9
9/11/2024,33 Â°C / 25 Â°C,27 Â°C / 23 Â°C,86 %,,15 km/h,-,992.27 hPa,0 mm,,2024,9
9/10/2024,29 Â°C / 26 Â°C,27 Â°C / 23 Â°C,88 %,,7 km/h,-,990.61 hPa,3.2 mm,,2024,9
9/9/2024,31 Â°C / 26 Â°C,26 Â°C / 23 Â°C,84 %,,11 km/h,-,991.23 hPa,3 mm,,2024,9
9/8/2024,33 Â°C / 29 Â°C,26 Â°C / 23 Â°C,73 %,,17 km/h,-,991.66 hPa,0 mm,,2024,9
9/7/2024,34 Â°C / 29 Â°C,26 Â°C / 22 Â°C,67 %,,22 km/h,-,990.94 hPa,0 mm,,2024,9
9/6/2024,36 Â°C / 29 Â°C,26 Â°C / 22 Â°C,68 %,,22 km/h,-,990.56 hPa,0 mm,,2024,9
9/5/2024,37 Â°C / 29 Â°C,26 Â°C / 22 Â°C,67 %,,19 km/h,-,990.28 hPa,0 mm,,2024,9
9/4/2024,37 Â°C / 27 Â°C,28 Â°C / 23 Â°C,71 %,,17 km/h,-,990.85 hPa,0 mm,,2024,9
9/3/2024,36 Â°C / 27 Â°C,27 Â°C / 25 Â°C,81 %,,9 km/h,-,991.76 hPa,0 mm,,2024,9
9/2/2024,34 Â°C / 26 Â°C,27 Â°C / 23 Â°C,80 %,,11 km/h,-,991.39 hPa,7 mm,,2024,9
9/1/2024,37 Â°C / 29 Â°C,27 Â°C / 23 Â°C,70 %,,19 km/h,-,992.33 hPa,0 mm,,2024,9
10/31/2024,38 Â°C / 26 Â°C,27 Â°C / 23 Â°C,71 %,,7 km/h,-,995.39 hPa,0 mm,,2024,10
10/30/2024,36 Â°C / 26 Â°C,27 Â°C / 23 Â°C,74 %,,7 km/h,-,995.08 hPa,0 mm,,2024,10
10/29/2024,36 Â°C / 26 Â°C,27 Â°C / 22 Â°C,72 %,,11 km/h,-,993.39 hPa,0 mm,,2024,10
10/28/2024,37 Â°C / 27 Â°C,27 Â°C / 23 Â°C,72 %,,7 km/h,-,990.98 hPa,0 mm,,2024,10
10/27/2024,38 Â°C / 28 Â°C,28 Â°C / 23 Â°C,71 %,,13 km/h,-,990.9 hPa,0 mm,,2024,10
10/26/2024,37 Â°C / 27 Â°C,27 Â°C / 23 Â°C,71 %,,56 km/h,-,992.7 hPa,0 mm,,2024,10
10/25/2024,37 Â°C / 25 Â°C,27 Â°C / 22 Â°C,70 %,,9 km/h,-,995.02 hPa,0 mm,,2024,10
10/24/2024,35 Â°C / 25 Â°C,26 Â°C / 23 Â°C,76 %,,6 km/h,-,996.61 hPa,0 mm,,2024,10
10/23/2024,34 Â°C / 25 Â°C,26 Â°C / 23 Â°C,77 %,,7 km/h,-,997.42 hPa,1 mm,,2024,10
10/22/2024,34 Â°C / 26 Â°C,28 Â°C / 24 Â°C,81 %,,9 km/h,-,996.76 hPa,1 mm,,2024,10
10/21/2024,32 Â°C / 25 Â°C,26 Â°C / 24 Â°C,85 %,,6 km/h,-,997.44 hPa,2 mm,,2024,10
10/20/2024,31 Â°C / 25 Â°C,27 Â°C / 23 Â°C,93 %,,9 km/h,-,996.9 hPa,19 mm,,2024,10
10/19/2024,34 Â°C / 25 Â°C,27 Â°C / 24 Â°C,84 %,,13 km/h,-,995.92 hPa,6 mm,,2024,10
10/18/2024,36 Â°C / 26 Â°C,28 Â°C / 24 Â°C,75 %,,6 km/h,-,995.23 hPa,0 mm,,2024,10
10/17/2024,33 Â°C / 26 Â°C,26 Â°C / 23 Â°C,81 %,,9 km/h,-,995.97 hPa,0 mm,,2024,10
10/16/2024,36 Â°C / 26 Â°C,28 Â°C / 24 Â°C,77 %,,6 km/h,-,995.74 hPa,0 mm,,2024,10
10/15/2024,37 Â°C / 27 Â°C,28 Â°C / 24 Â°C,75 %,,7 km/h,-,995.41 hPa,0 mm,,2024,10
10/14/2024,35 Â°C / 26 Â°C,28 Â°C / 24 Â°C,78 %,,6 km/h,-,995.67 hPa,0 mm,,2024,10
10/13/2024,34 Â°C / 26 Â°C,27 Â°C / 23 Â°C,82 %,,7 km/h,-,996.68 hPa,3 mm,,2024,10
10/12/2024,34 Â°C / 25 Â°C,27 Â°C / 24 Â°C,80 %,,9 km/h,-,996.63 hPa,0 mm,,2024,10
10/11/2024,34 Â°C / 25 Â°C,27 Â°C / 24 Â°C,81 %,,9 km/h,-,995.4 hPa,9 mm,,2024,10
10/10/2024,34 Â°C / 26 Â°C,27 Â°C / 23 Â°C,79 %,,7 km/h,-,995.7 hPa,0 mm,,2024,10
10/9/2024,34 Â°C / 26 Â°C,27 Â°C / 24 Â°C,80 %,,13 km/h,-,996.43 hPa,0 mm,,2024,10
10/8/2024,35 Â°C / 25 Â°C,27 Â°C / 23 Â°C,78 %,,7 km/h,-,997.76 hPa,0 mm,,2024,10
10/7/2024,35 Â°C / 26 Â°C,26 Â°C / 23 Â°C,76 %,,9 km/h,-,998.2 hPa,0 mm,,2024,10
10/6/2024,35 Â°C / 26 Â°C,27 Â°C / 24 Â°C,78 %,,7 km/h,-,997.12 hPa,0 mm,,2024,10
10/5/2024,34 Â°C / 27 Â°C,27 Â°C / 24 Â°C,79 %,,6 km/h,-,996.65 hPa,0 mm,,2024,10
10/4/2024,32 Â°C / 26 Â°C,27 Â°C / 23 Â°C,86 %,,6 km/h,-,996.41 hPa,1 mm,,2024,10
10/3/2024,29 Â°C / 26 Â°C,27 Â°C / 24 Â°C,96 %,,9 km/h,-,995.5 hPa,3.2 mm,,2024,10
10/2/2024,32 Â°C / 26 Â°C,27 Â°C / 24 Â°C,92 %,,9 km/h,-,994.04 hPa,21 mm,,2024,10
10/1/2024,34 Â°C / 26 Â°C,27 Â°C / 24 Â°C,83 %,,7 km/h,-,991.39 hPa,49 mm,,2024,10
11/30/2024,32 Â°C / 19 Â°C,21 Â°C / 17 Â°C,69 %,,9 km/h,-,999.03 hPa,0 mm,,2024,11
11/29/2024,31 Â°C / 23 Â°C,21 Â°C / 17 Â°C,70 %,,11 km/h,-,1000.87 hPa,0 mm,,2024,11
11/28/2024,32 Â°C / 23 Â°C,23 Â°C / 19 Â°C,74 %,,9 km/h,-,999.54 hPa,0 mm,,2024,11
11/27/2024,32 Â°C / 24 Â°C,24 Â°C / 21 Â°C,76 %,,11 km/h,-,997.75 hPa,0 mm,,2024,11
11/26/2024,34 Â°C / 24 Â°C,25 Â°C / 22 Â°C,74 %,,9 km/h,-,997.36 hPa,0 mm,,2024,11
11/25/2024,34 Â°C / 23 Â°C,24 Â°C / 21 Â°C,72 %,,9 km/h,-,997.48 hPa,0 mm,,2024,11
11/24/2024,33 Â°C / 23 Â°C,24 Â°C / 21 Â°C,73 %,,9 km/h,-,998.26 hPa,0 mm,,2024,11
11/23/2024,33 Â°C / 23 Â°C,24 Â°C / 20 Â°C,72 %,,9 km/h,-,998.38 hPa,0 mm,,2024,11
11/22/2024,34 Â°C / 22 Â°C,23 Â°C / 19 Â°C,73 %,,9 km/h,-,997.79 hPa,0 mm,,2024,11
11/21/2024,33 Â°C / 22 Â°C,23 Â°C / 20 Â°C,74 %,,7 km/h,-,997.66 hPa,0 mm,,2024,11
11/20/2024,34 Â°C / 23 Â°C,24 Â°C / 20 Â°C,70 %,,9 km/h,-,998 hPa,0 mm,,2024,11
11/19/2024,34 Â°C / 22 Â°C,24 Â°C / 21 Â°C,73 %,,11 km/h,-,998.41 hPa,0 mm,,2024,11
11/18/2024,33 Â°C / 24 Â°C,26 Â°C / 21 Â°C,78 %,,9 km/h,-,997.36 hPa,2.1 mm,,2024,11
11/17/2024,33 Â°C / 26 Â°C,26 Â°C / 22 Â°C,77 %,,9 km/h,-,995.21 hPa,0 mm,,2024,11
11/16/2024,36 Â°C / 25 Â°C,27 Â°C / 23 Â°C,74 %,,7 km/h,-,994.43 hPa,0 mm,,2024,11
11/15/2024,37 Â°C / 24 Â°C,26 Â°C / 22 Â°C,72 %,,56 km/h,-,994.83 hPa,0 mm,,2024,11
11/14/2024,36 Â°C / 23 Â°C,26 Â°C / 21 Â°C,70 %,,6 km/h,-,995.25 hPa,0 mm,,2024,11
11/13/2024,36 Â°C / 22 Â°C,25 Â°C / 21 Â°C,72 %,,4 km/h,-,995.27 hPa,0 mm,,2024,11
11/12/2024,35 Â°C / 22 Â°C,24 Â°C / 20 Â°C,72 %,,7 km/h,-,996.83 hPa,0 mm,,2024,11
11/11/2024,34 Â°C / 22 Â°C,24 Â°C / 20 Â°C,73 %,,7 km/h,-,997.8 hPa,0 mm,,2024,11
11/10/2024,34 Â°C / 23 Â°C,24 Â°C / 20 Â°C,72 %,,9 km/h,-,998.2 hPa,0 mm,,2024,11
11/9/2024,33 Â°C / 24 Â°C,24 Â°C / 19 Â°C,74 %,,9 km/h,-,998.9 hPa,0 mm,,2024,11
11/8/2024,28 Â°C / 25 Â°C,24 Â°C / 21 Â°C,83 %,,9 km/h,-,999.2 hPa,0 mm,,2024,11
11/7/2024,28 Â°C / 24 Â°C,25 Â°C / 22 Â°C,87 %,,9 km/h,-,999.19 hPa,0 mm,,2024,11
11/6/2024,29 Â°C / 25 Â°C,24 Â°C / 21 Â°C,82 %,,7 km/h,-,999.74 hPa,0.1 mm,,2024,11
11/5/2024,29 Â°C / 26 Â°C,25 Â°C / 21 Â°C,84 %,,11 km/h,-,999.41 hPa,0 mm,,2024,11
11/4/2024,34 Â°C / 23 Â°C,25 Â°C / 18 Â°C,70 %,,9 km/h,-,998.13 hPa,0 mm,,2024,11
11/3/2024,33 Â°C / 24 Â°C,26 Â°C / 21 Â°C,73 %,,9 km/h,-,998.35 hPa,0 mm,,2024,11
11/2/2024,36 Â°C / 26 Â°C,27 Â°C / 22 Â°C,75 %,,9 km/h,-,996.84 hPa,0 mm,,2024,11
11/1/2024,38 Â°C / 26 Â°C,27 Â°C / 23 Â°C,72 %,,7 km/h,-,994.92 hPa,0 mm,,2024,11
12/31/2024,32 Â°C / 18 Â°C,21 Â°C / 10 Â°C,66 %,,9 km/h,-,999.72 hPa,0 mm,,2024,12
12/30/2024,32 Â°C / 19 Â°C,21 Â°C / 17 Â°C,66 %,,11 km/h,-,999.91 hPa,0 mm,,2024,12
12/29/2024,32 Â°C / 22 Â°C,22 Â°C / 17 Â°C,71 %,,13 km/h,-,1001.23 hPa,0 mm,,2024,12
12/28/2024,33 Â°C / 22 Â°C,22 Â°C / 19 Â°C,74 %,,9 km/h,-,1001.51 hPa,0 mm,,2024,12
12/27/2024,34 Â°C / 20 Â°C,22 Â°C / 17 Â°C,67 %,,9 km/h,-,1001.33 hPa,0 mm,,2024,12
12/26/2024,34 Â°C / 18 Â°C,19 Â°C / 16 Â°C,62 %,,11 km/h,-,1001.49 hPa,0 mm,,2024,12
12/25/2024,33 Â°C / 18 Â°C,19 Â°C / 15 Â°C,64 %,,13 km/h,-,1000.48 hPa,0 mm,,2024,12
12/24/2024,32 Â°C / 17 Â°C,19 Â°C / 13 Â°C,64 %,,11 km/h,-,999.72 hPa,0 mm,,2024,12
12/23/2024,31 Â°C / 17 Â°C,18 Â°C / 13 Â°C,65 %,,11 km/h,-,999.25 hPa,0 mm,,2024,12
12/22/2024,29 Â°C / 17 Â°C,19 Â°C / 14 Â°C,68 %,,7 km/h,-,999.43 hPa,0 mm,,2024,12
12/21/2024,31 Â°C / 17 Â°C,18 Â°C / 14 Â°C,68 %,,6 km/h,-,998.96 hPa,0 mm,,2024,12
12/20/2024,31 Â°C / 18 Â°C,19 Â°C / 14 Â°C,63 %,,7 km/h,-,999.26 hPa,0 mm,,2024,12
12/19/2024,32 Â°C / 21 Â°C,21 Â°C / 17 Â°C,69 %,,7 km/h,-,999.84 hPa,0 mm,,2024,12
12/18/2024,32 Â°C / 20 Â°C,22 Â°C / 17 Â°C,75 %,,6 km/h,-,999.78 hPa,0 mm,,2024,12
12/17/2024,32 Â°C / 20 Â°C,21 Â°C / 17 Â°C,69 %,,7 km/h,-,1000.59 hPa,0 mm,,2024,12
12/16/2024,31 Â°C / 22 Â°C,21 Â°C / 17 Â°C,74 %,,9 km/h,-,1001.98 hPa,0 mm,,2024,12
12/15/2024,30 Â°C / 23 Â°C,22 Â°C / 17 Â°C,74 %,,13 km/h,-,1001.14 hPa,0 mm,,2024,12
12/14/2024,30 Â°C / 24 Â°C,24 Â°C / 20 Â°C,77 %,,7 km/h,-,998.89 hPa,0 mm,,2024,12
12/13/2024,30 Â°C / 24 Â°C,24 Â°C / 21 Â°C,80 %,,4 km/h,-,997.34 hPa,0 mm,,2024,12
12/12/2024,34 Â°C / 21 Â°C,24 Â°C / 18 Â°C,72 %,,7 km/h,-,995.68 hPa,0 mm,,2024,12
12/11/2024,36 Â°C / 22 Â°C,24 Â°C / 21 Â°C,68 %,,9 km/h,-,995.65 hPa,0 mm,,2024,12
12/10/2024,34 Â°C / 22 Â°C,24 Â°C / 19 Â°C,69 %,,7 km/h,-,995.87 hPa,0 mm,,2024,12
12/9/2024,33 Â°C / 23 Â°C,23 Â°C / 19 Â°C,70 %,,7 km/h,-,997.45 hPa,0 mm,,2024,12
12/8/2024,34 Â°C / 22 Â°C,24 Â°C / 20 Â°C,71 %,,4 km/h,-,997.31 hPa,0 mm,,2024,12
12/7/2024,34 Â°C / 23 Â°C,23 Â°C / 19 Â°C,71 %,,6 km/h,-,996.29 hPa,0 mm,,2024,12
12/6/2024,35 Â°C / 23 Â°C,23 Â°C / 19 Â°C,67 %,,9 km/h,-,995.23 hPa,0 mm,,2024,12
12/5/2024,34 Â°C / 24 Â°C,24 Â°C / 21 Â°C,70 %,,9 km/h,-,995.8 hPa,0 mm,,2024,12
12/4/2024,35 Â°C / 22 Â°C,24 Â°C / 19 Â°C,68 %,,7 km/h,-,995.84 hPa,0 mm,,2024,12
12/3/2024,35 Â°C / 21 Â°C,24 Â°C / 18 Â°C,68 %,,6 km/h,-,996.09 hPa,0 mm,,2024,12
12/2/2024,34 Â°C / 20 Â°C,23 Â°C / 18 Â°C,70 %,,6 km/h,-,995.75 hPa,0 mm,,2024,12
12/1/2024,32 Â°C / 19 Â°C,22 Â°C / 17 Â°C,70 %,,7 km/h,-,996.61 hPa,0 mm,,2024,12
1/31/2025,37 Â°C / 20 Â°C,21 Â°C / 16 Â°C,63 %,,17 km/h,-,996.2 hPa,0 mm,,2025,1
1/30/2025,33 Â°C / 17 Â°C,18 Â°C / 13 Â°C,65 %,,9 km/h,-,998.42 hPa,0 mm,,2025,1
1/29/2025,32 Â°C / 18 Â°C,17 Â°C / 12 Â°C,63 %,,15 km/h,-,1001.66 hPa,0 mm,,2025,1
1/28/2025,31 Â°C / 17 Â°C,17 Â°C / 12 Â°C,62 %,,11 km/h,-,1000.8 hPa,0 mm,,2025,1
1/27/2025,30 Â°C / 21 Â°C,18 Â°C / 13 Â°C,61 %,,9 km/h,-,997.89 hPa,0 mm,,2025,1
1/26/2025,37 Â°C / 17 Â°C,19 Â°C / 13 Â°C,61 %,,6 km/h,-,995.51 hPa,0 mm,,2025,1
1/25/2025,37 Â°C / 18 Â°C,17 Â°C / 13 Â°C,52 %,,11 km/h,-,995.19 hPa,0 mm,,2025,1
1/24/2025,37 Â°C / 18 Â°C,25 Â°C / 12 Â°C,58 %,,17 km/h,-,995.47 hPa,0 mm,,2025,1
1/23/2025,36 Â°C / 18 Â°C,19 Â°C / 15 Â°C,65 %,,6 km/h,-,997.18 hPa,0 mm,,2025,1
1/22/2025,34 Â°C / 17 Â°C,19 Â°C / 14 Â°C,62 %,,6 km/h,-,996.59 hPa,0 mm,,2025,1
1/21/2025,34 Â°C / 16 Â°C,18 Â°C / 14 Â°C,62 %,,7 km/h,-,996.45 hPa,0 mm,,2025,1
1/20/2025,31 Â°C / 16 Â°C,18 Â°C / 14 Â°C,65 %,,7 km/h,-,996.54 hPa,0 mm,,2025,1
1/19/2025,33 Â°C / 16 Â°C,17 Â°C / 13 Â°C,61 %,,9 km/h,-,997.72 hPa,0 mm,,2025,1
1/18/2025,33 Â°C / 17 Â°C,18 Â°C / 14 Â°C,60 %,,7 km/h,-,999.04 hPa,0 mm,,2025,1
1/17/2025,32 Â°C / 18 Â°C,19 Â°C / 15 Â°C,65 %,,11 km/h,-,1000.04 hPa,0 mm,,2025,1
1/16/2025,32 Â°C / 17 Â°C,18 Â°C / 13 Â°C,65 %,,11 km/h,-,1002.39 hPa,0 mm,,2025,1
1/15/2025,32 Â°C / 14 Â°C,16 Â°C / 11 Â°C,56 %,,11 km/h,-,1002.02 hPa,0 mm,,2025,1
1/14/2025,30 Â°C / 13 Â°C,15 Â°C / 11 Â°C,60 %,,9 km/h,-,1001.69 hPa,0 mm,,2025,1
1/13/2025,29 Â°C / 13 Â°C,14 Â°C / 9 Â°C,59 %,,11 km/h,-,1002.33 hPa,0 mm,,2025,1
1/12/2025,27 Â°C / 16 Â°C,15 Â°C / 9 Â°C,61 %,,17 km/h,-,1005.29 hPa,0 mm,,2025,1
1/11/2025,30 Â°C / 19 Â°C,18 Â°C / 12 Â°C,63 %,,15 km/h,-,1004.31 hPa,0 mm,,2025,1
1/10/2025,32 Â°C / 20 Â°C,19 Â°C / 15 Â°C,67 %,,7 km/h,-,1002.13 hPa,0 mm,,2025,1
1/9/2025,33 Â°C / 19 Â°C,19 Â°C / 16 Â°C,64 %,,9 km/h,-,999.37 hPa,0 mm,,2025,1
1/8/2025,32 Â°C / 17 Â°C,19 Â°C / 15 Â°C,65 %,,9 km/h,-,997.92 hPa,0 mm,,2025,1
1/7/2025,31 Â°C / 16 Â°C,17 Â°C / 13 Â°C,63 %,,6 km/h,-,998.97 hPa,0 mm,,2025,1
1/6/2025,31 Â°C / 15 Â°C,17 Â°C / 12 Â°C,61 %,,9 km/h,-,999.72 hPa,0 mm,,2025,1
1/5/2025,31 Â°C / 16 Â°C,17 Â°C / 12 Â°C,61 %,,7 km/h,-,1000.99 hPa,0 mm,,2025,1
1/4/2025,32 Â°C / 16 Â°C,18 Â°C / 14 Â°C,61 %,,9 km/h,-,999.05 hPa,0 mm,,2025,1
1/3/2025,32 Â°C / 17 Â°C,18 Â°C / 13 Â°C,62 %,,9 km/h,-,999.42 hPa,0 mm,,2025,1
1/2/2025,33 Â°C / 18 Â°C,19 Â°C / 15 Â°C,62 %,,7 km/h,-,998.21 hPa,0 mm,,2025,1
1/1/2025,32 Â°C / 18 Â°C,19 Â°C / 16 Â°C,66 %,,9 km/h,-,998.82 hPa,0 mm,,2025,1
2/28/2025,41 Â°C / 28 Â°C,24 Â°C / 21 Â°C,65 %,,7 km/h,-,996.69 hPa,0 mm,,2025,2
2/27/2025,37 Â°C / 23 Â°C,24 Â°C / 20 Â°C,65 %,,11 km/h,-,998.44 hPa,0 mm,,2025,2
2/26/2025,34 Â°C / 22 Â°C,23 Â°C / 19 Â°C,73 %,,9 km/h,-,1003.26 hPa,0 mm,,2025,2
2/25/2025,26 Â°C / 22 Â°C,23 Â°C / 19 Â°C,85 %,,9 km/h,-,1004.65 hPa,0.6 mm,,2025,2
2/24/2025,31 Â°C / 24 Â°C,23 Â°C / 19 Â°C,73 %,,7 km/h,-,1002.33 hPa,10 mm,,2025,2
2/23/2025,36 Â°C / 28 Â°C,24 Â°C / 19 Â°C,62 %,,4 km/h,-,999.5 hPa,0 mm,,2025,2
2/22/2025,36 Â°C / 31 Â°C,22 Â°C / 20 Â°C,67 %,,0 km/h,-,998.65 hPa,0 mm,,2025,2
2/21/2025,31 Â°C / 23 Â°C,22 Â°C / 20 Â°C,72 %,,9 km/h,-,998.94 hPa,0 mm,,2025,2
2/20/2025,36 Â°C / 23 Â°C,24 Â°C / 18 Â°C,69 %,,20 km/h,-,997.96 hPa,0 mm,,2025,2
2/19/2025,36 Â°C / 23 Â°C,24 Â°C / 20 Â°C,71 %,,11 km/h,-,997.73 hPa,0 mm,,2025,2
2/18/2025,37 Â°C / 22 Â°C,22 Â°C / 17 Â°C,59 %,,9 km/h,-,997.6 hPa,0 mm,,2025,2
2/17/2025,38 Â°C / 22 Â°C,19 Â°C / 14 Â°C,47 %,,6 km/h,-,997.19 hPa,0 mm,,2025,2
2/16/2025,38 Â°C / 22 Â°C,18 Â°C / 13 Â°C,45 %,,9 km/h,-,995.6 hPa,0 mm,,2025,2
2/15/2025,37 Â°C / 22 Â°C,16 Â°C / 9 Â°C,38 %,,13 km/h,-,995.21 hPa,0 mm,,2025,2
2/14/2025,38 Â°C / 23 Â°C,19 Â°C / 12 Â°C,45 %,,19 km/h,-,996.11 hPa,0 mm,,2025,2
2/13/2025,38 Â°C / 21 Â°C,19 Â°C / 17 Â°C,55 %,,9 km/h,-,996.78 hPa,0 mm,,2025,2
2/12/2025,37 Â°C / 21 Â°C,19 Â°C / 16 Â°C,56 %,,6 km/h,-,997.2 hPa,0 mm,,2025,2
2/11/2025,37 Â°C / 19 Â°C,19 Â°C / 15 Â°C,60 %,,11 km/h,-,998.15 hPa,0 mm,,2025,2
2/10/2025,35 Â°C / 19 Â°C,18 Â°C / 15 Â°C,61 %,,9 km/h,-,998.79 hPa,0 mm,,2025,2
2/9/2025,33 Â°C / 23 Â°C,20 Â°C / 14 Â°C,56 %,,9 km/h,-,998.94 hPa,0 mm,,2025,2
2/8/2025,34 Â°C / 22 Â°C,22 Â°C / 16 Â°C,64 %,,9 km/h,-,997.74 hPa,0 mm,,2025,2
2/7/2025,37 Â°C / 22 Â°C,22 Â°C / 17 Â°C,64 %,,9 km/h,-,996.55 hPa,0 mm,,2025,2
2/6/2025,37 Â°C / 22 Â°C,22 Â°C / 17 Â°C,62 %,,9 km/h,-,995.47 hPa,0 mm,,2025,2
2/5/2025,34 Â°C / 21 Â°C,21 Â°C / 18 Â°C,66 %,,11 km/h,-,996.13 hPa,0 mm,,2025,2
2/4/2025,34 Â°C / 19 Â°C,21 Â°C / 15 Â°C,66 %,,11 km/h,-,997.16 hPa,0 mm,,2025,2
2/3/2025,38 Â°C / 18 Â°C,19 Â°C / 14 Â°C,55 %,,7 km/h,-,995.23 hPa,0 mm,,2025,2
2/2/2025,38 Â°C / 17 Â°C,17 Â°C / 8 Â°C,48 %,,9 km/h,-,994.6 hPa,0 mm,,2025,2
2/1/2025,37 Â°C / 20 Â°C,21 Â°C / 12 Â°C,56 %,,9 km/h,-,995.11 hPa,0 mm,,2025,2
3/31/2025,39 Â°C / 28 Â°C,27 Â°C / 18 Â°C,69 %,,7 km/h,-,995.75 hPa,0 mm,,2025,3
3/30/2025,42 Â°C / 32 Â°C,26 Â°C / 19 Â°C,54 %,,11 km/h,-,993.99 hPa,0 mm,,2025,3
3/29/2025,42 Â°C / 30 Â°C,24 Â°C / 17 Â°C,46 %,,15 km/h,-,992.13 hPa,0 mm,,2025,3
3/28/2025,40 Â°C / 29 Â°C,24 Â°C / 13 Â°C,41 %,,17 km/h,-,990.08 hPa,0 mm,,2025,3
3/27/2025,41 Â°C / 27 Â°C,21 Â°C / 11 Â°C,38 %,,22 km/h,-,990.03 hPa,0 mm,,2025,3
3/26/2025,42 Â°C / 29 Â°C,24 Â°C / 11 Â°C,39 %,,19 km/h,-,990.59 hPa,0 mm,,2025,3
3/25/2025,42 Â°C / 30 Â°C,24 Â°C / 14 Â°C,41 %,,17 km/h,-,991.81 hPa,0 mm,,2025,3
3/24/2025,42 Â°C / 26 Â°C,24 Â°C / 18 Â°C,54 %,,9 km/h,-,995.35 hPa,0 mm,,2025,3
3/23/2025,39 Â°C / 22 Â°C,23 Â°C / 17 Â°C,57 %,,6 km/h,-,998.44 hPa,0 mm,,2025,3
3/22/2025,37 Â°C / 22 Â°C,20 Â°C / 16 Â°C,56 %,,7 km/h,-,1000.14 hPa,0 mm,,2025,3
3/21/2025,36 Â°C / 23 Â°C,21 Â°C / 16 Â°C,58 %,,11 km/h,-,1002.14 hPa,0 mm,,2025,3
3/20/2025,34 Â°C / 24 Â°C,21 Â°C / 17 Â°C,56 %,,11 km/h,-,1002.84 hPa,0 mm,,2025,3
3/19/2025,34 Â°C / 27 Â°C,23 Â°C / 18 Â°C,56 %,,13 km/h,-,1000.83 hPa,0 mm,,2025,3
3/18/2025,38 Â°C / 27 Â°C,26 Â°C / 21 Â°C,61 %,,9 km/h,-,996.89 hPa,0 mm,,2025,3
3/17/2025,39 Â°C / 27 Â°C,26 Â°C / 19 Â°C,58 %,,9 km/h,-,994.85 hPa,0 mm,,2025,3
3/16/2025,42 Â°C / 29 Â°C,23 Â°C / 16 Â°C,42 %,,15 km/h,-,994.65 hPa,0 mm,,2025,3
3/15/2025,42 Â°C / 25 Â°C,23 Â°C / 15 Â°C,53 %,,7 km/h,-,995.54 hPa,0 mm,,2025,3
3/14/2025,39 Â°C / 25 Â°C,24 Â°C / 21 Â°C,63 %,,9 km/h,-,995.54 hPa,0 mm,,2025,3
3/13/2025,39 Â°C / 26 Â°C,24 Â°C / 21 Â°C,60 %,,9 km/h,-,994.11 hPa,0 mm,,2025,3
3/12/2025,41 Â°C / 26 Â°C,24 Â°C / 19 Â°C,57 %,,13 km/h,-,993.73 hPa,0 mm,,2025,3
3/11/2025,41 Â°C / 24 Â°C,24 Â°C / 19 Â°C,62 %,,11 km/h,-,996.16 hPa,0 mm,,2025,3
3/10/2025,39 Â°C / 23 Â°C,23 Â°C / 21 Â°C,61 %,,9 km/h,-,997.88 hPa,0 mm,,2025,3
3/9/2025,33 Â°C / 23 Â°C,23 Â°C / 20 Â°C,72 %,,7 km/h,-,998.94 hPa,0 mm,,2025,3
3/8/2025,28 Â°C / 24 Â°C,22 Â°C / 19 Â°C,76 %,,9 km/h,-,998.16 hPa,0 mm,,2025,3
3/7/2025,38 Â°C / 26 Â°C,25 Â°C / 17 Â°C,58 %,,9 km/h,-,994.14 hPa,9 mm,,2025,3
3/6/2025,41 Â°C / 23 Â°C,21 Â°C / 16 Â°C,50 %,,7 km/h,-,993.86 hPa,0 mm,,2025,3
3/5/2025,39 Â°C / 28 Â°C,23 Â°C / 13 Â°C,49 %,,17 km/h,-,992.43 hPa,0 mm,,2025,3
3/4/2025,40 Â°C / 24 Â°C,21 Â°C / 13 Â°C,52 %,,13 km/h,-,992.65 hPa,0 mm,,2025,3
3/3/2025,41 Â°C / 24 Â°C,21 Â°C / 13 Â°C,46 %,,15 km/h,-,992.97 hPa,0 mm,,2025,3
3/2/2025,41 Â°C / 26 Â°C,23 Â°C / 12 Â°C,44 %,,17 km/h,-,993.46 hPa,0 mm,,2025,3
3/1/2025,41 Â°C / 28 Â°C,23 Â°C / 18 Â°C,53 %,,15 km/h,-,994.95 hPa,0 mm,,2025,3
4/30/2025,38 Â°C / 27 Â°C,28 Â°C / 23 Â°C,72 %,,7 km/h,-,994.11 hPa,1.4 mm,,2025,4
4/29/2025,35 Â°C / 27 Â°C,27 Â°C / 24 Â°C,77 %,,7 km/h,-,994.9 hPa,1 mm,,2025,4
4/28/2025,41 Â°C / 27 Â°C,26 Â°C / 21 Â°C,64 %,,17 km/h,-,994.45 hPa,5 mm,,2025,4
4/27/2025,41 Â°C / 29 Â°C,27 Â°C / 23 Â°C,61 %,,6 km/h,-,994.5 hPa,0 mm,,2025,4
4/26/2025,43 Â°C / 33 Â°C,27 Â°C / 22 Â°C,57 %,,19 km/h,-,993.05 hPa,0 mm,,2025,4
4/25/2025,43 Â°C / 32 Â°C,26 Â°C / 16 Â°C,55 %,,20 km/h,-,992.88 hPa,0 mm,,2025,4
4/24/2025,41 Â°C / 32 Â°C,27 Â°C / 20 Â°C,53 %,,19 km/h,-,992.84 hPa,0 mm,,2025,4
4/23/2025,42 Â°C / 32 Â°C,26 Â°C / 21 Â°C,55 %,,19 km/h,-,993.26 hPa,0 mm,,2025,4
4/22/2025,42 Â°C / 32 Â°C,27 Â°C / 19 Â°C,54 %,,15 km/h,-,994.74 hPa,0 mm,,2025,4
4/21/2025,41 Â°C / 29 Â°C,27 Â°C / 23 Â°C,61 %,,13 km/h,-,994.85 hPa,0 mm,,2025,4
4/20/2025,39 Â°C / 29 Â°C,28 Â°C / 22 Â°C,66 %,,11 km/h,-,993.5 hPa,0.8 mm,,2025,4
4/19/2025,40 Â°C / 31 Â°C,27 Â°C / 22 Â°C,63 %,,19 km/h,-,992.44 hPa,0 mm,,2025,4
4/18/2025,39 Â°C / 31 Â°C,26 Â°C / 22 Â°C,62 %,,19 km/h,-,993.12 hPa,0 mm,,2025,4
4/17/2025,39 Â°C / 27 Â°C,27 Â°C / 22 Â°C,68 %,,17 km/h,-,994.08 hPa,0 mm,,2025,4
4/16/2025,39 Â°C / 26 Â°C,30 Â°C / 22 Â°C,75 %,,13 km/h,-,994.2 hPa,45 mm,,2025,4
4/15/2025,38 Â°C / 28 Â°C,27 Â°C / 23 Â°C,71 %,,7 km/h,-,995.51 hPa,0 mm,,2025,4
4/14/2025,34 Â°C / 26 Â°C,27 Â°C / 23 Â°C,83 %,,13 km/h,-,996.04 hPa,15.4 mm,,2025,4
4/13/2025,39 Â°C / 27 Â°C,27 Â°C / 22 Â°C,74 %,,11 km/h,-,993.77 hPa,1.2 mm,,2025,4
4/12/2025,37 Â°C / 28 Â°C,27 Â°C / 22 Â°C,72 %,,15 km/h,-,992.51 hPa,0 mm,,2025,4
4/11/2025,39 Â°C / 28 Â°C,26 Â°C / 22 Â°C,69 %,,15 km/h,-,992.08 hPa,0 mm,,2025,4
4/10/2025,40 Â°C / 28 Â°C,26 Â°C / 21 Â°C,65 %,,9 km/h,-,993.7 hPa,0 mm,,2025,4
4/9/2025,42 Â°C / 28 Â°C,26 Â°C / 18 Â°C,60 %,,11 km/h,-,995.36 hPa,0.2 mm,,2025,4
4/8/2025,42 Â°C / 27 Â°C,26 Â°C / 21 Â°C,60 %,,11 km/h,-,997.61 hPa,0 mm,,2025,4
4/7/2025,39 Â°C / 27 Â°C,26 Â°C / 21 Â°C,65 %,,13 km/h,-,996.18 hPa,0 mm,,2025,4
4/6/2025,41 Â°C / 29 Â°C,26 Â°C / 21 Â°C,64 %,,15 km/h,-,995.01 hPa,0 mm,,2025,4
4/5/2025,41 Â°C / 25 Â°C,28 Â°C / 19 Â°C,61 %,,17 km/h,-,994.84 hPa,6 mm,,2025,4
4/4/2025,42 Â°C / 32 Â°C,26 Â°C / 21 Â°C,57 %,,13 km/h,-,995.5 hPa,0 mm,,2025,4
4/3/2025,41 Â°C / 28 Â°C,26 Â°C / 21 Â°C,60 %,,9 km/h,-,996.75 hPa,0 mm,,2025,4
4/2/2025,39 Â°C / 28 Â°C,26 Â°C / 22 Â°C,64 %,,7 km/h,-,995.97 hPa,0 mm,,2025,4
4/1/2025,39 Â°C / 28 Â°C,26 Â°C / 22 Â°C,63 %,,7 km/h,-,995.68 hPa,0 mm,,2025,4
5/31/2025,34 Â°C / 28 Â°C,29 Â°C / 24 Â°C,85 %,,9 km/h,-,992.59 hPa,11 mm,,2025,5
5/30/2025,36 Â°C / 28 Â°C,29 Â°C / 24 Â°C,86 %,,7 km/h,-,991.68 hPa,9.8 mm,,2025,5
5/29/2025,36 Â°C / 27 Â°C,29 Â°C / 23 Â°C,77 %,,11 km/h,-,990.92 hPa,5 mm,,2025,5
5/28/2025,34 Â°C / 28 Â°C,29 Â°C / 24 Â°C,81 %,,7 km/h,-,990.01 hPa,0 mm,,2025,5
5/27/2025,34 Â°C / 28 Â°C,29 Â°C / 24 Â°C,87 %,,7 km/h,-,990.57 hPa,17 mm,,2025,5
5/26/2025,33 Â°C / 27 Â°C,29 Â°C / 24 Â°C,89 %,,9 km/h,-,991.6 hPa,21 mm,,2025,5
5/25/2025,34 Â°C / 27 Â°C,28 Â°C / 24 Â°C,87 %,,11 km/h,-,991.51 hPa,47 mm,,2025,5
5/24/2025,35 Â°C / 27 Â°C,28 Â°C / 24 Â°C,80 %,,17 km/h,-,989.27 hPa,28 mm,,2025,5
5/23/2025,38 Â°C / 31 Â°C,27 Â°C / 23 Â°C,65 %,,20 km/h,-,989.89 hPa,0 mm,,2025,5
5/22/2025,40 Â°C / 28 Â°C,28 Â°C / 24 Â°C,71 %,,17 km/h,-,991.33 hPa,0 mm,,2025,5
5/21/2025,37 Â°C / 29 Â°C,29 Â°C / 23 Â°C,76 %,,19 km/h,-,993.2 hPa,0 mm,,2025,5
5/20/2025,39 Â°C / 29 Â°C,29 Â°C / 24 Â°C,73 %,,11 km/h,-,992.58 hPa,0 mm,,2025,5
5/19/2025,38 Â°C / 29 Â°C,29 Â°C / 24 Â°C,76 %,,11 km/h,-,992.35 hPa,4 mm,,2025,5
5/18/2025,38 Â°C / 27 Â°C,28 Â°C / 24 Â°C,77 %,,9 km/h,-,994 hPa,1 mm,,2025,5
5/17/2025,38 Â°C / 27 Â°C,28 Â°C / 24 Â°C,77 %,,11 km/h,-,993.79 hPa,2 mm,,2025,5
5/16/2025,37 Â°C / 28 Â°C,28 Â°C / 24 Â°C,85 %,,11 km/h,-,993.21 hPa,3 mm,,2025,5
5/15/2025,34 Â°C / 28 Â°C,28 Â°C / 24 Â°C,89 %,,9 km/h,-,993.64 hPa,5 mm,,2025,5
5/14/2025,36 Â°C / 27 Â°C,28 Â°C / 24 Â°C,83 %,,6 km/h,-,992.86 hPa,6 mm,,2025,5
5/13/2025,34 Â°C / 27 Â°C,30 Â°C / 23 Â°C,85 %,,13 km/h,-,992.11 hPa,16 mm,,2025,5
5/12/2025,35 Â°C / 27 Â°C,27 Â°C / 23 Â°C,79 %,,9 km/h,-,992.01 hPa,2 mm,,2025,5
5/11/2025,39 Â°C / 27 Â°C,28 Â°C / 24 Â°C,75 %,,9 km/h,-,991.26 hPa,5.2 mm,,2025,5
5/10/2025,41 Â°C / 28 Â°C,28 Â°C / 23 Â°C,72 %,,7 km/h,-,991.02 hPa,0 mm,,2025,5
5/9/2025,42 Â°C / 28 Â°C,27 Â°C / 22 Â°C,65 %,,15 km/h,-,990.82 hPa,1 mm,,2025,5
5/8/2025,41 Â°C / 31 Â°C,28 Â°C / 22 Â°C,63 %,,15 km/h,-,991.09 hPa,0 mm,,2025,5
5/7/2025,42 Â°C / 31 Â°C,27 Â°C / 23 Â°C,61 %,,13 km/h,-,990.88 hPa,0 mm,,2025,5
5/6/2025,42 Â°C / 32 Â°C,27 Â°C / 23 Â°C,55 %,,11 km/h,-,991.28 hPa,0 mm,,2025,5
5/5/2025,41 Â°C / 32 Â°C,27 Â°C / 22 Â°C,58 %,,13 km/h,-,991.81 hPa,0 mm,,2025,5
5/4/2025,39 Â°C / 28 Â°C,28 Â°C / 23 Â°C,66 %,,9 km/h,-,991.75 hPa,0 mm,,2025,5
5/3/2025,38 Â°C / 28 Â°C,28 Â°C / 23 Â°C,74 %,,13 km/h,-,993.25 hPa,14 mm,,2025,5
5/2/2025,39 Â°C / 28 Â°C,28 Â°C / 23 Â°C,68 %,,9 km/h,-,994 hPa,0 mm,,2025,5
5/1/2025,38 Â°C / 27 Â°C,27 Â°C / 23 Â°C,72 %,,7 km/h,-,995.77 hPa,1 mm,,2025,5
6/30/2025,36 Â°C / 28 Â°C,28 Â°C / 23 Â°C,81 %,,15 km/h,-,990.11 hPa,0 mm,,2025,6
6/29/2025,34 Â°C / 28 Â°C,26 Â°C / 22 Â°C,79 %,,15 km/h,-,990.68 hPa,0 mm,,2025,6
6/28/2025,33 Â°C / 26 Â°C,28 Â°C / 23 Â°C,80 %,,13 km/h,-,991.4 hPa,8 mm,,2025,6
6/27/2025,32 Â°C / 27 Â°C,27 Â°C / 22 Â°C,75 %,,17 km/h,-,992.35 hPa,0 mm,,2025,6
6/26/2025,37 Â°C / 30 Â°C,27 Â°C / 22 Â°C,71 %,,19 km/h,-,992.85 hPa,0 mm,,2025,6
6/25/2025,38 Â°C / 27 Â°C,28 Â°C / 23 Â°C,71 %,,19 km/h,-,992.56 hPa,0 mm,,2025,6
6/24/2025,37 Â°C / 27 Â°C,28 Â°C / 23 Â°C,78 %,,20 km/h,-,991.21 hPa,0.4 mm,,2025,6
6/23/2025,37 Â°C / 27 Â°C,29 Â°C / 23 Â°C,78 %,,9 km/h,-,990.83 hPa,67 mm,,2025,6
6/22/2025,37 Â°C / 28 Â°C,28 Â°C / 23 Â°C,77 %,,13 km/h,-,990.91 hPa,3.2 mm,,2025,6
6/21/2025,37 Â°C / 30 Â°C,27 Â°C / 21 Â°C,67 %,,19 km/h,-,991.36 hPa,0 mm,,2025,6
6/20/2025,36 Â°C / 29 Â°C,27 Â°C / 22 Â°C,71 %,,22 km/h,-,992.89 hPa,0.1 mm,,2025,6
6/19/2025,37 Â°C / 30 Â°C,27 Â°C / 22 Â°C,69 %,,17 km/h,-,993.47 hPa,0 mm,,2025,6
6/18/2025,37 Â°C / 27 Â°C,28 Â°C / 22 Â°C,70 %,,17 km/h,-,993.66 hPa,0.4 mm,,2025,6
6/17/2025,36 Â°C / 29 Â°C,28 Â°C / 23 Â°C,73 %,,17 km/h,-,993.91 hPa,0 mm,,2025,6
6/16/2025,36 Â°C / 28 Â°C,28 Â°C / 23 Â°C,75 %,,15 km/h,-,993.14 hPa,0 mm,,2025,6
6/15/2025,35 Â°C / 29 Â°C,28 Â°C / 23 Â°C,77 %,,13 km/h,-,991.89 hPa,0.2 mm,,2025,6
6/14/2025,36 Â°C / 29 Â°C,29 Â°C / 23 Â°C,76 %,,13 km/h,-,991.5 hPa,2 mm,,2025,6
6/13/2025,37 Â°C / 30 Â°C,28 Â°C / 22 Â°C,70 %,,15 km/h,-,990.63 hPa,0 mm,,2025,6
6/12/2025,38 Â°C / 29 Â°C,27 Â°C / 23 Â°C,70 %,,15 km/h,-,990.36 hPa,0 mm,,2025,6
6/11/2025,36 Â°C / 31 Â°C,27 Â°C / 22 Â°C,68 %,,17 km/h,-,990.5 hPa,0 mm,,2025,6
6/10/2025,37 Â°C / 29 Â°C,29 Â°C / 23 Â°C,75 %,,11 km/h,-,989.23 hPa,2 mm,,2025,6
6/9/2025,37 Â°C / 28 Â°C,28 Â°C / 23 Â°C,77 %,,9 km/h,-,988.97 hPa,4 mm,,2025,6
6/8/2025,39 Â°C / 28 Â°C,28 Â°C / 23 Â°C,67 %,,15 km/h,-,990.71 hPa,7 mm,,2025,6
6/7/2025,39 Â°C / 31 Â°C,28 Â°C / 23 Â°C,66 %,,17 km/h,-,991.78 hPa,0 mm,,2025,6
6/6/2025,38 Â°C / 31 Â°C,27 Â°C / 23 Â°C,65 %,,19 km/h,-,992.53 hPa,0 mm,,2025,6
6/5/2025,39 Â°C / 29 Â°C,27 Â°C / 22 Â°C,66 %,,22 km/h,-,992.65 hPa,0 mm,,2025,6
6/4/2025,37 Â°C / 29 Â°C,28 Â°C / 22 Â°C,69 %,,20 km/h,-,992.91 hPa,0.2 mm,,2025,6
6/3/2025,36 Â°C / 28 Â°C,28 Â°C / 23 Â°C,77 %,,15 km/h,-,991.86 hPa,0 mm,,2025,6
6/2/2025,37 Â°C / 28 Â°C,28 Â°C / 21 Â°C,76 %,,22 km/h,-,991.67 hPa,0 mm,,2025,6
6/1/2025,34 Â°C / 28 Â°C,28 Â°C / 23 Â°C,78 %,,11 km/h,-,992.63 hPa,0 mm,,2025,6
7/31/2025,37 Â°C / 29 Â°C,28 Â°C / 24 Â°C,75 %,,19 km/h,-,990.88 hPa,0 mm,,2025,7
7/30/2025,34 Â°C / 29 Â°C,27 Â°C / 24 Â°C,77 %,,17 km/h,-,990.99 hPa,0.2 mm,,2025,7
7/29/2025,34 Â°C / 28 Â°C,27 Â°C / 24 Â°C,79 %,,19 km/h,-,989.5 hPa,0 mm,,2025,7
7/28/2025,32 Â°C / 28 Â°C,29 Â°C / 23 Â°C,87 %,,15 km/h,-,989.21 hPa,2.4 mm,,2025,7
7/27/2025,34 Â°C / 27 Â°C,28 Â°C / 23 Â°C,81 %,,15 km/h,-,989.92 hPa,2 mm,,2025,7
7/26/2025,33 Â°C / 27 Â°C,28 Â°C / 24 Â°C,83 %,,13 km/h,-,990.74 hPa,1.2 mm,,2025,7
7/25/2025,32 Â°C / 26 Â°C,28 Â°C / 23 Â°C,91 %,,6 km/h,-,990.46 hPa,4.2 mm,,2025,7
7/24/2025,31 Â°C / 27 Â°C,28 Â°C / 24 Â°C,92 %,,9 km/h,-,988.36 hPa,6.4 mm,,2025,7
7/23/2025,30 Â°C / 27 Â°C,26 Â°C / 23 Â°C,90 %,,15 km/h,-,985.65 hPa,20 mm,,2025,7
7/22/2025,32 Â°C / 27 Â°C,27 Â°C / 23 Â°C,79 %,,20 km/h,-,987.21 hPa,1.8 mm,,2025,7
7/21/2025,34 Â°C / 29 Â°C,27 Â°C / 23 Â°C,74 %,,17 km/h,-,989.01 hPa,0 mm,,2025,7
7/20/2025,36 Â°C / 29 Â°C,26 Â°C / 23 Â°C,69 %,,22 km/h,-,988.19 hPa,0 mm,,2025,7
7/19/2025,36 Â°C / 27 Â°C,27 Â°C / 22 Â°C,69 %,,19 km/h,-,988.69 hPa,0 mm,,2025,7
7/18/2025,37 Â°C / 28 Â°C,28 Â°C / 23 Â°C,75 %,,15 km/h,-,991.14 hPa,0.2 mm,,2025,7
7/17/2025,36 Â°C / 28 Â°C,28 Â°C / 23 Â°C,78 %,,15 km/h,-,991.75 hPa,1 mm,,2025,7
7/16/2025,36 Â°C / 28 Â°C,28 Â°C / 24 Â°C,78 %,,17 km/h,-,991.34 hPa,0.4 mm,,2025,7
7/15/2025,39 Â°C / 29 Â°C,27 Â°C / 23 Â°C,67 %,,20 km/h,-,990.53 hPa,0.6 mm,,2025,7
7/14/2025,38 Â°C / 30 Â°C,27 Â°C / 23 Â°C,68 %,,19 km/h,-,991.96 hPa,0 mm,,2025,7
7/13/2025,36 Â°C / 29 Â°C,27 Â°C / 23 Â°C,71 %,,17 km/h,-,991.74 hPa,0.2 mm,,2025,7
7/12/2025,36 Â°C / 27 Â°C,27 Â°C / 23 Â°C,74 %,,20 km/h,-,989.54 hPa,0.4 mm,,2025,7
7/11/2025,34 Â°C / 30 Â°C,26 Â°C / 22 Â°C,74 %,,22 km/h,-,988.41 hPa,0 mm,,2025,7
7/10/2025,36 Â°C / 29 Â°C,27 Â°C / 22 Â°C,73 %,,19 km/h,-,990.8 hPa,0 mm,,2025,7
7/9/2025,36 Â°C / 28 Â°C,27 Â°C / 24 Â°C,72 %,,20 km/h,-,992.45 hPa,0 mm,,2025,7
7/8/2025,34 Â°C / 28 Â°C,27 Â°C / 24 Â°C,80 %,,7 km/h,-,992.19 hPa,6 mm,,2025,7
7/7/2025,36 Â°C / 27 Â°C,26 Â°C / 22 Â°C,73 %,,17 km/h,-,992.11 hPa,0 mm,,2025,7
7/6/2025,33 Â°C / 29 Â°C,27 Â°C / 22 Â°C,73 %,,19 km/h,-,991.64 hPa,0 mm,,2025,7
7/5/2025,36 Â°C / 30 Â°C,27 Â°C / 23 Â°C,70 %,,17 km/h,-,991.48 hPa,0 mm,,2025,7
7/4/2025,36 Â°C / 29 Â°C,26 Â°C / 23 Â°C,70 %,,19 km/h,-,992.93 hPa,0 mm,,2025,7
7/3/2025,33 Â°C / 27 Â°C,26 Â°C / 22 Â°C,74 %,,17 km/h,-,993.53 hPa,0.2 mm,,2025,7
7/2/2025,34 Â°C / 26 Â°C,26 Â°C / 23 Â°C,74 %,,15 km/h,-,992.1 hPa,0 mm,,2025,7
7/1/2025,36 Â°C / 28 Â°C,27 Â°C / 23 Â°C,73 %,,19 km/h,-,991.49 hPa,0 mm,,2025,7
8/30/2025,30 Â°C / 27 Â°C,25 Â°C / 22 Â°C,75 %,,15 km/h,-,993.65 hPa,0 mm,,2025,8
8/29/2025,37 Â°C / 27 Â°C,26 Â°C / 20 Â°C,66 %,,24 km/h,-,993.75 hPa,0 mm,,2025,8
8/28/2025,33 Â°C / 28 Â°C,26 Â°C / 20 Â°C,71 %,,17 km/h,-,993.3 hPa,0 mm,,2025,8
8/27/2025,31 Â°C / 28 Â°C,27 Â°C / 21 Â°C,77 %,,15 km/h,-,992.84 hPa,1 mm,,2025,8
8/26/2025,32 Â°C / 29 Â°C,26 Â°C / 21 Â°C,71 %,,20 km/h,-,990.86 hPa,0 mm,,2025,8
8/25/2025,39 Â°C / 27 Â°C,28 Â°C / 22 Â°C,71 %,,13 km/h,-,990.34 hPa,0 mm,,2025,8
8/24/2025,38 Â°C / 28 Â°C,27 Â°C / 22 Â°C,69 %,,15 km/h,-,992.44 hPa,0 mm,,2025,8
8/23/2025,35 Â°C / 27 Â°C,27 Â°C / 22 Â°C,74 %,,17 km/h,-,993.22 hPa,0 mm,,2025,8
8/22/2025,38 Â°C / 28 Â°C,28 Â°C / 22 Â°C,74 %,,15 km/h,-,993.18 hPa,0.2 mm,,2025,8
8/21/2025,38 Â°C / 28 Â°C,27 Â°C / 22 Â°C,66 %,,19 km/h,-,993.9 hPa,0 mm,,2025,8
8/20/2025,38 Â°C / 29 Â°C,26 Â°C / 21 Â°C,65 %,,19 km/h,-,993.8 hPa,0 mm,,2025,8
8/19/2025,37 Â°C / 29 Â°C,26 Â°C / 22 Â°C,69 %,,22 km/h,-,994.02 hPa,0 mm,,2025,8
8/18/2025,35 Â°C / 26 Â°C,26 Â°C / 23 Â°C,75 %,,17 km/h,-,994.17 hPa,0 mm,,2025,8
8/17/2025,34 Â°C / 27 Â°C,27 Â°C / 24 Â°C,88 %,,6 km/h,-,992.78 hPa,3.4 mm,,2025,8
8/16/2025,34 Â°C / 27 Â°C,28 Â°C / 24 Â°C,86 %,,7 km/h,-,989.65 hPa,0 mm,,2025,8
8/15/2025,37 Â°C / 28 Â°C,27 Â°C / 23 Â°C,72 %,,19 km/h,-,990.02 hPa,0.6 mm,,2025,8
8/14/2025,37 Â°C / 30 Â°C,27 Â°C / 23 Â°C,68 %,,22 km/h,-,992.2 hPa,0.6 mm,,2025,8
8/13/2025,37 Â°C / 29 Â°C,27 Â°C / 23 Â°C,68 %,,17 km/h,-,993.03 hPa,0 mm,,2025,8
8/12/2025,38 Â°C / 28 Â°C,28 Â°C / 23 Â°C,73 %,,13 km/h,-,991.4 hPa,9 mm,,2025,8
8/11/2025,38 Â°C / 28 Â°C,27 Â°C / 23 Â°C,70 %,,24 km/h,-,991.46 hPa,0 mm,,2025,8
8/10/2025,37 Â°C / 31 Â°C,27 Â°C / 19 Â°C,69 %,,22 km/h,-,993.22 hPa,0 mm,,2025,8
8/9/2025,38 Â°C / 30 Â°C,27 Â°C / 23 Â°C,68 %,,17 km/h,-,995.06 hPa,0 mm,,2025,8
8/8/2025,38 Â°C / 27 Â°C,27 Â°C / 24 Â°C,71 %,,19 km/h,-,995.06 hPa,0 mm,,2025,8
8/7/2025,37 Â°C / 27 Â°C,29 Â°C / 23 Â°C,78 %,,11 km/h,-,993.41 hPa,11 mm,,2025,8
8/6/2025,38 Â°C / 28 Â°C,27 Â°C / 23 Â°C,68 %,,19 km/h,-,991.91 hPa,0 mm,,2025,8
8/5/2025,38 Â°C / 31 Â°C,27 Â°C / 23 Â°C,69 %,,20 km/h,-,992.42 hPa,0 mm,,2025,8
8/4/2025,37 Â°C / 31 Â°C,27 Â°C / 23 Â°C,69 %,,22 km/h,-,993.25 hPa,0 mm,,2025,8
8/3/2025,38 Â°C / 30 Â°C,27 Â°C / 23 Â°C,69 %,,19 km/h,-,993.75 hPa,0 mm,,2025,8
8/2/2025,37 Â°C / 30 Â°C,27 Â°C / 23 Â°C,72 %,,15 km/h,-,992.14 hPa,0 mm,,2025,8
8/1/2025,37 Â°C / 29 Â°C,27 Â°C / 24 Â°C,73 %,,19 km/h,-,990.59 hPa,0 mm,,2025,8
9/30/2025,31 Â°C / 25 Â°C,28 Â°C / 24 Â°C,91 %,,13 km/h,-,989.67 hPa,22.4 mm,,2025,9
9/29/2025,37 Â°C / 29 Â°C,28 Â°C / 24 Â°C,74 %,,13 km/h,-,987.61 hPa,0.2 mm,,2025,9
9/28/2025,38 Â°C / 28 Â°C,29 Â°C / 24 Â°C,75 %,,9 km/h,-,991.14 hPa,0 mm,,2025,9
9/27/2025,35 Â°C / 27 Â°C,28 Â°C / 24 Â°C,83 %,,7 km/h,-,993.71 hPa,13 mm,,2025,9
9/26/2025,36 Â°C / 28 Â°C,28 Â°C / 23 Â°C,79 %,,6 km/h,-,991.91 hPa,0.2 mm,,2025,9
9/25/2025,36 Â°C / 28 Â°C,28 Â°C / 22 Â°C,80 %,,9 km/h,-,989.95 hPa,0 mm,,2025,9
9/24/2025,36 Â°C / 28 Â°C,29 Â°C / 22 Â°C,83 %,,9 km/h,-,988.92 hPa,0 mm,,2025,9
9/23/2025,34 Â°C / 27 Â°C,28 Â°C / 23 Â°C,84 %,,7 km/h,-,990.74 hPa,0.6 mm,,2025,9
9/22/2025,34 Â°C / 27 Â°C,28 Â°C / 22 Â°C,81 %,,9 km/h,-,992.06 hPa,0.2 mm,,2025,9
9/21/2025,36 Â°C / 27 Â°C,29 Â°C / 24 Â°C,82 %,,9 km/h,-,990.79 hPa,1 mm,,2025,9
9/20/2025,34 Â°C / 27 Â°C,29 Â°C / 24 Â°C,85 %,,7 km/h,-,990.83 hPa,2.6 mm,,2025,9
9/19/2025,34 Â°C / 27 Â°C,28 Â°C / 24 Â°C,86 %,,7 km/h,-,991.85 hPa,67 mm,,2025,9
9/18/2025,37 Â°C / 27 Â°C,29 Â°C / 24 Â°C,79 %,,11 km/h,-,991.53 hPa,0 mm,,2025,9
9/17/2025,37 Â°C / 27 Â°C,28 Â°C / 23 Â°C,78 %,,9 km/h,-,992.69 hPa,2 mm,,2025,9
9/16/2025,34 Â°C / 27 Â°C,27 Â°C / 23 Â°C,80 %,,11 km/h,-,994.51 hPa,0.4 mm,,2025,9
9/15/2025,34 Â°C / 27 Â°C,28 Â°C / 24 Â°C,84 %,,6 km/h,-,994.28 hPa,2 mm,,2025,9
9/14/2025,36 Â°C / 27 Â°C,28 Â°C / 23 Â°C,76 %,,9 km/h,-,994.4 hPa,0 mm,,2025,9
9/13/2025,37 Â°C / 28 Â°C,29 Â°C / 24 Â°C,77 %,,7 km/h,-,993.78 hPa,0 mm,,2025,9
9/12/2025,37 Â°C / 27 Â°C,29 Â°C / 24 Â°C,80 %,,7 km/h,-,993.21 hPa,4 mm,,2025,9
9/11/2025,34 Â°C / 27 Â°C,28 Â°C / 23 Â°C,82 %,,9 km/h,-,993.63 hPa,20 mm,,2025,9
9/10/2025,33 Â°C / 27 Â°C,28 Â°C / 24 Â°C,88 %,,6 km/h,-,992.62 hPa,16.2 mm,,2025,9
9/9/2025,34 Â°C / 27 Â°C,28 Â°C / 24 Â°C,89 %,,9 km/h,-,992.17 hPa,14 mm,,2025,9
9/8/2025,34 Â°C / 27 Â°C,28 Â°C / 23 Â°C,81 %,,11 km/h,-,991.13 hPa,7.2 mm,,2025,9
9/7/2025,34 Â°C / 27 Â°C,28 Â°C / 23 Â°C,82 %,,9 km/h,-,991.48 hPa,9 mm,,2025,9
9/6/2025,36 Â°C / 27 Â°C,29 Â°C / 23 Â°C,80 %,,7 km/h,-,992.14 hPa,2 mm,,2025,9
9/5/2025,36 Â°C / 28 Â°C,29 Â°C / 23 Â°C,76 %,,17 km/h,-,992.03 hPa,2 mm,,2025,9
9/4/2025,39 Â°C / 29 Â°C,28 Â°C / 22 Â°C,69 %,,15 km/h,-,992.29 hPa,0 mm,,2025,9
9/3/2025,38 Â°C / 27 Â°C,28 Â°C / 23 Â°C,66 %,,15 km/h,-,993.06 hPa,0 mm,,2025,9
10/31/2025,29 Â°C / 27 Â°C,28 Â°C / 24 Â°C,88 %,,11 km/h,-,996.07 hPa,13 mm,,2025,10
10/30/2025,36 Â°C / 26 Â°C,28 Â°C / 22 Â°C,77 %,,7 km/h,-,995.97 hPa,3 mm,,2025,10
10/29/2025,37 Â°C / 26 Â°C,27 Â°C / 22 Â°C,72 %,,7 km/h,-,996.54 hPa,0 mm,,2025,10
10/28/2025,36 Â°C / 25 Â°C,27 Â°C / 22 Â°C,75 %,,7 km/h,-,997.59 hPa,0 mm,,2025,10
10/27/2025,33 Â°C / 25 Â°C,28 Â°C / 23 Â°C,81 %,,13 km/h,-,998.29 hPa,5 mm,,2025,10
10/26/2025,34 Â°C / 26 Â°C,26 Â°C / 22 Â°C,76 %,,7 km/h,-,997.22 hPa,0 mm,,2025,10
10/25/2025,34 Â°C / 26 Â°C,27 Â°C / 23 Â°C,82 %,,4 km/h,-,997.32 hPa,0 mm,,2025,10
10/24/2025,34 Â°C / 26 Â°C,24 Â°C / 22 Â°C,82 %,,4 km/h,-,997.71 hPa,0 mm,,2025,10
10/23/2025,34 Â°C / 23 Â°C,26 Â°C / 21 Â°C,70 %,,9 km/h,-,997 hPa,0.2 mm,,2025,10
10/22/2025,36 Â°C / 27 Â°C,27 Â°C / 22 Â°C,73 %,,9 km/h,-,996.36 hPa,0 mm,,2025,10
10/21/2025,36 Â°C / 27 Â°C,27 Â°C / 23 Â°C,76 %,,7 km/h,-,995.54 hPa,0 mm,,2025,10
10/20/2025,36 Â°C / 28 Â°C,28 Â°C / 22 Â°C,73 %,,9 km/h,-,994.99 hPa,0 mm,,2025,10
10/19/2025,36 Â°C / 28 Â°C,28 Â°C / 24 Â°C,76 %,,11 km/h,-,994.58 hPa,0 mm,,2025,10
10/18/2025,37 Â°C / 3 Â°C,29 Â°C / 24 Â°C,77 %,,7 km/h,-,995.65 hPa,0 mm,,2025,10
10/17/2025,35 Â°C / 28 Â°C,28 Â°C / 24 Â°C,80 %,,13 km/h,-,996.38 hPa,0 mm,,2025,10
10/16/2025,35 Â°C / 26 Â°C,28 Â°C / 23 Â°C,81 %,,11 km/h,-,996.01 hPa,7 mm,,2025,10
10/15/2025,31 Â°C / 27 Â°C,28 Â°C / 24 Â°C,90 %,,6 km/h,-,994.49 hPa,2 mm,,2025,10
10/14/2025,34 Â°C / 27 Â°C,27 Â°C / 23 Â°C,83 %,,4 km/h,-,994.81 hPa,4.7 mm,,2025,10
10/13/2025,37 Â°C / 27 Â°C,29 Â°C / 23 Â°C,78 %,,7 km/h,-,994.74 hPa,30 mm,,2025,10
10/12/2025,37 Â°C / 27 Â°C,28 Â°C / 24 Â°C,79 %,,6 km/h,-,994.35 hPa,0 mm,,2025,10
10/11/2025,37 Â°C / 28 Â°C,28 Â°C / 24 Â°C,80 %,,11 km/h,-,994.66 hPa,0 mm,,2025,10
10/10/2025,37 Â°C / 27 Â°C,28 Â°C / 23 Â°C,77 %,,7 km/h,-,995.43 hPa,0 mm,,2025,10
10/9/2025,36 Â°C / 27 Â°C,29 Â°C / 24 Â°C,78 %,,9 km/h,-,995.82 hPa,5 mm,,2025,10
10/8/2025,36 Â°C / 27 Â°C,28 Â°C / 22 Â°C,76 %,,13 km/h,-,995.83 hPa,0 mm,,2025,10
10/7/2025,36 Â°C / 29 Â°C,27 Â°C / 21 Â°C,69 %,,19 km/h,-,995.29 hPa,0 mm,,2025,10
10/6/2025,36 Â°C / 29 Â°C,27 Â°C / 22 Â°C,70 %,,22 km/h,-,994.7 hPa,0 mm,,2025,10
10/5/2025,37 Â°C / 27 Â°C,28 Â°C / 22 Â°C,79 %,,15 km/h,-,994.71 hPa,0 mm,,2025,10
10/4/2025,37 Â°C / 27 Â°C,29 Â°C / 23 Â°C,77 %,,7 km/h,-,995.18 hPa,25 mm,,2025,10
10/3/2025,39 Â°C / 28 Â°C,29 Â°C / 24 Â°C,77 %,,4 km/h,-,995.81 hPa,0 mm,,2025,10
10/2/2025,39 Â°C / 28 Â°C,26 Â°C / 24 Â°C,80 %,,9 km/h,-,996.89 hPa,0.6 mm,,2025,10
10/1/2025,31 Â°C / 25 Â°C,26 Â°C / 24 Â°C,90 %,,4 km/h,-,995.76 hPa,0.6 mm,,2025,10
11/30/2025,32 Â°C / 16 Â°C,19 Â°C / 13 Â°C,68 %,,9 km/h,-,998.51 hPa,0 mm,,2025,11
11/29/2025,31 Â°C / 14 Â°C,18 Â°C / 12 Â°C,69 %,,6 km/h,-,999.39 hPa,0 mm,,2025,11
11/28/2025,29 Â°C / 16 Â°C,16 Â°C / 11 Â°C,67 %,,7 km/h,-,1001.21 hPa,0 mm,,2025,11
11/27/2025,29 Â°C / 18 Â°C,19 Â°C / 13 Â°C,67 %,,15 km/h,-,1002.11 hPa,0 mm,,2025,11
11/26/2025,30 Â°C / 19 Â°C,21 Â°C / 17 Â°C,72 %,,11 km/h,-,1000.13 hPa,0 mm,,2025,11
11/25/2025,31 Â°C / 21 Â°C,22 Â°C / 17 Â°C,71 %,,11 km/h,-,1000.2 hPa,0 mm,,2025,11
11/24/2025,32 Â°C / 21 Â°C,23 Â°C / 18 Â°C,75 %,,7 km/h,-,999.94 hPa,0 mm,,2025,11
11/23/2025,32 Â°C / 21 Â°C,24 Â°C / 18 Â°C,74 %,,6 km/h,-,1000.53 hPa,0 mm,,2025,11
11/22/2025,31 Â°C / 21 Â°C,22 Â°C / 18 Â°C,70 %,,11 km/h,-,1001.24 hPa,0 mm,,2025,11
11/21/2025,29 Â°C / 22 Â°C,23 Â°C / 19 Â°C,76 %,,13 km/h,-,1002.62 hPa,0 mm,,2025,11
11/20/2025,28 Â°C / 23 Â°C,23 Â°C / 20 Â°C,84 %,,7 km/h,-,1002.47 hPa,0 mm,,2025,11
11/19/2025,29 Â°C / 23 Â°C,24 Â°C / 19 Â°C,83 %,,11 km/h,-,1001.83 hPa,0 mm,,2025,11
11/18/2025,29 Â°C / 23 Â°C,25 Â°C / 22 Â°C,91 %,,7 km/h,-,1000.23 hPa,4.8 mm,,2025,11
11/17/2025,29 Â°C / 25 Â°C,25 Â°C / 22 Â°C,86 %,,6 km/h,-,1000.01 hPa,0.4 mm,,2025,11
11/16/2025,33 Â°C / 24 Â°C,26 Â°C / 19 Â°C,73 %,,11 km/h,-,1000.26 hPa,0 mm,,2025,11
11/15/2025,33 Â°C / 24 Â°C,26 Â°C / 21 Â°C,75 %,,7 km/h,-,999.43 hPa,0 mm,,2025,11
11/14/2025,34 Â°C / 27 Â°C,26 Â°C / 23 Â°C,77 %,,9 km/h,-,998.36 hPa,0 mm,,2025,11
11/13/2025,35 Â°C / 26 Â°C,27 Â°C / 23 Â°C,82 %,,9 km/h,-,997.76 hPa,0 mm,,2025,11
11/12/2025,36 Â°C / 26 Â°C,27 Â°C / 23 Â°C,79 %,,6 km/h,-,995.56 hPa,0 mm,,2025,11
11/11/2025,36 Â°C / 26 Â°C,28 Â°C / 22 Â°C,76 %,,9 km/h,-,994.34 hPa,0 mm,,2025,11
11/10/2025,34 Â°C / 27 Â°C,28 Â°C / 22 Â°C,79 %,,15 km/h,-,994.76 hPa,0 mm,,2025,11
11/9/2025,34 Â°C / 27 Â°C,28 Â°C / 23 Â°C,86 %,,6 km/h,-,994.7 hPa,5 mm,,2025,11
11/8/2025,29 Â°C / 26 Â°C,24 Â°C / 23 Â°C,94 %,,9 km/h,-,994.12 hPa,43 mm,,2025,11
11/7/2025,36 Â°C / 26 Â°C,29 Â°C / 23 Â°C,80 %,,11 km/h,-,993.23 hPa,0 mm,,2025,11
11/6/2025,29 Â°C / 26 Â°C,25 Â°C / 23 Â°C,91 %,,6 km/h,-,994.86 hPa,0 mm,,2025,11
11/5/2025,33 Â°C / 26 Â°C,27 Â°C / 23 Â°C,85 %,,7 km/h,-,995.18 hPa,0 mm,,2025,11
11/4/2025,33 Â°C / 26 Â°C,27 Â°C / 23 Â°C,85 %,,7 km/h,-,995.94 hPa,5 mm,,2025,11
11/3/2025,32 Â°C / 26 Â°C,27 Â°C / 23 Â°C,90 %,,7 km/h,-,995.47 hPa,5 mm,,2025,11
11/2/2025,31 Â°C / 27 Â°C,27 Â°C / 23 Â°C,92 %,,7 km/h,-,995.66 hPa,32 mm,,2025,11
11/1/2025,29 Â°C / 27 Â°C,26 Â°C / 23 Â°C,94 %,,9 km/h,-,996.05 hPa,43 mm,,2025,11
12/31/2025,33 Â°C / 19 Â°C,23 Â°C / 17 Â°C,71 %,,4 km/h,-,995.59 hPa,0 mm,,2025,12
12/30/2025,33 Â°C / 19 Â°C,22 Â°C / 17 Â°C,70 %,,7 km/h,-,997.06 hPa,0 mm,,2025,12
12/29/2025,33 Â°C / 19 Â°C,22 Â°C / 18 Â°C,71 %,,6 km/h,-,998.51 hPa,0 mm,,2025,12
12/28/2025,33 Â°C / 21 Â°C,21 Â°C / 18 Â°C,70 %,,9 km/h,-,999.26 hPa,0 mm,,2025,12
12/27/2025,32 Â°C / 19 Â°C,22 Â°C / 17 Â°C,72 %,,7 km/h,-,998.66 hPa,0 mm,,2025,12
12/26/2025,32 Â°C / 19 Â°C,22 Â°C / 17 Â°C,72 %,,6 km/h,-,998.15 hPa,0 mm,,2025,12
12/25/2025,34 Â°C / 21 Â°C,23 Â°C / 17 Â°C,69 %,,7 km/h,-,996.96 hPa,0 mm,,2025,12
12/24/2025,34 Â°C / 21 Â°C,24 Â°C / 19 Â°C,73 %,,7 km/h,-,996.25 hPa,0 mm,,2025,12
12/23/2025,33 Â°C / 21 Â°C,23 Â°C / 19 Â°C,73 %,,9 km/h,-,996.6 hPa,0 mm,,2025,12
12/22/2025,32 Â°C / 19 Â°C,22 Â°C / 16 Â°C,70 %,,9 km/h,-,998.31 hPa,0 mm,,2025,12
12/21/2025,32 Â°C / 20 Â°C,21 Â°C / 15 Â°C,72 %,,9 km/h,-,998.97 hPa,0 mm,,2025,12
12/20/2025,33 Â°C / 19 Â°C,22 Â°C / 17 Â°C,72 %,,7 km/h,-,997.19 hPa,0 mm,,2025,12
12/19/2025,32 Â°C / 21 Â°C,23 Â°C / 19 Â°C,73 %,,6 km/h,-,997.9 hPa,0 mm,,2025,12
12/18/2025,32 Â°C / 22 Â°C,23 Â°C / 19 Â°C,76 %,,9 km/h,-,999.64 hPa,0 mm,,2025,12
12/17/2025,33 Â°C / 21 Â°C,24 Â°C / 19 Â°C,76 %,,7 km/h,-,999.39 hPa,0 mm,,2025,12
12/16/2025,33 Â°C / 21 Â°C,23 Â°C / 19 Â°C,76 %,,6 km/h,-,999 hPa,0 mm,,2025,12
12/15/2025,33 Â°C / 23 Â°C,24 Â°C / 21 Â°C,76 %,,9 km/h,-,999.85 hPa,0 mm,,2025,12
12/14/2025,29 Â°C / 24 Â°C,24 Â°C / 21 Â°C,84 %,,11 km/h,-,999.91 hPa,0 mm,,2025,12
12/13/2025,29 Â°C / 24 Â°C,24 Â°C / 21 Â°C,84 %,,9 km/h,-,999.36 hPa,0 mm,,2025,12
12/12/2025,29 Â°C / 23 Â°C,23 Â°C / 20 Â°C,84 %,,9 km/h,-,999.25 hPa,0 mm,,2025,12
12/11/2025,31 Â°C / 22 Â°C,23 Â°C / 18 Â°C,75 %,,7 km/h,-,999.95 hPa,0 mm,,2025,12
12/10/2025,32 Â°C / 19 Â°C,21 Â°C / 15 Â°C,69 %,,11 km/h,-,1000.38 hPa,0 mm,,2025,12
12/9/2025,31 Â°C / 22 Â°C,21 Â°C / 16 Â°C,71 %,,13 km/h,-,1000.39 hPa,0 mm,,2025,12
12/8/2025,32 Â°C / 23 Â°C,23 Â°C / 20 Â°C,78 %,,7 km/h,-,999.95 hPa,0 mm,,2025,12
12/7/2025,34 Â°C / 22 Â°C,25 Â°C / 20 Â°C,76 %,,4 km/h,-,999.15 hPa,0 mm,,2025,12
12/6/2025,34 Â°C / 23 Â°C,26 Â°C / 21 Â°C,78 %,,6 km/h,-,998.97 hPa,0 mm,,2025,12
12/5/2025,33 Â°C / 24 Â°C,24 Â°C / 21 Â°C,78 %,,4 km/h,-,1000.58 hPa,0 mm,,2025,12
12/4/2025,33 Â°C / 21 Â°C,24 Â°C / 18 Â°C,72 %,,4 km/h,-,999.62 hPa,0 mm,,2025,12
12/3/2025,33 Â°C / 20 Â°C,23 Â°C / 18 Â°C,72 %,,9 km/h,-,998.59 hPa,0 mm,,2025,12
12/2/2025,33 Â°C / 18 Â°C,23 Â°C / 16 Â°C,70 %,,7 km/h,-,997.32 hPa,0 mm,,2025,12
12/1/2025,32 Â°C / 16 Â°C,19 Â°C / 14 Â°C,68 %,,7 km/h,-,998.09 hPa,0 mm,,2025,12
1/31/2026,34 Â°C / 19 Â°C,20 Â°C / 14 Â°C,61 %,,9 km/h,-,1000.17 hPa,0 mm,,2026,1
1/30/2026,35 Â°C / 19 Â°C,21 Â°C / 15 Â°C,62 %,,9 km/h,-,1000.11 hPa,0 mm,,2026,1
1/29/2026,34 Â°C / 19 Â°C,21 Â°C / 16 Â°C,63 %,,9 km/h,-,999.62 hPa,0 mm,,2026,1
1/28/2026,33 Â°C / 18 Â°C,20 Â°C / 16 Â°C,65 %,,7 km/h,-,1000.51 hPa,0 mm,,2026,1
1/27/2026,34 Â°C / 18 Â°C,19 Â°C / 14 Â°C,62 %,,7 km/h,-,1000.98 hPa,0 mm,,2026,1
1/26/2026,33 Â°C / 17 Â°C,19 Â°C / 14 Â°C,65 %,,7 km/h,-,1000.28 hPa,0 mm,,2026,1
1/25/2026,33 Â°C / 17 Â°C,18 Â°C / 12 Â°C,61 %,,9 km/h,-,1000.13 hPa,0 mm,,2026,1
1/24/2026,32 Â°C / 17 Â°C,18 Â°C / 15 Â°C,64 %,,6 km/h,-,1001.83 hPa,0 mm,,2026,1
1/23/2026,32 Â°C / 18 Â°C,19 Â°C / 15 Â°C,67 %,,6 km/h,-,1002.18 hPa,0 mm,,2026,1
1/22/2026,34 Â°C / 19 Â°C,24 Â°C / 16 Â°C,68 %,,9 km/h,-,999.48 hPa,0 mm,,2026,1
1/21/2026,34 Â°C / 19 Â°C,20 Â°C / 14 Â°C,66 %,,7 km/h,-,997.81 hPa,0 mm,,2026,1
1/20/2026,35 Â°C / 18 Â°C,24 Â°C / 16 Â°C,69 %,,7 km/h,-,996.38 hPa,0 mm,,2026,1
1/19/2026,35 Â°C / 19 Â°C,20 Â°C / 14 Â°C,66 %,,9 km/h,-,995.61 hPa,0 mm,,2026,1
1/18/2026,35 Â°C / 20 Â°C,21 Â°C / 16 Â°C,65 %,,6 km/h,-,994.91 hPa,0 mm,,2026,1
1/17/2026,34 Â°C / 19 Â°C,22 Â°C / 17 Â°C,64 %,,7 km/h,-,995.26 hPa,0 mm,,2026,1
1/16/2026,34 Â°C / 20 Â°C,21 Â°C / 17 Â°C,63 %,,15 km/h,-,996.62 hPa,0 mm,,2026,1
1/15/2026,33 Â°C / 18 Â°C,21 Â°C / 16 Â°C,67 %,,7 km/h,-,998.18 hPa,0 mm,,2026,1
1/14/2026,32 Â°C / 17 Â°C,20 Â°C / 15 Â°C,68 %,,6 km/h,-,998.9 hPa,0 mm,,2026,1
1/13/2026,32 Â°C / 16 Â°C,18 Â°C / 13 Â°C,65 %,,7 km/h,-,1001.22 hPa,0 mm,,2026,1
1/12/2026,30 Â°C / 14 Â°C,17 Â°C / 12 Â°C,67 %,,7 km/h,-,1002.92 hPa,0 mm,,2026,1
1/11/2026,28 Â°C / 14 Â°C,16 Â°C / 12 Â°C,66 %,,9 km/h,-,1003.57 hPa,0 mm,,2026,1
1/10/2026,29 Â°C / 13 Â°C,17 Â°C / 11 Â°C,64 %,,7 km/h,-,1001.85 hPa,0 mm,,2026,1
1/9/2026,29 Â°C / 14 Â°C,17 Â°C / 8 Â°C,62 %,,11 km/h,-,1003.85 hPa,0 mm,,2026,1
1/8/2026,29 Â°C / 17 Â°C,16 Â°C / 11 Â°C,61 %,,11 km/h,-,1003.88 hPa,0 mm,,2026,1
1/7/2026,29 Â°C / 19 Â°C,19 Â°C / 14 Â°C,69 %,,7 km/h,-,1002.83 hPa,0 mm,,2026,1
1/6/2026,31 Â°C / 18 Â°C,20 Â°C / 16 Â°C,72 %,,7 km/h,-,1001.17 hPa,0 mm,,2026,1
1/5/2026,32 Â°C / 17 Â°C,21 Â°C / 16 Â°C,68 %,,9 km/h,-,1000.93 hPa,0 mm,,2026,1
1/4/2026,32 Â°C / 18 Â°C,19 Â°C / 16 Â°C,72 %,,4 km/h,-,1000.68 hPa,0 mm,,2026,1
1/3/2026,31 Â°C / 19 Â°C,20 Â°C / 16 Â°C,69 %,,9 km/h,-,1001.23 hPa,0 mm,,2026,1
1/2/2026,33 Â°C / 19 Â°C,21 Â°C / 17 Â°C,70 %,,7 km/h,-,999.09 hPa,0 mm,,2026,1
1/1/2026,33 Â°C / 19 Â°C,22 Â°C / 17 Â°C,72 %,,9 km/h,-,996.44 hPa,0 mm,,2026,1
2/28/2026,37 Â°C / 25 Â°C,22 Â°C / 17 Â°C,54 %,,17 km/h,-,991.75 hPa,0 mm,,2026,2
2/27/2026,37 Â°C / 26 Â°C,23 Â°C / 19 Â°C,60 %,,15 km/h,-,992.04 hPa,0 mm,,2026,2
2/26/2026,34 Â°C / 23 Â°C,23 Â°C / 19 Â°C,71 %,,6 km/h,-,993.85 hPa,0 mm,,2026,2
2/25/2026,34 Â°C / 23 Â°C,23 Â°C / 20 Â°C,71 %,,9 km/h,-,995.97 hPa,0 mm,,2026,2
2/24/2026,36 Â°C / 23 Â°C,24 Â°C / 21 Â°C,70 %,,11 km/h,-,994.83 hPa,8.2 mm,,2026,2
2/23/2026,39 Â°C / 26 Â°C,23 Â°C / 19 Â°C,59 %,,11 km/h,-,993.19 hPa,0 mm,,2026,2
2/22/2026,38 Â°C / 26 Â°C,23 Â°C / 19 Â°C,64 %,,7 km/h,-,993.11 hPa,0 mm,,2026,2
2/21/2026,39 Â°C / 23 Â°C,22 Â°C / 19 Â°C,67 %,,13 km/h,-,995.15 hPa,0 mm,,2026,2
2/20/2026,37 Â°C / 24 Â°C,22 Â°C / 19 Â°C,59 %,,11 km/h,-,999.36 hPa,0 mm,,2026,2
2/19/2026,37 Â°C / 24 Â°C,23 Â°C / 19 Â°C,63 %,,7 km/h,-,999.44 hPa,0 mm,,2026,2
2/18/2026,37 Â°C / 24 Â°C,23 Â°C / 20 Â°C,63 %,,9 km/h,-,997.84 hPa,0 mm,,2026,2
2/17/2026,37 Â°C / 26 Â°C,23 Â°C / 18 Â°C,63 %,,9 km/h,-,995.61 hPa,0 mm,,2026,2
2/16/2026,39 Â°C / 23 Â°C,21 Â°C / 18 Â°C,56 %,,9 km/h,-,996.06 hPa,0 mm,,2026,2
2/15/2026,38 Â°C / 22 Â°C,22 Â°C / 18 Â°C,62 %,,7 km/h,-,995.73 hPa,0 mm,,2026,2
2/14/2026,38 Â°C / 21 Â°C,19 Â°C / 15 Â°C,50 %,,6 km/h,-,996.3 hPa,0 mm,,2026,2
2/13/2026,38 Â°C / 36 Â°C,19 Â°C / 14 Â°C,51 %,,6 km/h,-,996.65 hPa,0 mm,,2026,2
2/12/2026,38 Â°C / 22 Â°C,22 Â°C / 18 Â°C,60 %,,6 km/h,-,998.12 hPa,0 mm,,2026,2
2/11/2026,38 Â°C / 22 Â°C,22 Â°C / 17 Â°C,64 %,,7 km/h,-,999.5 hPa,0 mm,,2026,2
2/10/2026,37 Â°C / 23 Â°C,22 Â°C / 18 Â°C,67 %,,6 km/h,-,998.83 hPa,0 mm,,2026,2
2/9/2026,34 Â°C / 24 Â°C,23 Â°C / 18 Â°C,67 %,,11 km/h,-,998.56 hPa,0 mm,,2026,2
2/8/2026,37 Â°C / 21 Â°C,23 Â°C / 18 Â°C,64 %,,7 km/h,-,996.94 hPa,0 mm,,2026,2
2/7/2026,37 Â°C / 22 Â°C,21 Â°C / 17 Â°C,62 %,,7 km/h,-,996.51 hPa,0 mm,,2026,2
2/6/2026,37 Â°C / 21 Â°C,21 Â°C / 15 Â°C,60 %,,13 km/h,-,997.62 hPa,0 mm,,2026,2
2/5/2026,36 Â°C / 19 Â°C,19 Â°C / 16 Â°C,61 %,,15 km/h,-,998.66 hPa,0 mm,,2026,2
2/4/2026,36 Â°C / 19 Â°C,19 Â°C / 15 Â°C,60 %,,7 km/h,-,1000.8 hPa,0 mm,,2026,2
2/3/2026,33 Â°C / 19 Â°C,21 Â°C / 16 Â°C,63 %,,11 km/h,-,1002.75 hPa,0 mm,,2026,2
2/2/2026,33 Â°C / 19 Â°C,21 Â°C / 17 Â°C,66 %,,11 km/h,-,1001.68 hPa,0 mm,,2026,2
2/1/2026,34 Â°C / 19 Â°C,20 Â°C / 16 Â°C,65 %,,9 km/h,-,1000.51 hPa,0 mm,,2026,2
3/26/2026,42 Â°C / 26 Â°C,22 Â°C / 18 Â°C,45 %,,15 km/h,-,993.89 hPa,0 mm,,2026,3
3/25/2026,40 Â°C / 26 Â°C,22 Â°C / 11 Â°C,42 %,,7 km/h,-,993.98 hPa,0 mm,,2026,3
3/24/2026,40 Â°C / 24 Â°C,22 Â°C / 16 Â°C,46 %,,13 km/h,-,993.7 hPa,0 mm,,2026,3
3/23/2026,39 Â°C / 27 Â°C,21 Â°C / 16 Â°C,43 %,,17 km/h,-,995.18 hPa,0 mm,,2026,3
3/22/2026,39 Â°C / 28 Â°C,22 Â°C / 18 Â°C,48 %,,17 km/h,-,995.36 hPa,0 mm,,2026,3
3/21/2026,39 Â°C / 23 Â°C,23 Â°C / 19 Â°C,60 %,,7 km/h,-,995.69 hPa,0 mm,,2026,3
3/20/2026,39 Â°C / 26 Â°C,22 Â°C / 16 Â°C,49 %,,7 km/h,-,995.34 hPa,0 mm,,2026,3
3/19/2026,40 Â°C / 26 Â°C,21 Â°C / 17 Â°C,50 %,,13 km/h,-,995.93 hPa,0 mm,,2026,3
3/18/2026,39 Â°C / 22 Â°C,22 Â°C / 16 Â°C,56 %,,11 km/h,-,996.65 hPa,0 mm,,2026,3
3/17/2026,38 Â°C / 25 Â°C,22 Â°C / 17 Â°C,65 %,,11 km/h,-,996.51 hPa,0 mm,,2026,3
3/16/2026,36 Â°C / 23 Â°C,22 Â°C / 19 Â°C,67 %,,11 km/h,-,997.38 hPa,0 mm,,2026,3
3/15/2026,37 Â°C / 23 Â°C,22 Â°C / 18 Â°C,62 %,,7 km/h,-,999.36 hPa,0 mm,,2026,3
3/14/2026,35 Â°C / 23 Â°C,21 Â°C / 19 Â°C,68 %,,6 km/h,-,999.9 hPa,0 mm,,2026,3
3/13/2026,31 Â°C / 23 Â°C,22 Â°C / 20 Â°C,74 %,,9 km/h,-,999.13 hPa,0 mm,,2026,3
3/12/2026,36 Â°C / 22 Â°C,22 Â°C / 18 Â°C,67 %,,6 km/h,-,997.63 hPa,0 mm,,2026,3
3/11/2026,37 Â°C / 22 Â°C,22 Â°C / 19 Â°C,69 %,,19 km/h,-,998.59 hPa,0 mm,,2026,3
3/10/2026,36 Â°C / 26 Â°C,22 Â°C / 18 Â°C,59 %,,7 km/h,-,999.55 hPa,0 mm,,2026,3
3/9/2026,37 Â°C / 26 Â°C,22 Â°C / 19 Â°C,61 %,,9 km/h,-,997.88 hPa,0 mm,,2026,3
3/8/2026,38 Â°C / 23 Â°C,23 Â°C / 19 Â°C,61 %,,7 km/h,-,996.79 hPa,0 mm,,2026,3
3/7/2026,37 Â°C / 24 Â°C,23 Â°C / 20 Â°C,65 %,,9 km/h,-,997.36 hPa,0 mm,,2026,3
3/6/2026,36 Â°C / 26 Â°C,23 Â°C / 18 Â°C,64 %,,9 km/h,-,996.19 hPa,0 mm,,2026,3
3/5/2026,38 Â°C / 26 Â°C,23 Â°C / 17 Â°C,58 %,,11 km/h,-,993.54 hPa,0 mm,,2026,3
3/4/2026,38 Â°C / 24 Â°C,22 Â°C / 17 Â°C,54 %,,11 km/h,-,994.19 hPa,0 mm,,2026,3
3/3/2026,38 Â°C / 22 Â°C,20 Â°C / 11 Â°C,47 %,,11 km/h,-,994.44 hPa,0 mm,,2026,3
3/2/2026,37 Â°C / 25 Â°C,19 Â°C / 12 Â°C,43 %,,22 km/h,-,993.85 hPa,0 mm,,2026,3
3/1/2026,37 Â°C / 25 Â°C,21 Â°C / 12 Â°C,43 %,,20 km/h,-,992.5 hPa,0 mm,,2026,3
4/30/2026,39 Â°C / 24 Â°C,26 Â°C / 21 Â°C,67 %,,11 km/h,-,995.15 hPa,0 mm,,2026,4
4/29/2026,39 Â°C / 29 Â°C,25 Â°C / 19 Â°C,48 %,,22 km/h,-,993.38 hPa,0 mm,,2026,4
4/28/2026,38 Â°C / 29 Â°C,23 Â°C / 16 Â°C,47 %,,17 km/h,-,992.72 hPa,0 mm,,2026,4
4/27/2026,40 Â°C / 26 Â°C,24 Â°C / 19 Â°C,48 %,,17 km/h,-,992.35 hPa,0 mm,,2026,4
4/26/2026,39 Â°C / 26 Â°C,25 Â°C / 19 Â°C,60 %,,11 km/h,-,993.77 hPa,0 mm,,2026,4
4/25/2026,37 Â°C / 27 Â°C,26 Â°C / 23 Â°C,72 %,,19 km/h,-,995.09 hPa,2 mm,,2026,4
4/24/2026,42 Â°C / 27 Â°C,24 Â°C / 21 Â°C,50 %,,15 km/h,-,991.85 hPa,0 mm,,2026,4
4/23/2026,40 Â°C / 29 Â°C,25 Â°C / 19 Â°C,51 %,,17 km/h,-,991.64 hPa,0 mm,,2026,4
4/22/2026,41 Â°C / 31 Â°C,25 Â°C / 20 Â°C,52 %,,17 km/h,-,991.63 hPa,0 mm,,2026,4
4/21/2026,40 Â°C / 29 Â°C,24 Â°C / 19 Â°C,50 %,,13 km/h,-,991.96 hPa,0 mm,,2026,4
4/20/2026,39 Â°C / 28 Â°C,23 Â°C / 17 Â°C,48 %,,17 km/h,-,992.69 hPa,0 mm,,2026,4
4/19/2026,40 Â°C / 28 Â°C,22 Â°C / 14 Â°C,41 %,,19 km/h,-,993.42 hPa,0 mm,,2026,4
4/18/2026,41 Â°C / 28 Â°C,23 Â°C / 11 Â°C,41 %,,13 km/h,-,992.68 hPa,0 mm,,2026,4
4/17/2026,34 Â°C / 34 Â°C,19 Â°C / 19 Â°C,41 %,,7 km/h,-,-,0 mm,,2026,4
5/31/2026,37 Â°C / 26 Â°C,27 Â°C / 26 Â°C,74 %,,9 km/h,-,993.35 hPa,10 mm,,2026,5
5/30/2026,35 Â°C / 26 Â°C,27 Â°C / 25 Â°C,80 %,,9 km/h,-,993.27 hPa,12 mm,,2026,5
5/29/2026,36 Â°C / 26 Â°C,27 Â°C / 25 Â°C,76 %,,11 km/h,-,992.98 hPa,0 mm,,2026,5
5/28/2026,38 Â°C / 25 Â°C,27 Â°C / 24 Â°C,76 %,,11 km/h,-,994.23 hPa,23 mm,,2026,5
5/27/2026,37 Â°C / 28 Â°C,27 Â°C / 24 Â°C,68 %,,15 km/h,-,992.87 hPa,0 mm,,2026,5
5/26/2026,36 Â°C / 29 Â°C,26 Â°C / 24 Â°C,69 %,,19 km/h,-,994.42 hPa,0 mm,,2026,5
5/25/2026,37 Â°C / 27 Â°C,26 Â°C / 24 Â°C,70 %,,17 km/h,-,993.85 hPa,0 mm,,2026,5
5/24/2026,38 Â°C / 27 Â°C,27 Â°C / 25 Â°C,69 %,,17 km/h,-,993.93 hPa,0 mm,,2026,5
5/23/2026,36 Â°C / 26 Â°C,28 Â°C / 26 Â°C,81 %,,7 km/h,-,993.72 hPa,0.01 mm,,2026,5
5/22/2026,37 Â°C / 27 Â°C,27 Â°C / 26 Â°C,79 %,,17 km/h,-,992.7 hPa,4 mm,,2026,5
5/21/2026,36 Â°C / 26 Â°C,27 Â°C / 26 Â°C,83 %,,7 km/h,-,990.8 hPa,3 mm,,2026,5
5/20/2026,34 Â°C / 26 Â°C,28 Â°C / 25 Â°C,82 %,,17 km/h,-,988.08 hPa,2 mm,,2026,5
5/19/2026,36 Â°C / 26 Â°C,27 Â°C / 25 Â°C,88 %,,6 km/h,-,987.71 hPa,0 mm,,2026,5
5/18/2026,38 Â°C / 25 Â°C,27 Â°C / 24 Â°C,72 %,,15 km/h,-,988.6 hPa,16 mm,,2026,5
5/17/2026,38 Â°C / 27 Â°C,26 Â°C / 24 Â°C,65 %,,15 km/h,-,990.83 hPa,0 mm,,2026,5
5/16/2026,35 Â°C / 27 Â°C,26 Â°C / 24 Â°C,74 %,,19 km/h,-,991.1 hPa,0 mm,,2026,5
5/15/2026,32 Â°C / 27 Â°C,26 Â°C / 25 Â°C,79 %,,15 km/h,-,991.96 hPa,0 mm,,2026,5
5/14/2026,34 Â°C / 26 Â°C,27 Â°C / 23 Â°C,74 %,,15 km/h,-,990.56 hPa,3 mm,,2026,5
5/13/2026,37 Â°C / 26 Â°C,26 Â°C / 25 Â°C,80 %,,7 km/h,-,991.54 hPa,5 mm,,2026,5
5/12/2026,35 Â°C / 27 Â°C,27 Â°C / 24 Â°C,78 %,,13 km/h,-,993.83 hPa,0 mm,,2026,5
5/11/2026,36 Â°C / 26 Â°C,27 Â°C / 20 Â°C,73 %,,9 km/h,-,994.04 hPa,0.2 mm,,2026,5
5/10/2026,37 Â°C / 27 Â°C,27 Â°C / 24 Â°C,73 %,,7 km/h,-,993.84 hPa,1 mm,,2026,5
5/9/2026,34 Â°C / 26 Â°C,27 Â°C / 25 Â°C,76 %,,7 km/h,-,994.85 hPa,2.4 mm,,2026,5
5/8/2026,41 Â°C / 3 Â°C,26 Â°C / 23 Â°C,69 %,,15 km/h,-,994.34 hPa,6.8 mm,,2026,5
5/7/2026,41 Â°C / 3 Â°C,27 Â°C / 24 Â°C,64 %,,11 km/h,-,992.57 hPa,0 mm,,2026,5
5/6/2026,39 Â°C / 27 Â°C,26 Â°C / 23 Â°C,60 %,,13 km/h,-,993.55 hPa,0 mm,,2026,5
5/5/2026,37 Â°C / 25 Â°C,27 Â°C / 23 Â°C,74 %,,9 km/h,-,995.74 hPa,1 mm,,2026,5
5/4/2026,42 Â°C / 26 Â°C,24 Â°C / 19 Â°C,52 %,,11 km/h,-,994.79 hPa,0.2 mm,,2026,5
5/3/2026,39 Â°C / 27 Â°C,23 Â°C / 18 Â°C,51 %,,19 km/h,-,993.79 hPa,0 mm,,2026,5
5/2/2026,39 Â°C / 24 Â°C,24 Â°C / 18 Â°C,53 %,,11 km/h,-,993.33 hPa,0 mm,,2026,5
5/1/2026,39 Â°C / 24 Â°C,25 Â°C / 22 Â°C,72 %,,9 km/h,-,994.06 hPa,2 mm,,2026,5
6/30/2026,32 Â°C / 26 Â°C,26 Â°C / 24 Â°C,77 %,,19 km/h,-,990.89 hPa,0 mm,,2026,6
6/29/2026,36 Â°C / 27 Â°C,26 Â°C / 24 Â°C,69 %,,24 km/h,-,991.46 hPa,0 mm,,2026,6
6/28/2026,36 Â°C / 29 Â°C,26 Â°C / 24 Â°C,67 %,,22 km/h,-,992.1 hPa,0 mm,,2026,6
6/27/2026,37 Â°C / 28 Â°C,27 Â°C / 24 Â°C,70 %,,17 km/h,-,992.53 hPa,0 mm,,2026,6
6/26/2026,35 Â°C / 27 Â°C,26 Â°C / 23 Â°C,68 %,,19 km/h,-,993.25 hPa,0 mm,,2026,6
6/25/2026,36 Â°C / 28 Â°C,26 Â°C / 22 Â°C,69 %,,17 km/h,-,993.21 hPa,0 mm,,2026,6
6/24/2026,36 Â°C / 28 Â°C,27 Â°C / 24 Â°C,72 %,,13 km/h,-,992.47 hPa,0.6 mm,,2026,6
6/23/2026,36 Â°C / 28 Â°C,25 Â°C / 22 Â°C,67 %,,19 km/h,-,993.14 hPa,0 mm,,2026,6
6/22/2026,35 Â°C / 28 Â°C,26 Â°C / 24 Â°C,67 %,,20 km/h,-,995.2 hPa,0 mm,,2026,6
6/21/2026,34 Â°C / 28 Â°C,25 Â°C / 23 Â°C,67 %,,17 km/h,-,995.83 hPa,0 mm,,2026,6
6/20/2026,35 Â°C / 27 Â°C,26 Â°C / 24 Â°C,71 %,,17 km/h,-,994.32 hPa,0 mm,,2026,6
6/19/2026,34 Â°C / 27 Â°C,25 Â°C / 24 Â°C,71 %,,20 km/h,-,994.83 hPa,0 mm,,2026,6
6/18/2026,34 Â°C / 27 Â°C,26 Â°C / 23 Â°C,72 %,,19 km/h,-,995.26 hPa,0 mm,,2026,6
6/17/2026,33 Â°C / 26 Â°C,26 Â°C / 24 Â°C,75 %,,22 km/h,-,994.79 hPa,0 mm,,2026,6
6/16/2026,35 Â°C / 26 Â°C,27 Â°C / 24 Â°C,77 %,,15 km/h,-,994.15 hPa,5.2 mm,,2026,6
6/15/2026,35 Â°C / 26 Â°C,27 Â°C / 24 Â°C,75 %,,13 km/h,-,993.13 hPa,0 mm,,2026,6
6/14/2026,34 Â°C / 26 Â°C,27 Â°C / 24 Â°C,78 %,,11 km/h,-,993.83 hPa,3 mm,,2026,6
6/13/2026,34 Â°C / 26 Â°C,28 Â°C / 25 Â°C,83 %,,9 km/h,-,995.08 hPa,2 mm,,2026,6
6/12/2026,34 Â°C / 26 Â°C,27 Â°C / 26 Â°C,89 %,,6 km/h,-,995.48 hPa,26 mm,,2026,6
6/11/2026,34 Â°C / 27 Â°C,27 Â°C / 24 Â°C,87 %,,20 km/h,-,993.56 hPa,6 mm,,2026,6
6/10/2026,32 Â°C / 26 Â°C,27 Â°C / 26 Â°C,89 %,,13 km/h,-,991.35 hPa,24 mm,,2026,6
6/9/2026,35 Â°C / 27 Â°C,27 Â°C / 25 Â°C,78 %,,15 km/h,-,991.71 hPa,0.6 mm,,2026,6
6/8/2026,33 Â°C / 27 Â°C,27 Â°C / 24 Â°C,77 %,,15 km/h,-,992.21 hPa,0 mm,,2026,6
6/7/2026,33 Â°C / 27 Â°C,27 Â°C / 25 Â°C,79 %,,11 km/h,-,991.51 hPa,4.8 mm,,2026,6
6/6/2026,33 Â°C / 27 Â°C,28 Â°C / 25 Â°C,85 %,,7 km/h,-,989.81 hPa,21 mm,,2026,6
6/5/2026,34 Â°C / 27 Â°C,28 Â°C / 26 Â°C,87 %,,6 km/h,-,988.14 hPa,17.2 mm,,2026,6
6/4/2026,38 Â°C / 27 Â°C,28 Â°C / 24 Â°C,75 %,,11 km/h,-,988.81 hPa,1 mm,,2026,6
6/3/2026,39 Â°C / 28 Â°C,27 Â°C / 24 Â°C,68 %,,9 km/h,-,989.96 hPa,0 mm,,2026,6
6/2/2026,37 Â°C / 27 Â°C,27 Â°C / 25 Â°C,68 %,,7 km/h,-,991.48 hPa,0 mm,,2026,6
6/1/2026,37 Â°C / 27 Â°C,27 Â°C / 25 Â°C,76 %,,7 km/h,-,992.95 hPa,0 mm,,2026,6
7/31/2026,35 Â°C / 29 Â°C,26 Â°C / 24 Â°C,68 %,,20 km/h,-,991.26 hPa,0 mm,,2026,7
7/30/2026,33 Â°C / 28 Â°C,26 Â°C / 24 Â°C,71 %,,20 km/h,-,991.19 hPa,0 mm,,2026,7
7/29/2026,35 Â°C / 28 Â°C,26 Â°C / 24 Â°C,72 %,,17 km/h,-,991.46 hPa,0 mm,,2026,7
7/28/2026,34 Â°C / 26 Â°C,27 Â°C / 24 Â°C,72 %,,19 km/h,-,991.85 hPa,3.6 mm,,2026,7
7/27/2026,35 Â°C / 26 Â°C,25 Â°C / 24 Â°C,69 %,,19 km/h,-,991.39 hPa,0 mm,,2026,7
7/26/2026,35 Â°C / 29 Â°C,26 Â°C / 24 Â°C,68 %,,20 km/h,-,991.18 hPa,0 mm,,2026,7
7/25/2026,36 Â°C / 29 Â°C,26 Â°C / 24 Â°C,68 %,,20 km/h,-,990.42 hPa,0 mm,,2026,7
7/24/2026,35 Â°C / 29 Â°C,26 Â°C / 24 Â°C,70 %,,22 km/h,-,991.19 hPa,0.01 mm,,2026,7
7/23/2026,34 Â°C / 28 Â°C,26 Â°C / 24 Â°C,72 %,,19 km/h,-,992.75 hPa,0.01 mm,,2026,7
7/22/2026,33 Â°C / 27 Â°C,26 Â°C / 23 Â°C,73 %,,19 km/h,-,994.84 hPa,0 mm,,2026,7
7/21/2026,33 Â°C / 28 Â°C,24 Â°C / 22 Â°C,70 %,,15 km/h,-,995.05 hPa,0.01 mm,,2026,7
7/20/2026,35 Â°C / 28 Â°C,24 Â°C / 23 Â°C,65 %,,19 km/h,-,994.54 hPa,0 mm,,2026,7
7/19/2026,34 Â°C / 29 Â°C,24 Â°C / 22 Â°C,66 %,,17 km/h,-,994.22 hPa,0 mm,,2026,7
7/18/2026,34 Â°C / 28 Â°C,25 Â°C / 22 Â°C,69 %,,19 km/h,-,993.91 hPa,0 mm,,2026,7
7/17/2026,32 Â°C / 27 Â°C,26 Â°C / 22 Â°C,75 %,,19 km/h,-,994.31 hPa,0 mm,,2026,7
7/16/2026,32 Â°C / 26 Â°C,27 Â°C / 24 Â°C,80 %,,19 km/h,-,993.18 hPa,0 mm,,2026,7
7/15/2026,34 Â°C / 26 Â°C,26 Â°C / 24 Â°C,82 %,,11 km/h,-,992.18 hPa,6 mm,,2026,7
7/14/2026,34 Â°C / 26 Â°C,26 Â°C / 23 Â°C,77 %,,17 km/h,-,990.96 hPa,0 mm,,2026,7
7/13/2026,32 Â°C / 26 Â°C,25 Â°C / 23 Â°C,75 %,,19 km/h,-,990.14 hPa,0 mm,,2026,7
7/12/2026,32 Â°C / 28 Â°C,25 Â°C / 24 Â°C,74 %,,22 km/h,-,988.84 hPa,0.01 mm,,2026,7
7/11/2026,32 Â°C / 28 Â°C,26 Â°C / 24 Â°C,76 %,,17 km/h,-,990.54 hPa,0 mm,,2026,7
7/10/2026,31 Â°C / 26 Â°C,26 Â°C / 23 Â°C,77 %,,22 km/h,-,992.51 hPa,2.21 mm,,2026,7
7/9/2026,32 Â°C / 26 Â°C,25 Â°C / 23 Â°C,73 %,,20 km/h,-,993.48 hPa,0.01 mm,,2026,7
7/8/2026,31 Â°C / 28 Â°C,25 Â°C / 23 Â°C,72 %,,17 km/h,-,993.65 hPa,0 mm,,2026,7
7/7/2026,32 Â°C / 26 Â°C,26 Â°C / 24 Â°C,75 %,,19 km/h,-,992.55 hPa,1 mm,,2026,7
7/6/2026,33 Â°C / 27 Â°C,27 Â°C / 26 Â°C,80 %,,13 km/h,-,992.43 hPa,0 mm,,2026,7
7/5/2026,34 Â°C / 26 Â°C,27 Â°C / 24 Â°C,77 %,,15 km/h,-,992.29 hPa,4 mm,,2026,7
7/4/2026,33 Â°C / 27 Â°C,26 Â°C / 24 Â°C,75 %,,17 km/h,-,991.9 hPa,0 mm,,2026,7
7/3/2026,34 Â°C / 26 Â°C,27 Â°C / 24 Â°C,80 %,,11 km/h,-,990.04 hPa,25 mm,,2026,7
7/2/2026,36 Â°C / 27 Â°C,27 Â°C / 24 Â°C,76 %,,11 km/h,-,990.36 hPa,1 mm,,2026,7
7/1/2026,37 Â°C / 27 Â°C,26 Â°C / 24 Â°C,71 %,,20 km/h,-,990.71 hPa,0 mm,,2026,7
8/19/2026,32 Â°C / 29 Â°C,26 Â°C / 24 Â°C,72 %,,22 km/h,-,991.27 hPa,0 mm,,2026,8
8/18/2026,35 Â°C / 29 Â°C,26 Â°C / 24 Â°C,70 %,,19 km/h,-,993.14 hPa,0.01 mm,,2026,8
8/17/2026,36 Â°C / 27 Â°C,27 Â°C / 24 Â°C,73 %,,22 km/h,-,994.57 hPa,0 mm,,2026,8
8/16/2026,33 Â°C / 27 Â°C,27 Â°C / 24 Â°C,78 %,,15 km/h,-,993.79 hPa,0.21 mm,,2026,8
8/15/2026,33 Â°C / 27 Â°C,26 Â°C / 24 Â°C,75 %,,17 km/h,-,992.51 hPa,1.6 mm,,2026,8
8/14/2026,34 Â°C / 28 Â°C,26 Â°C / 24 Â°C,69 %,,19 km/h,-,991.79 hPa,0 mm,,2026,8
8/13/2026,32 Â°C / 29 Â°C,25 Â°C / 24 Â°C,74 %,,20 km/h,-,992.55 hPa,0 mm,,2026,8
8/12/2026,33 Â°C / 27 Â°C,26 Â°C / 24 Â°C,74 %,,19 km/h,-,993.16 hPa,0.2 mm,,2026,8
8/11/2026,32 Â°C / 28 Â°C,27 Â°C / 24 Â°C,79 %,,15 km/h,-,991.1 hPa,1 mm,,2026,8
8/10/2026,34 Â°C / 28 Â°C,26 Â°C / 25 Â°C,77 %,,17 km/h,-,990.81 hPa,0 mm,,2026,8
8/9/2026,33 Â°C / 28 Â°C,27 Â°C / 25 Â°C,75 %,,17 km/h,-,992.12 hPa,0 mm,,2026,8
8/8/2026,35 Â°C / 28 Â°C,27 Â°C / 25 Â°C,75 %,,15 km/h,-,991.8 hPa,0 mm,,2026,8
8/7/2026,36 Â°C / 27 Â°C,28 Â°C / 26 Â°C,79 %,,9 km/h,-,990.5 hPa,6 mm,,2026,8
8/6/2026,37 Â°C / 27 Â°C,26 Â°C / 25 Â°C,72 %,,15 km/h,-,990.43 hPa,0 mm,,2026,8
8/5/2026,34 Â°C / 28 Â°C,26 Â°C / 24 Â°C,71 %,,20 km/h,-,991.68 hPa,0 mm,,2026,8
8/4/2026,34 Â°C / 29 Â°C,25 Â°C / 24 Â°C,69 %,,20 km/h,-,993.35 hPa,0 mm,,2026,8
8/3/2026,35 Â°C / 27 Â°C,26 Â°C / 24 Â°C,69 %,,17 km/h,-,992.61 hPa,0 mm,,2026,8
8/2/2026,34 Â°C / 29 Â°C,27 Â°C / 24 Â°C,74 %,,13 km/h,-,991.94 hPa,0 mm,,2026,8
8/1/2026,35 Â°C / 29 Â°C,26 Â°C / 24 Â°C,69 %,,17 km/h,-,991.44 hPa,0 mm,,2026,8
